2026-07-10 09:48:54 [background-preinit] INFO  o.h.validator.internal.util.Version - HV000001: Hibernate Validator 9.0.1.Final
2026-07-10 09:48:54 [main] INFO  c.s.Seminar1.SeminarTeil1Application - Starting SeminarTeil1Application v0.0.1-SNAPSHOT using Java 17.0.19 with PID 1 (/app.jar started by root in /)
2026-07-10 09:48:54 [main] INFO  c.s.Seminar1.SeminarTeil1Application - No active profile set, falling back to 1 default profile: "default"
2026-07-10 09:48:56 [main] INFO  o.s.d.r.c.RepositoryConfigurationDelegate - Bootstrapping Spring Data MongoDB repositories in DEFAULT mode.
2026-07-10 09:48:56 [main] INFO  o.s.d.r.c.RepositoryConfigurationDelegate - Finished Spring Data repository scanning in 16 ms. Found 0 MongoDB repository interfaces.
2026-07-10 09:48:57 [main] INFO  o.s.boot.tomcat.TomcatWebServer - Tomcat initialized with port 80 (http)
2026-07-10 09:48:57 [main] INFO  o.a.coyote.http11.Http11NioProtocol - Initializing ProtocolHandler ["http-nio-80"]
2026-07-10 09:48:57 [main] INFO  o.a.catalina.core.StandardService - Starting service [Tomcat]
2026-07-10 09:48:57 [main] INFO  o.a.catalina.core.StandardEngine - Starting Servlet engine: [Apache Tomcat/11.0.21]
2026-07-10 09:48:57 [main] INFO  o.s.b.w.c.s.WebApplicationContextInitializer - Root WebApplicationContext: initialization completed in 2447 ms
2026-07-10 09:48:57 [main] INFO  i.m.c.i.push.PushMeterRegistry - publishing metrics for InfluxMeterRegistry every 15s
2026-07-10 09:48:57 [main] INFO  i.m.influx.InfluxMeterRegistry - Using InfluxDB API version V1 to write metrics
2026-07-10 09:48:57 [main] INFO  org.mongodb.driver.client - MongoClient with metadata {"driver": {"name": "mongo-java-driver|spring-boot|sync", "version": "5.6.5"}, "os": {"type": "Linux", "name": "Linux", "architecture": "amd64", "version": "5.15.153.1-microsoft-standard-WSL2"}, "platform": "Java/Eclipse Adoptium/17.0.19+10", "env": {"container": {"runtime": "docker"}}} created with settings MongoClientSettings{readPreference=primary, writeConcern=WriteConcern{w=null, wTimeout=null ms, journal=null}, retryWrites=true, retryReads=true, readConcern=ReadConcern{level=null}, credential=null, transportSettings=null, commandListeners=[io.micrometer.core.instrument.binder.mongodb.MongoMetricsCommandListener@1b52699c], codecRegistry=ProvidersCodecRegistry{codecProviders=[ValueCodecProvider{}, BsonValueCodecProvider{}, DBRefCodecProvider{}, DBObjectCodecProvider{}, DocumentCodecProvider{}, CollectionCodecProvider{}, IterableCodecProvider{}, MapCodecProvider{}, GeoJsonCodecProvider{}, GridFSFileCodecProvider{}, Jsr310CodecProvider{}, JsonObjectCodecProvider{}, BsonCodecProvider{}, com.mongodb.client.model.mql.ExpressionCodecProvider@dbed7fd, com.mongodb.Jep395RecordCodecProvider@250d440, com.mongodb.KotlinCodecProvider@76c86567, EnumCodecProvider{}]}, loggerSettings=LoggerSettings{maxDocumentLength=1000}, clusterSettings={hosts=[mongodb:27017], srvServiceName=mongodb, mode=SINGLE, requiredClusterType=UNKNOWN, requiredReplicaSetName='null', serverSelector='null', clusterListeners='[]', serverSelectionTimeout='30000 ms', localThreshold='15 ms'}, socketSettings=SocketSettings{connectTimeoutMS=10000, readTimeoutMS=0, receiveBufferSize=0, proxySettings=ProxySettings{host=null, port=null, username=null, password=null}}, heartbeatSocketSettings=SocketSettings{connectTimeoutMS=10000, readTimeoutMS=10000, receiveBufferSize=0, proxySettings=ProxySettings{host=null, port=null, username=null, password=null}}, connectionPoolSettings=ConnectionPoolSettings{maxSize=100, minSize=0, maxWaitTimeMS=120000, maxConnectionLifeTimeMS=0, maxConnectionIdleTimeMS=0, maintenanceInitialDelayMS=0, maintenanceFrequencyMS=60000, connectionPoolListeners=[io.micrometer.core.instrument.binder.mongodb.MongoMetricsConnectionPoolListener@7e5efcab], maxConnecting=2}, serverSettings=ServerSettings{heartbeatFrequencyMS=10000, minHeartbeatFrequencyMS=500, serverMonitoringMode=AUTO, serverListeners='[]', serverMonitorListeners='[]'}, sslSettings=SslSettings{enabled=false, invalidHostNameAllowed=false, context=null}, applicationName='null', compressorList=[], uuidRepresentation=UNSPECIFIED, serverApi=null, autoEncryptionSettings=null, dnsClient=null, inetAddressResolver=null, contextProvider=null, timeoutMS=null}
2026-07-10 09:48:57 [cluster-ClusterId{value='6a50c0091f980fc39a9e8d85', description='null'}-mongodb:27017] INFO  org.mongodb.driver.cluster - Monitor thread successfully connected to server with description ServerDescription{address=mongodb:27017, type=REPLICA_SET_PRIMARY, cryptd=false, state=CONNECTED, ok=true, minWireVersion=0, maxWireVersion=21, maxDocumentSize=16777216, logicalSessionTimeoutMinutes=30, roundTripTimeNanos=41825305, minRoundTripTimeNanos=0, setName='rs0', canonicalAddress=mongodb:27017, hosts=[mongodb:27017], passives=[], arbiters=[], primary='mongodb:27017', tagSet=TagSet{[]}, electionId=7fffffff0000000000000043, setVersion=1, topologyVersion=TopologyVersion{processId=6a50c004f46046e7936b18cc, counter=6}, lastWriteDate=Fri Jul 10 09:48:53 UTC 2026, lastUpdateTimeNanos=26120662855}
2026-07-10 09:49:11 [main] WARN  o.s.b.w.s.s.c.AnnotationConfigServletWebServerApplicationContext - Exception encountered during context initialization - cancelling refresh attempt: org.springframework.beans.factory.UnsatisfiedDependencyException: Error creating bean with name 'wagoController' defined in URL [jar:nested:/app.jar/!BOOT-INF/classes/!/com/seminar1/Seminar1/controller/WagoController.class]: Unsatisfied dependency expressed through constructor parameter 0: Error creating bean with name 'mqttService': Invocation of init method failed
2026-07-10 09:50:36 [background-preinit] INFO  o.h.validator.internal.util.Version - HV000001: Hibernate Validator 9.0.1.Final
2026-07-10 09:50:37 [main] INFO  c.s.Seminar1.SeminarTeil1Application - Starting SeminarTeil1Application v0.0.1-SNAPSHOT using Java 17.0.19 with PID 1 (/app.jar started by root in /)
2026-07-10 09:50:37 [main] INFO  c.s.Seminar1.SeminarTeil1Application - No active profile set, falling back to 1 default profile: "default"
2026-07-10 09:50:38 [main] INFO  o.s.d.r.c.RepositoryConfigurationDelegate - Bootstrapping Spring Data MongoDB repositories in DEFAULT mode.
2026-07-10 09:50:38 [main] INFO  o.s.d.r.c.RepositoryConfigurationDelegate - Finished Spring Data repository scanning in 19 ms. Found 0 MongoDB repository interfaces.
2026-07-10 09:50:38 [main] INFO  o.s.boot.tomcat.TomcatWebServer - Tomcat initialized with port 80 (http)
2026-07-10 09:50:38 [main] INFO  o.a.coyote.http11.Http11NioProtocol - Initializing ProtocolHandler ["http-nio-80"]
2026-07-10 09:50:38 [main] INFO  o.a.catalina.core.StandardService - Starting service [Tomcat]
2026-07-10 09:50:38 [main] INFO  o.a.catalina.core.StandardEngine - Starting Servlet engine: [Apache Tomcat/11.0.21]
2026-07-10 09:50:38 [main] INFO  o.s.b.w.c.s.WebApplicationContextInitializer - Root WebApplicationContext: initialization completed in 1670 ms
2026-07-10 09:50:38 [main] INFO  i.m.c.i.push.PushMeterRegistry - publishing metrics for InfluxMeterRegistry every 15s
2026-07-10 09:50:38 [main] INFO  i.m.influx.InfluxMeterRegistry - Using InfluxDB API version V1 to write metrics
2026-07-10 09:50:39 [main] INFO  org.mongodb.driver.client - MongoClient with metadata {"driver": {"name": "mongo-java-driver|spring-boot|sync", "version": "5.6.5"}, "os": {"type": "Linux", "name": "Linux", "architecture": "amd64", "version": "5.15.153.1-microsoft-standard-WSL2"}, "platform": "Java/Eclipse Adoptium/17.0.19+10", "env": {"container": {"runtime": "docker"}}} created with settings MongoClientSettings{readPreference=primary, writeConcern=WriteConcern{w=null, wTimeout=null ms, journal=null}, retryWrites=true, retryReads=true, readConcern=ReadConcern{level=null}, credential=null, transportSettings=null, commandListeners=[io.micrometer.core.instrument.binder.mongodb.MongoMetricsCommandListener@1d2fb82], codecRegistry=ProvidersCodecRegistry{codecProviders=[ValueCodecProvider{}, BsonValueCodecProvider{}, DBRefCodecProvider{}, DBObjectCodecProvider{}, DocumentCodecProvider{}, CollectionCodecProvider{}, IterableCodecProvider{}, MapCodecProvider{}, GeoJsonCodecProvider{}, GridFSFileCodecProvider{}, Jsr310CodecProvider{}, JsonObjectCodecProvider{}, BsonCodecProvider{}, com.mongodb.client.model.mql.ExpressionCodecProvider@34045582, com.mongodb.Jep395RecordCodecProvider@3db65c0d, com.mongodb.KotlinCodecProvider@1edccfd4, EnumCodecProvider{}]}, loggerSettings=LoggerSettings{maxDocumentLength=1000}, clusterSettings={hosts=[mongodb:27017], srvServiceName=mongodb, mode=SINGLE, requiredClusterType=UNKNOWN, requiredReplicaSetName='null', serverSelector='null', clusterListeners='[]', serverSelectionTimeout='30000 ms', localThreshold='15 ms'}, socketSettings=SocketSettings{connectTimeoutMS=10000, readTimeoutMS=0, receiveBufferSize=0, proxySettings=ProxySettings{host=null, port=null, username=null, password=null}}, heartbeatSocketSettings=SocketSettings{connectTimeoutMS=10000, readTimeoutMS=10000, receiveBufferSize=0, proxySettings=ProxySettings{host=null, port=null, username=null, password=null}}, connectionPoolSettings=ConnectionPoolSettings{maxSize=100, minSize=0, maxWaitTimeMS=120000, maxConnectionLifeTimeMS=0, maxConnectionIdleTimeMS=0, maintenanceInitialDelayMS=0, maintenanceFrequencyMS=60000, connectionPoolListeners=[io.micrometer.core.instrument.binder.mongodb.MongoMetricsConnectionPoolListener@8c43966], maxConnecting=2}, serverSettings=ServerSettings{heartbeatFrequencyMS=10000, minHeartbeatFrequencyMS=500, serverMonitoringMode=AUTO, serverListeners='[]', serverMonitorListeners='[]'}, sslSettings=SslSettings{enabled=false, invalidHostNameAllowed=false, context=null}, applicationName='null', compressorList=[], uuidRepresentation=UNSPECIFIED, serverApi=null, autoEncryptionSettings=null, dnsClient=null, inetAddressResolver=null, contextProvider=null, timeoutMS=null}
2026-07-10 09:50:39 [cluster-ClusterId{value='6a50c06f13040afcd26a5f4d', description='null'}-mongodb:27017] INFO  org.mongodb.driver.cluster - Monitor thread successfully connected to server with description ServerDescription{address=mongodb:27017, type=REPLICA_SET_PRIMARY, cryptd=false, state=CONNECTED, ok=true, minWireVersion=0, maxWireVersion=21, maxDocumentSize=16777216, logicalSessionTimeoutMinutes=30, roundTripTimeNanos=26401762, minRoundTripTimeNanos=0, setName='rs0', canonicalAddress=mongodb:27017, hosts=[mongodb:27017], passives=[], arbiters=[], primary='mongodb:27017', tagSet=TagSet{[]}, electionId=7fffffff0000000000000044, setVersion=1, topologyVersion=TopologyVersion{processId=6a50c06aa541a15ca172a507, counter=6}, lastWriteDate=Fri Jul 10 09:50:35 UTC 2026, lastUpdateTimeNanos=127616140252}
2026-07-10 09:50:40 [main] WARN  o.s.b.w.s.s.c.AnnotationConfigServletWebServerApplicationContext - Exception encountered during context initialization - cancelling refresh attempt: org.springframework.beans.factory.UnsatisfiedDependencyException: Error creating bean with name 'wagoController' defined in URL [jar:nested:/app.jar/!BOOT-INF/classes/!/com/seminar1/Seminar1/controller/WagoController.class]: Unsatisfied dependency expressed through constructor parameter 0: Error creating bean with name 'mqttService': Invocation of init method failed
2026-07-10 09:50:49 [background-preinit] INFO  o.h.validator.internal.util.Version - HV000001: Hibernate Validator 9.0.1.Final
2026-07-10 09:50:49 [main] INFO  c.s.Seminar1.SeminarTeil1Application - Starting SeminarTeil1Application v0.0.1-SNAPSHOT using Java 17.0.19 with PID 1 (/app.jar started by root in /)
2026-07-10 09:50:49 [main] INFO  c.s.Seminar1.SeminarTeil1Application - No active profile set, falling back to 1 default profile: "default"
2026-07-10 09:50:51 [main] INFO  o.s.d.r.c.RepositoryConfigurationDelegate - Bootstrapping Spring Data MongoDB repositories in DEFAULT mode.
2026-07-10 09:50:51 [main] INFO  o.s.d.r.c.RepositoryConfigurationDelegate - Finished Spring Data repository scanning in 11 ms. Found 0 MongoDB repository interfaces.
2026-07-10 09:50:51 [main] INFO  o.s.boot.tomcat.TomcatWebServer - Tomcat initialized with port 80 (http)
2026-07-10 09:50:51 [main] INFO  o.a.coyote.http11.Http11NioProtocol - Initializing ProtocolHandler ["http-nio-80"]
2026-07-10 09:50:51 [main] INFO  o.a.catalina.core.StandardService - Starting service [Tomcat]
2026-07-10 09:50:51 [main] INFO  o.a.catalina.core.StandardEngine - Starting Servlet engine: [Apache Tomcat/11.0.21]
2026-07-10 09:50:51 [main] INFO  o.s.b.w.c.s.WebApplicationContextInitializer - Root WebApplicationContext: initialization completed in 1685 ms
2026-07-10 09:50:51 [main] INFO  i.m.c.i.push.PushMeterRegistry - publishing metrics for InfluxMeterRegistry every 15s
2026-07-10 09:50:51 [main] INFO  i.m.influx.InfluxMeterRegistry - Using InfluxDB API version V1 to write metrics
2026-07-10 09:50:52 [main] INFO  org.mongodb.driver.client - MongoClient with metadata {"driver": {"name": "mongo-java-driver|spring-boot|sync", "version": "5.6.5"}, "os": {"type": "Linux", "name": "Linux", "architecture": "amd64", "version": "5.15.153.1-microsoft-standard-WSL2"}, "platform": "Java/Eclipse Adoptium/17.0.19+10", "env": {"container": {"runtime": "docker"}}} created with settings MongoClientSettings{readPreference=primary, writeConcern=WriteConcern{w=null, wTimeout=null ms, journal=null}, retryWrites=true, retryReads=true, readConcern=ReadConcern{level=null}, credential=null, transportSettings=null, commandListeners=[io.micrometer.core.instrument.binder.mongodb.MongoMetricsCommandListener@1d2fb82], codecRegistry=ProvidersCodecRegistry{codecProviders=[ValueCodecProvider{}, BsonValueCodecProvider{}, DBRefCodecProvider{}, DBObjectCodecProvider{}, DocumentCodecProvider{}, CollectionCodecProvider{}, IterableCodecProvider{}, MapCodecProvider{}, GeoJsonCodecProvider{}, GridFSFileCodecProvider{}, Jsr310CodecProvider{}, JsonObjectCodecProvider{}, BsonCodecProvider{}, com.mongodb.client.model.mql.ExpressionCodecProvider@34045582, com.mongodb.Jep395RecordCodecProvider@3db65c0d, com.mongodb.KotlinCodecProvider@1edccfd4, EnumCodecProvider{}]}, loggerSettings=LoggerSettings{maxDocumentLength=1000}, clusterSettings={hosts=[mongodb:27017], srvServiceName=mongodb, mode=SINGLE, requiredClusterType=UNKNOWN, requiredReplicaSetName='null', serverSelector='null', clusterListeners='[]', serverSelectionTimeout='30000 ms', localThreshold='15 ms'}, socketSettings=SocketSettings{connectTimeoutMS=10000, readTimeoutMS=0, receiveBufferSize=0, proxySettings=ProxySettings{host=null, port=null, username=null, password=null}}, heartbeatSocketSettings=SocketSettings{connectTimeoutMS=10000, readTimeoutMS=10000, receiveBufferSize=0, proxySettings=ProxySettings{host=null, port=null, username=null, password=null}}, connectionPoolSettings=ConnectionPoolSettings{maxSize=100, minSize=0, maxWaitTimeMS=120000, maxConnectionLifeTimeMS=0, maxConnectionIdleTimeMS=0, maintenanceInitialDelayMS=0, maintenanceFrequencyMS=60000, connectionPoolListeners=[io.micrometer.core.instrument.binder.mongodb.MongoMetricsConnectionPoolListener@8c43966], maxConnecting=2}, serverSettings=ServerSettings{heartbeatFrequencyMS=10000, minHeartbeatFrequencyMS=500, serverMonitoringMode=AUTO, serverListeners='[]', serverMonitorListeners='[]'}, sslSettings=SslSettings{enabled=false, invalidHostNameAllowed=false, context=null}, applicationName='null', compressorList=[], uuidRepresentation=UNSPECIFIED, serverApi=null, autoEncryptionSettings=null, dnsClient=null, inetAddressResolver=null, contextProvider=null, timeoutMS=null}
2026-07-10 09:50:52 [cluster-ClusterId{value='6a50c07bf94a5a0041fadcab', description='null'}-mongodb:27017] INFO  org.mongodb.driver.cluster - Monitor thread successfully connected to server with description ServerDescription{address=mongodb:27017, type=REPLICA_SET_PRIMARY, cryptd=false, state=CONNECTED, ok=true, minWireVersion=0, maxWireVersion=21, maxDocumentSize=16777216, logicalSessionTimeoutMinutes=30, roundTripTimeNanos=35469104, minRoundTripTimeNanos=0, setName='rs0', canonicalAddress=mongodb:27017, hosts=[mongodb:27017], passives=[], arbiters=[], primary='mongodb:27017', tagSet=TagSet{[]}, electionId=7fffffff0000000000000045, setVersion=1, topologyVersion=TopologyVersion{processId=6a50c0774a5bd870af2be71d, counter=6}, lastWriteDate=Fri Jul 10 09:50:48 UTC 2026, lastUpdateTimeNanos=140470971099}
2026-07-10 09:50:52 [MQTT Call: paho140732367419] INFO  o.s.b.f.s.DefaultListableBeanFactory - Obtaining singleton bean 'startupTimeMetrics' in thread "MQTT Call: paho140732367419" while other thread holds singleton lock for other beans [mqttService, wagoController]
2026-07-10 09:50:52 [MQTT Call: paho140732367419] INFO  o.s.b.f.s.DefaultListableBeanFactory - Obtaining singleton bean 'org.springframework.boot.micrometer.metrics.autoconfigure.startup.StartupTimeMetricsListenerAutoConfiguration' in thread "MQTT Call: paho140732367419" while other thread holds singleton lock for other beans [mqttService, wagoController]
2026-07-10 09:50:53 [main] INFO  c.s.Seminar1.services.MqttService - MQTT-Microservice gestartet und mit Broker verbunden: tcp://sr-labor.ddns.net:1883
2026-07-10 09:50:53 [MQTT Call: paho140732367419] INFO  c.s.Seminar1.services.MqttService - Gespeichert - Temperatur Soll: 26.55
2026-07-10 09:50:53 [MQTT Call: paho140732367419] INFO  c.s.Seminar1.services.MqttService - Gespeichert - Temperatur Ist: 26.21
2026-07-10 09:50:53 [MQTT Call: paho140732367419] INFO  c.s.Seminar1.services.MqttService - Gespeichert - Temperatur Differenz: -0.34
2026-07-10 09:50:53 [MQTT Call: paho140732367419] INFO  c.s.Seminar1.services.MqttService - Gespeichert - GPS Position
2026-07-10 09:50:53 [MQTT Call: paho140732367419] INFO  c.s.Seminar1.services.MqttService - Gespeichert - Wago750 Status: 255.0
2026-07-10 09:50:53 [MQTT Call: paho140732367419] INFO  c.s.Seminar1.services.MqttService - Gespeichert - Wago750 Control: 0
2026-07-10 09:50:53 [main] INFO  o.s.b.a.e.web.EndpointLinksResolver - Exposing 3 endpoints beneath base path '/actuator'
2026-07-10 09:50:53 [main] INFO  o.a.coyote.http11.Http11NioProtocol - Starting ProtocolHandler ["http-nio-80"]
2026-07-10 09:50:53 [main] INFO  o.s.boot.tomcat.TomcatWebServer - Tomcat started on port 80 (http) with context path '/'
2026-07-10 09:50:53 [main] INFO  c.s.Seminar1.SeminarTeil1Application - Started SeminarTeil1Application in 5.122 seconds (process running for 6.025)
2026-07-10 09:50:54 [main] INFO  c.s.Seminar1.SeminarTeil1Application - MQTT-Microservice gestartet.
2026-07-10 09:51:35 [MQTT Call: paho140732367419] INFO  c.s.Seminar1.services.MqttService - Gespeichert - Wago750 Control: 1
2026-07-10 09:51:45 [MQTT Call: paho140732367419] INFO  c.s.Seminar1.services.MqttService - Gespeichert - Wago750 Control: 2
2026-07-10 09:51:46 [MQTT Call: paho140732367419] INFO  c.s.Seminar1.services.MqttService - Gespeichert - Temperatur Ist: 26.38
2026-07-10 09:51:49 [MQTT Call: paho140732367419] INFO  c.s.Seminar1.services.MqttService - Gespeichert - Temperatur Ist: 26.39
2026-07-10 09:51:55 [MQTT Call: paho140732367419] INFO  c.s.Seminar1.services.MqttService - Gespeichert - Wago750 Status: 0.0
2026-07-10 09:52:04 [http-nio-80-exec-1] INFO  o.a.c.c.C.[Tomcat].[localhost].[/] - Initializing Spring DispatcherServlet 'dispatcherServlet'
2026-07-10 09:52:04 [http-nio-80-exec-1] INFO  o.s.web.servlet.DispatcherServlet - Initializing Servlet 'dispatcherServlet'
2026-07-10 09:52:04 [http-nio-80-exec-1] INFO  o.s.web.servlet.DispatcherServlet - Completed initialization in 5 ms
2026-07-10 09:52:04 [http-nio-80-exec-1] INFO  c.s.Seminar1.services.MqttService - MQTT-Nachricht gesendet -> Topic: 'Wago750/Control', Payload: '1'
2026-07-10 09:52:04 [http-nio-80-exec-1] INFO  c.s.S.controller.WagoController - POST /wago/control - Steuerbefehl empfangen: 1
2026-07-10 09:52:05 [MQTT Call: paho140732367419] INFO  c.s.Seminar1.services.MqttService - Gespeichert - Wago750 Control: 1
2026-07-10 09:52:05 [MQTT Call: paho140732367419] INFO  c.s.Seminar1.services.MqttService - Gespeichert - Wago750 Status: 255.0
2026-07-10 09:52:06 [MQTT Call: paho140732367419] INFO  c.s.Seminar1.services.MqttService - Gespeichert - Wago750 Status: 65280.0
2026-07-10 09:52:09 [MQTT Call: paho140732367419] INFO  c.s.Seminar1.services.MqttService - Gespeichert - Wago750 Status: 255.0
2026-07-10 09:52:09 [MQTT Call: paho140732367419] INFO  c.s.Seminar1.services.MqttService - Gespeichert - Temperatur Ist: 26.42
2026-07-10 09:52:09 [MQTT Call: paho140732367419] INFO  c.s.Seminar1.services.MqttService - Gespeichert - Wago750 Status: 65280.0
2026-07-10 09:52:09 [MQTT Call: paho140732367419] INFO  c.s.Seminar1.services.MqttService - Gespeichert - Temperatur Soll: 26.65
2026-07-10 09:52:14 [MQTT Call: paho140732367419] INFO  c.s.Seminar1.services.MqttService - Gespeichert - Wago750 Status: 255.0
2026-07-10 09:52:14 [MQTT Call: paho140732367419] INFO  c.s.Seminar1.services.MqttService - Gespeichert - Temperatur Differenz: -0.23
2026-07-10 09:52:14 [MQTT Call: paho140732367419] INFO  c.s.Seminar1.services.MqttService - Gespeichert - Wago750 Status: 65280.0
2026-07-10 09:52:15 [MQTT Call: paho140732367419] INFO  c.s.Seminar1.services.MqttService - Gespeichert - Wago750 Status: 255.0
2026-07-10 09:52:15 [MQTT Call: paho140732367419] INFO  c.s.Seminar1.services.MqttService - Gespeichert - Wago750 Status: 65280.0
2026-07-10 09:52:15 [MQTT Call: paho140732367419] INFO  c.s.Seminar1.services.MqttService - Gespeichert - Wago750 Status: 255.0
2026-07-10 09:52:15 [MQTT Call: paho140732367419] INFO  c.s.Seminar1.services.MqttService - Gespeichert - Wago750 Status: 65280.0
2026-07-10 09:52:15 [MQTT Call: paho140732367419] INFO  c.s.Seminar1.services.MqttService - Gespeichert - Wago750 Control: 2
2026-07-10 09:52:20 [MQTT Call: paho140732367419] INFO  c.s.Seminar1.services.MqttService - Gespeichert - Wago750 Status: 1.0
2026-07-10 09:52:20 [MQTT Call: paho140732367419] INFO  c.s.Seminar1.services.MqttService - Gespeichert - Wago750 Status: 2.0
2026-07-10 09:52:28 [MQTT Call: paho140732367419] INFO  c.s.Seminar1.services.MqttService - Gespeichert - Wago750 Status: 4.0
2026-07-10 09:52:28 [MQTT Call: paho140732367419] INFO  c.s.Seminar1.services.MqttService - Gespeichert - Wago750 Status: 8.0
2026-07-10 09:52:28 [MQTT Call: paho140732367419] INFO  c.s.Seminar1.services.MqttService - Gespeichert - Wago750 Status: 16.0
2026-07-10 09:52:28 [MQTT Call: paho140732367419] INFO  c.s.Seminar1.services.MqttService - Gespeichert - Wago750 Status: 32.0
2026-07-10 09:52:28 [MQTT Call: paho140732367419] INFO  c.s.Seminar1.services.MqttService - Gespeichert - Temperatur Differenz: -0.26
2026-07-10 09:52:28 [MQTT Call: paho140732367419] INFO  c.s.Seminar1.services.MqttService - Gespeichert - Wago750 Status: 64.0
2026-07-10 09:52:28 [MQTT Call: paho140732367419] INFO  c.s.Seminar1.services.MqttService - Gespeichert - Temperatur Differenz: -0.23
2026-07-10 09:52:28 [MQTT Call: paho140732367419] INFO  c.s.Seminar1.services.MqttService - Gespeichert - Wago750 Status: 128.0
2026-07-10 09:52:28 [MQTT Call: paho140732367419] INFO  c.s.Seminar1.services.MqttService - Gespeichert - Wago750 Status: 32768.0
2026-07-10 09:52:28 [MQTT Call: paho140732367419] INFO  c.s.Seminar1.services.MqttService - Gespeichert - Temperatur Soll: 26.68
2026-07-10 09:52:28 [MQTT Call: paho140732367419] INFO  c.s.Seminar1.services.MqttService - Gespeichert - Wago750 Status: 16384.0
2026-07-10 09:52:28 [MQTT Call: paho140732367419] INFO  c.s.Seminar1.services.MqttService - Gespeichert - Temperatur Differenz: -0.24
2026-07-10 09:52:28 [MQTT Call: paho140732367419] INFO  c.s.Seminar1.services.MqttService - Gespeichert - Wago750 Status: 8192.0
2026-07-10 09:52:28 [MQTT Call: paho140732367419] INFO  c.s.Seminar1.services.MqttService - Gespeichert - Temperatur Ist: 26.44
2026-07-10 09:52:28 [MQTT Call: paho140732367419] INFO  c.s.Seminar1.services.MqttService - Gespeichert - Wago750 Status: 4096.0
2026-07-10 09:52:28 [MQTT Call: paho140732367419] INFO  c.s.Seminar1.services.MqttService - Gespeichert - Wago750 Status: 2048.0
2026-07-10 09:52:28 [MQTT Call: paho140732367419] INFO  c.s.Seminar1.services.MqttService - Gespeichert - Wago750 Status: 1024.0
2026-07-10 09:52:29 [MQTT Call: paho140732367419] INFO  c.s.Seminar1.services.MqttService - Gespeichert - Wago750 Status: 512.0
2026-07-10 09:52:30 [MQTT Call: paho140732367419] INFO  c.s.Seminar1.services.MqttService - Gespeichert - Wago750 Status: 256.0
2026-07-10 09:52:31 [MQTT Call: paho140732367419] INFO  c.s.Seminar1.services.MqttService - Gespeichert - Wago750 Status: 1.0
2026-07-10 09:52:32 [MQTT Call: paho140732367419] INFO  c.s.Seminar1.services.MqttService - Gespeichert - Wago750 Status: 2.0
2026-07-10 09:52:33 [MQTT Call: paho140732367419] INFO  c.s.Seminar1.services.MqttService - Gespeichert - Wago750 Status: 4.0
2026-07-10 09:52:34 [MQTT Call: paho140732367419] INFO  c.s.Seminar1.services.MqttService - Gespeichert - Wago750 Status: 8.0
2026-07-10 09:52:35 [MQTT Call: paho140732367419] INFO  c.s.Seminar1.services.MqttService - Gespeichert - Wago750 Status: 16.0
2026-07-10 09:52:36 [MQTT Call: paho140732367419] INFO  c.s.Seminar1.services.MqttService - Gespeichert - Wago750 Status: 32.0
2026-07-10 09:52:37 [MQTT Call: paho140732367419] INFO  c.s.Seminar1.services.MqttService - Gespeichert - Wago750 Status: 64.0
2026-07-10 09:52:38 [MQTT Call: paho140732367419] INFO  c.s.Seminar1.services.MqttService - Gespeichert - Wago750 Status: 128.0
2026-07-10 09:52:39 [MQTT Call: paho140732367419] INFO  c.s.Seminar1.services.MqttService - Gespeichert - Wago750 Status: 32768.0
2026-07-10 09:52:40 [MQTT Call: paho140732367419] INFO  c.s.Seminar1.services.MqttService - Gespeichert - Wago750 Status: 16384.0
2026-07-10 09:52:41 [MQTT Call: paho140732367419] INFO  c.s.Seminar1.services.MqttService - Gespeichert - Wago750 Status: 8192.0
2026-07-10 09:52:42 [MQTT Call: paho140732367419] INFO  c.s.Seminar1.services.MqttService - Gespeichert - Wago750 Status: 4096.0
2026-07-10 09:52:43 [MQTT Call: paho140732367419] INFO  c.s.Seminar1.services.MqttService - Gespeichert - Wago750 Status: 2048.0
2026-07-10 09:52:43 [MQTT Call: paho140732367419] INFO  c.s.Seminar1.services.MqttService - Gespeichert - Temperatur Differenz: -0.23
2026-07-10 09:52:43 [MQTT Call: paho140732367419] INFO  c.s.Seminar1.services.MqttService - Gespeichert - Temperatur Ist: 26.45
2026-07-10 09:52:44 [http-nio-80-exec-3] INFO  c.s.Seminar1.services.MqttService - MQTT-Nachricht gesendet -> Topic: 'Wago750/Control', Payload: '1'
2026-07-10 09:52:44 [http-nio-80-exec-3] INFO  c.s.S.controller.WagoController - POST /wago/control - Steuerbefehl empfangen: 1
2026-07-10 09:52:44 [MQTT Call: paho140732367419] INFO  c.s.Seminar1.services.MqttService - Gespeichert - Wago750 Control: 1
2026-07-10 09:52:44 [MQTT Call: paho140732367419] INFO  c.s.Seminar1.services.MqttService - Gespeichert - Wago750 Status: 255.0
2026-07-10 09:52:45 [MQTT Call: paho140732367419] INFO  c.s.Seminar1.services.MqttService - Gespeichert - Wago750 Status: 65280.0
2026-07-10 09:52:46 [MQTT Call: paho140732367419] INFO  c.s.Seminar1.services.MqttService - Gespeichert - Wago750 Status: 255.0
2026-07-10 09:52:47 [MQTT Call: paho140732367419] INFO  c.s.Seminar1.services.MqttService - Gespeichert - Wago750 Status: 65280.0
2026-07-10 09:52:48 [MQTT Call: paho140732367419] INFO  c.s.Seminar1.services.MqttService - Gespeichert - Wago750 Status: 255.0
2026-07-10 09:52:49 [MQTT Call: paho140732367419] INFO  c.s.Seminar1.services.MqttService - Gespeichert - Wago750 Status: 65280.0
2026-07-10 09:52:50 [MQTT Call: paho140732367419] INFO  c.s.Seminar1.services.MqttService - Gespeichert - Wago750 Status: 255.0
2026-07-10 09:52:50 [MQTT Call: paho140732367419] INFO  c.s.Seminar1.services.MqttService - Gespeichert - Temperatur Differenz: -0.24
2026-07-10 09:52:51 [MQTT Call: paho140732367419] INFO  c.s.Seminar1.services.MqttService - Gespeichert - Temperatur Soll: 26.69
2026-07-10 09:52:51 [MQTT Call: paho140732367419] INFO  c.s.Seminar1.services.MqttService - Gespeichert - Wago750 Status: 65280.0
2026-07-10 09:52:52 [MQTT Call: paho140732367419] INFO  c.s.Seminar1.services.MqttService - Gespeichert - Wago750 Status: 255.0
2026-07-10 09:52:53 [MQTT Call: paho140732367419] INFO  c.s.Seminar1.services.MqttService - Gespeichert - Wago750 Status: 65280.0
2026-07-10 09:52:54 [MQTT Call: paho140732367419] INFO  c.s.Seminar1.services.MqttService - Gespeichert - Wago750 Status: 255.0
2026-07-10 09:52:55 [MQTT Call: paho140732367419] INFO  c.s.Seminar1.services.MqttService - Gespeichert - Wago750 Status: 65280.0
2026-07-10 09:52:56 [MQTT Call: paho140732367419] INFO  c.s.Seminar1.services.MqttService - Gespeichert - Wago750 Status: 255.0
2026-07-10 09:52:57 [MQTT Call: paho140732367419] INFO  c.s.Seminar1.services.MqttService - Gespeichert - Wago750 Status: 65280.0
2026-07-10 09:52:58 [MQTT Call: paho140732367419] INFO  c.s.Seminar1.services.MqttService - Gespeichert - Wago750 Status: 255.0
2026-07-10 09:52:59 [MQTT Call: paho140732367419] INFO  c.s.Seminar1.services.MqttService - Gespeichert - Wago750 Status: 65280.0
2026-07-10 09:53:00 [MQTT Call: paho140732367419] INFO  c.s.Seminar1.services.MqttService - Gespeichert - Wago750 Status: 255.0
2026-07-10 09:53:01 [MQTT Call: paho140732367419] INFO  c.s.Seminar1.services.MqttService - Gespeichert - Wago750 Status: 65280.0
2026-07-10 09:53:02 [MQTT Call: paho140732367419] INFO  c.s.Seminar1.services.MqttService - Gespeichert - Wago750 Status: 255.0
2026-07-10 09:53:02 [MQTT Call: paho140732367419] INFO  c.s.Seminar1.services.MqttService - Gespeichert - Temperatur Differenz: -0.21
2026-07-10 09:53:02 [MQTT Call: paho140732367419] INFO  c.s.Seminar1.services.MqttService - Gespeichert - Temperatur Ist: 26.48
2026-07-10 09:53:03 [MQTT Call: paho140732367419] INFO  c.s.Seminar1.services.MqttService - Gespeichert - Wago750 Status: 65280.0
2026-07-10 09:53:03 [MQTT Call: paho140732367419] INFO  c.s.Seminar1.services.MqttService - Gespeichert - Temperatur Differenz: -0.24
2026-07-10 09:53:03 [MQTT Call: paho140732367419] INFO  c.s.Seminar1.services.MqttService - Gespeichert - Temperatur Ist: 26.45
2026-07-10 09:53:04 [MQTT Call: paho140732367419] INFO  c.s.Seminar1.services.MqttService - Gespeichert - Wago750 Status: 255.0
2026-07-10 09:53:04 [MQTT Call: paho140732367419] INFO  c.s.Seminar1.services.MqttService - Gespeichert - Temperatur Differenz: -0.21
2026-07-10 09:53:04 [MQTT Call: paho140732367419] INFO  c.s.Seminar1.services.MqttService - Gespeichert - Temperatur Ist: 26.48
2026-07-10 09:53:05 [MQTT Call: paho140732367419] INFO  c.s.Seminar1.services.MqttService - Gespeichert - Wago750 Status: 65280.0
2026-07-10 09:53:06 [MQTT Call: paho140732367419] INFO  c.s.Seminar1.services.MqttService - Gespeichert - Wago750 Status: 255.0
2026-07-10 09:53:07 [MQTT Call: paho140732367419] INFO  c.s.Seminar1.services.MqttService - Gespeichert - Wago750 Status: 65280.0
2026-07-10 09:53:08 [MQTT Call: paho140732367419] INFO  c.s.Seminar1.services.MqttService - Gespeichert - Wago750 Status: 255.0
2026-07-10 09:53:09 [MQTT Call: paho140732367419] INFO  c.s.Seminar1.services.MqttService - Gespeichert - Wago750 Status: 65280.0
2026-07-10 09:53:10 [MQTT Call: paho140732367419] INFO  c.s.Seminar1.services.MqttService - Gespeichert - Wago750 Status: 255.0
2026-07-10 09:53:11 [MQTT Call: paho140732367419] INFO  c.s.Seminar1.services.MqttService - Gespeichert - Wago750 Status: 65280.0
2026-07-10 09:53:12 [MQTT Call: paho140732367419] INFO  c.s.Seminar1.services.MqttService - Gespeichert - Wago750 Status: 255.0
2026-07-10 09:53:13 [MQTT Call: paho140732367419] INFO  c.s.Seminar1.services.MqttService - Gespeichert - Wago750 Status: 65280.0
2026-07-10 09:53:14 [MQTT Call: paho140732367419] INFO  c.s.Seminar1.services.MqttService - Gespeichert - Temperatur Soll: 26.71
2026-07-10 09:53:14 [MQTT Call: paho140732367419] INFO  c.s.Seminar1.services.MqttService - Gespeichert - Wago750 Status: 255.0
2026-07-10 09:53:14 [MQTT Call: paho140732367419] INFO  c.s.Seminar1.services.MqttService - Gespeichert - Temperatur Differenz: -0.23
2026-07-10 09:53:15 [MQTT Call: paho140732367419] INFO  c.s.Seminar1.services.MqttService - Gespeichert - Wago750 Status: 65280.0
2026-07-10 09:53:16 [MQTT Call: paho140732367419] INFO  c.s.Seminar1.services.MqttService - Gespeichert - Wago750 Status: 255.0
2026-07-10 09:53:17 [MQTT Call: paho140732367419] INFO  c.s.Seminar1.services.MqttService - Gespeichert - Wago750 Status: 65280.0
2026-07-10 09:53:18 [MQTT Call: paho140732367419] INFO  c.s.Seminar1.services.MqttService - Gespeichert - Wago750 Status: 255.0
2026-07-10 09:53:19 [MQTT Call: paho140732367419] INFO  c.s.Seminar1.services.MqttService - Gespeichert - Wago750 Status: 65280.0
2026-07-10 09:53:20 [MQTT Call: paho140732367419] INFO  c.s.Seminar1.services.MqttService - Gespeichert - Wago750 Status: 255.0
2026-07-10 09:53:21 [MQTT Call: paho140732367419] INFO  c.s.Seminar1.services.MqttService - Gespeichert - Wago750 Status: 65280.0
2026-07-10 09:53:22 [MQTT Call: paho140732367419] INFO  c.s.Seminar1.services.MqttService - Gespeichert - Wago750 Status: 255.0
2026-07-10 09:53:23 [MQTT Call: paho140732367419] INFO  c.s.Seminar1.services.MqttService - Gespeichert - Wago750 Status: 65280.0
2026-07-10 09:53:24 [MQTT Call: paho140732367419] INFO  c.s.Seminar1.services.MqttService - Gespeichert - Wago750 Status: 255.0
2026-07-10 09:53:25 [MQTT Call: paho140732367419] INFO  c.s.Seminar1.services.MqttService - Gespeichert - Wago750 Status: 65280.0
2026-07-10 09:53:26 [MQTT Call: paho140732367419] INFO  c.s.Seminar1.services.MqttService - Gespeichert - Wago750 Status: 255.0
2026-07-10 09:53:26 [MQTT Call: paho140732367419] INFO  c.s.Seminar1.services.MqttService - Gespeichert - Temperatur Differenz: -0.22
2026-07-10 09:53:26 [MQTT Call: paho140732367419] INFO  c.s.Seminar1.services.MqttService - Gespeichert - Temperatur Ist: 26.49
2026-07-10 09:53:27 [MQTT Call: paho140732367419] INFO  c.s.Seminar1.services.MqttService - Gespeichert - Wago750 Status: 65280.0
2026-07-10 09:53:28 [MQTT Call: paho140732367419] INFO  c.s.Seminar1.services.MqttService - Gespeichert - Wago750 Status: 255.0
2026-07-10 09:53:29 [MQTT Call: paho140732367419] INFO  c.s.Seminar1.services.MqttService - Gespeichert - Wago750 Status: 65280.0
2026-07-10 09:53:30 [MQTT Call: paho140732367419] INFO  c.s.Seminar1.services.MqttService - Gespeichert - Wago750 Status: 255.0
2026-07-10 09:53:31 [MQTT Call: paho140732367419] INFO  c.s.Seminar1.services.MqttService - Gespeichert - Wago750 Status: 65280.0
2026-07-10 09:53:32 [MQTT Call: paho140732367419] INFO  c.s.Seminar1.services.MqttService - Gespeichert - Wago750 Status: 255.0
2026-07-10 09:53:33 [MQTT Call: paho140732367419] INFO  c.s.Seminar1.services.MqttService - Gespeichert - Wago750 Status: 65280.0
2026-07-10 09:53:34 [MQTT Call: paho140732367419] INFO  c.s.Seminar1.services.MqttService - Gespeichert - Wago750 Status: 255.0
2026-07-10 09:53:35 [MQTT Call: paho140732367419] INFO  c.s.Seminar1.services.MqttService - Gespeichert - Wago750 Status: 65280.0
2026-07-10 09:53:36 [MQTT Call: paho140732367419] INFO  c.s.Seminar1.services.MqttService - Gespeichert - Wago750 Status: 255.0
2026-07-10 09:53:37 [MQTT Call: paho140732367419] INFO  c.s.Seminar1.services.MqttService - Gespeichert - Wago750 Status: 65280.0
2026-07-10 09:53:38 [MQTT Call: paho140732367419] INFO  c.s.Seminar1.services.MqttService - Gespeichert - Wago750 Status: 255.0
2026-07-10 09:53:39 [MQTT Call: paho140732367419] INFO  c.s.Seminar1.services.MqttService - Gespeichert - Temperatur Soll: 26.73
2026-07-10 09:53:39 [MQTT Call: paho140732367419] INFO  c.s.Seminar1.services.MqttService - Gespeichert - Wago750 Status: 65280.0
2026-07-10 09:53:39 [MQTT Call: paho140732367419] INFO  c.s.Seminar1.services.MqttService - Gespeichert - Temperatur Differenz: -0.24
2026-07-10 09:53:40 [MQTT Call: paho140732367419] INFO  c.s.Seminar1.services.MqttService - Gespeichert - Wago750 Status: 255.0
2026-07-10 09:53:41 [MQTT Call: paho140732367419] INFO  c.s.Seminar1.services.MqttService - Gespeichert - Wago750 Status: 65280.0
2026-07-10 09:53:42 [MQTT Call: paho140732367419] INFO  c.s.Seminar1.services.MqttService - Gespeichert - Wago750 Status: 255.0
2026-07-10 09:53:43 [MQTT Call: paho140732367419] INFO  c.s.Seminar1.services.MqttService - Gespeichert - Wago750 Status: 65280.0
2026-07-10 09:53:44 [MQTT Call: paho140732367419] INFO  c.s.Seminar1.services.MqttService - Gespeichert - Temperatur Differenz: -0.21
2026-07-10 09:53:45 [MQTT Call: paho140732367419] INFO  c.s.Seminar1.services.MqttService - Gespeichert - Temperatur Ist: 26.52
2026-07-10 09:53:45 [http-nio-80-exec-5] INFO  c.s.Seminar1.services.MqttService - MQTT-Nachricht gesendet -> Topic: 'Wago750/Control', Payload: '3'
2026-07-10 09:53:45 [http-nio-80-exec-5] INFO  c.s.S.controller.WagoController - POST /wago/control - Steuerbefehl empfangen: 3
2026-07-10 09:53:45 [MQTT Call: paho140732367419] INFO  c.s.Seminar1.services.MqttService - Gespeichert - Wago750 Control: 3
2026-07-10 09:53:45 [MQTT Call: paho140732367419] INFO  c.s.Seminar1.services.MqttService - Gespeichert - Wago750 Status: 0.0
2026-07-10 09:53:46 [MQTT Call: paho140732367419] INFO  c.s.Seminar1.services.MqttService - Gespeichert - Wago750 Status: 33153.0
2026-07-10 09:53:47 [MQTT Call: paho140732367419] INFO  c.s.Seminar1.services.MqttService - Gespeichert - Wago750 Status: 16962.0
2026-07-10 09:53:48 [MQTT Call: paho140732367419] INFO  c.s.Seminar1.services.MqttService - Gespeichert - Wago750 Status: 9252.0
2026-07-10 09:53:49 [MQTT Call: paho140732367419] INFO  c.s.Seminar1.services.MqttService - Gespeichert - Wago750 Status: 6168.0
2026-07-10 09:53:50 [MQTT Call: paho140732367419] INFO  c.s.Seminar1.services.MqttService - Gespeichert - Wago750 Status: 9252.0
2026-07-10 09:53:51 [MQTT Call: paho140732367419] INFO  c.s.Seminar1.services.MqttService - Gespeichert - Wago750 Status: 16962.0
2026-07-10 09:53:52 [MQTT Call: paho140732367419] INFO  c.s.Seminar1.services.MqttService - Gespeichert - Wago750 Status: 33153.0
2026-07-10 09:53:53 [MQTT Call: paho140732367419] INFO  c.s.Seminar1.services.MqttService - Gespeichert - Wago750 Status: 16962.0
2026-07-10 09:53:54 [MQTT Call: paho140732367419] INFO  c.s.Seminar1.services.MqttService - Gespeichert - Wago750 Status: 9252.0
2026-07-10 09:53:55 [MQTT Call: paho140732367419] INFO  c.s.Seminar1.services.MqttService - Gespeichert - Wago750 Status: 6168.0
2026-07-10 09:53:56 [MQTT Call: paho140732367419] INFO  c.s.Seminar1.services.MqttService - Gespeichert - Temperatur Soll: 26.75
2026-07-10 09:53:56 [MQTT Call: paho140732367419] INFO  c.s.Seminar1.services.MqttService - Gespeichert - Wago750 Status: 9252.0
2026-07-10 09:53:56 [MQTT Call: paho140732367419] INFO  c.s.Seminar1.services.MqttService - Gespeichert - Temperatur Differenz: -0.23
2026-07-10 09:53:57 [MQTT Call: paho140732367419] INFO  c.s.Seminar1.services.MqttService - Gespeichert - Temperatur Soll: 26.73
2026-07-10 09:53:57 [MQTT Call: paho140732367419] INFO  c.s.Seminar1.services.MqttService - Gespeichert - Wago750 Status: 16962.0
2026-07-10 09:53:57 [MQTT Call: paho140732367419] INFO  c.s.Seminar1.services.MqttService - Gespeichert - Temperatur Differenz: -0.21
2026-07-10 09:53:58 [MQTT Call: paho140732367419] INFO  c.s.Seminar1.services.MqttService - Gespeichert - Temperatur Soll: 26.75
2026-07-10 09:53:58 [MQTT Call: paho140732367419] INFO  c.s.Seminar1.services.MqttService - Gespeichert - Wago750 Status: 33153.0
2026-07-10 09:53:58 [MQTT Call: paho140732367419] INFO  c.s.Seminar1.services.MqttService - Gespeichert - Temperatur Differenz: -0.23
2026-07-10 09:53:59 [MQTT Call: paho140732367419] INFO  c.s.Seminar1.services.MqttService - Gespeichert - Wago750 Status: 16962.0
2026-07-10 09:54:00 [MQTT Call: paho140732367419] INFO  c.s.Seminar1.services.MqttService - Gespeichert - Wago750 Status: 9252.0
2026-07-10 09:54:01 [MQTT Call: paho140732367419] INFO  c.s.Seminar1.services.MqttService - Gespeichert - Wago750 Status: 6168.0
2026-07-10 09:54:02 [MQTT Call: paho140732367419] INFO  c.s.Seminar1.services.MqttService - Gespeichert - Wago750 Status: 9252.0
2026-07-10 09:54:03 [MQTT Call: paho140732367419] INFO  c.s.Seminar1.services.MqttService - Gespeichert - Wago750 Status: 16962.0
2026-07-10 09:54:04 [MQTT Call: paho140732367419] INFO  c.s.Seminar1.services.MqttService - Gespeichert - Wago750 Status: 33153.0
2026-07-10 09:54:04 [MQTT Call: paho140732367419] INFO  c.s.Seminar1.services.MqttService - Gespeichert - Temperatur Differenz: -0.22
2026-07-10 09:54:04 [MQTT Call: paho140732367419] INFO  c.s.Seminar1.services.MqttService - Gespeichert - Temperatur Ist: 26.53
2026-07-10 09:54:05 [MQTT Call: paho140732367419] INFO  c.s.Seminar1.services.MqttService - Gespeichert - Wago750 Status: 16962.0
2026-07-10 09:54:05 [MQTT Call: paho140732367419] INFO  c.s.Seminar1.services.MqttService - Gespeichert - Temperatur Differenz: -0.23
2026-07-10 09:54:05 [MQTT Call: paho140732367419] INFO  c.s.Seminar1.services.MqttService - Gespeichert - Temperatur Ist: 26.52
2026-07-10 09:54:06 [MQTT Call: paho140732367419] INFO  c.s.Seminar1.services.MqttService - Gespeichert - Wago750 Status: 9252.0
2026-07-10 09:54:06 [MQTT Call: paho140732367419] INFO  c.s.Seminar1.services.MqttService - Gespeichert - Temperatur Differenz: -0.22
2026-07-10 09:54:06 [MQTT Call: paho140732367419] INFO  c.s.Seminar1.services.MqttService - Gespeichert - Temperatur Ist: 26.53
2026-07-10 09:54:07 [MQTT Call: paho140732367419] INFO  c.s.Seminar1.services.MqttService - Gespeichert - Wago750 Status: 6168.0
2026-07-10 09:54:09 [MQTT Call: paho140732367419] INFO  c.s.Seminar1.services.MqttService - Gespeichert - Wago750 Status: 9252.0
2026-07-10 09:54:09 [MQTT Call: paho140732367419] INFO  c.s.Seminar1.services.MqttService - Gespeichert - Wago750 Status: 16962.0
2026-07-10 09:54:10 [MQTT Call: paho140732367419] INFO  c.s.Seminar1.services.MqttService - Gespeichert - Wago750 Status: 33153.0
2026-07-10 09:54:12 [MQTT Call: paho140732367419] INFO  c.s.Seminar1.services.MqttService - Gespeichert - Wago750 Status: 16962.0
2026-07-10 09:54:12 [MQTT Call: paho140732367419] INFO  c.s.Seminar1.services.MqttService - Gespeichert - Temperatur Soll: 26.76
2026-07-10 09:54:13 [MQTT Call: paho140732367419] INFO  c.s.Seminar1.services.MqttService - Gespeichert - Wago750 Status: 9252.0
2026-07-10 09:54:13 [MQTT Call: paho140732367419] INFO  c.s.Seminar1.services.MqttService - Gespeichert - Temperatur Soll: 26.75
2026-07-10 09:54:13 [MQTT Call: paho140732367419] INFO  c.s.Seminar1.services.MqttService - Gespeichert - Wago750 Status: 6168.0
2026-07-10 09:54:13 [MQTT Call: paho140732367419] INFO  c.s.Seminar1.services.MqttService - Gespeichert - Temperatur Differenz: -0.23
2026-07-10 09:54:14 [MQTT Call: paho140732367419] INFO  c.s.Seminar1.services.MqttService - Gespeichert - Wago750 Status: 9252.0
2026-07-10 09:54:14 [MQTT Call: paho140732367419] INFO  c.s.Seminar1.services.MqttService - Gespeichert - Temperatur Differenz: -0.22
2026-07-10 09:54:15 [MQTT Call: paho140732367419] INFO  c.s.Seminar1.services.MqttService - Gespeichert - Temperatur Soll: 26.76
2026-07-10 09:54:15 [MQTT Call: paho140732367419] INFO  c.s.Seminar1.services.MqttService - Gespeichert - Wago750 Status: 16962.0
2026-07-10 09:54:15 [MQTT Call: paho140732367419] INFO  c.s.Seminar1.services.MqttService - Gespeichert - Temperatur Differenz: -0.23
2026-07-10 09:54:17 [MQTT Call: paho140732367419] INFO  c.s.Seminar1.services.MqttService - Gespeichert - Wago750 Status: 33153.0
2026-07-10 09:54:17 [MQTT Call: paho140732367419] INFO  c.s.Seminar1.services.MqttService - Gespeichert - Wago750 Status: 16962.0
2026-07-10 09:54:18 [MQTT Call: paho140732367419] INFO  c.s.Seminar1.services.MqttService - Gespeichert - Wago750 Status: 9252.0
2026-07-10 09:54:19 [MQTT Call: paho140732367419] INFO  c.s.Seminar1.services.MqttService - Gespeichert - Wago750 Status: 6168.0
2026-07-10 09:54:21 [MQTT Call: paho140732367419] INFO  c.s.Seminar1.services.MqttService - Gespeichert - Wago750 Status: 9252.0
2026-07-10 09:54:21 [MQTT Call: paho140732367419] INFO  c.s.Seminar1.services.MqttService - Gespeichert - Wago750 Status: 16962.0
2026-07-10 09:54:22 [MQTT Call: paho140732367419] INFO  c.s.Seminar1.services.MqttService - Gespeichert - Wago750 Status: 33153.0
2026-07-10 09:54:24 [MQTT Call: paho140732367419] INFO  c.s.Seminar1.services.MqttService - Gespeichert - Wago750 Status: 16962.0
2026-07-10 09:54:25 [MQTT Call: paho140732367419] INFO  c.s.Seminar1.services.MqttService - Gespeichert - Wago750 Control: 2
2026-07-10 09:54:25 [MQTT Call: paho140732367419] INFO  c.s.Seminar1.services.MqttService - Gespeichert - Wago750 Status: 1024.0
2026-07-10 09:54:26 [MQTT Call: paho140732367419] INFO  c.s.Seminar1.services.MqttService - Gespeichert - Wago750 Status: 512.0
2026-07-10 09:54:26 [MQTT Call: paho140732367419] INFO  c.s.Seminar1.services.MqttService - Gespeichert - Wago750 Status: 256.0
2026-07-10 09:54:28 [MQTT Call: paho140732367419] INFO  c.s.Seminar1.services.MqttService - Gespeichert - Wago750 Status: 1.0
2026-07-10 09:54:28 [MQTT Call: paho140732367419] INFO  c.s.Seminar1.services.MqttService - Gespeichert - Temperatur Differenz: -0.21
2026-07-10 09:54:28 [MQTT Call: paho140732367419] INFO  c.s.Seminar1.services.MqttService - Gespeichert - Temperatur Ist: 26.55
2026-07-10 09:54:28 [MQTT Call: paho140732367419] INFO  c.s.Seminar1.services.MqttService - Gespeichert - Wago750 Status: 2.0
2026-07-10 09:54:29 [MQTT Call: paho140732367419] INFO  c.s.Seminar1.services.MqttService - Gespeichert - Temperatur Soll: 26.79
2026-07-10 09:54:29 [MQTT Call: paho140732367419] INFO  c.s.Seminar1.services.MqttService - Gespeichert - Wago750 Status: 4.0
2026-07-10 09:54:30 [MQTT Call: paho140732367419] INFO  c.s.Seminar1.services.MqttService - Gespeichert - Temperatur Differenz: -0.24
2026-07-10 09:54:31 [MQTT Call: paho140732367419] INFO  c.s.Seminar1.services.MqttService - Gespeichert - Wago750 Status: 8.0
2026-07-10 09:54:31 [MQTT Call: paho140732367419] INFO  c.s.Seminar1.services.MqttService - Gespeichert - Temperatur Differenz: -0.21
2026-07-10 09:54:31 [MQTT Call: paho140732367419] INFO  c.s.Seminar1.services.MqttService - Gespeichert - Wago750 Status: 16.0
2026-07-10 09:54:31 [MQTT Call: paho140732367419] INFO  c.s.Seminar1.services.MqttService - Gespeichert - Temperatur Differenz: -0.24
2026-07-10 09:54:32 [MQTT Call: paho140732367419] INFO  c.s.Seminar1.services.MqttService - Gespeichert - Wago750 Status: 32.0
2026-07-10 09:54:34 [MQTT Call: paho140732367419] INFO  c.s.Seminar1.services.MqttService - Gespeichert - Wago750 Status: 64.0
2026-07-10 09:54:35 [MQTT Call: paho140732367419] INFO  c.s.Seminar1.services.MqttService - Gespeichert - Wago750 Status: 128.0
2026-07-10 09:54:35 [MQTT Call: paho140732367419] INFO  c.s.Seminar1.services.MqttService - Gespeichert - Wago750 Status: 32768.0
2026-07-10 09:54:37 [MQTT Call: paho140732367419] INFO  c.s.Seminar1.services.MqttService - Gespeichert - Wago750 Status: 16384.0
2026-07-10 09:54:38 [MQTT Call: paho140732367419] INFO  c.s.Seminar1.services.MqttService - Gespeichert - Wago750 Status: 8192.0
2026-07-10 09:54:39 [MQTT Call: paho140732367419] INFO  c.s.Seminar1.services.MqttService - Gespeichert - Wago750 Status: 4096.0
2026-07-10 09:54:40 [MQTT Call: paho140732367419] INFO  c.s.Seminar1.services.MqttService - Gespeichert - Wago750 Status: 2048.0
2026-07-10 09:54:41 [MQTT Call: paho140732367419] INFO  c.s.Seminar1.services.MqttService - Gespeichert - Wago750 Status: 1024.0
2026-07-10 09:54:42 [MQTT Call: paho140732367419] INFO  c.s.Seminar1.services.MqttService - Gespeichert - Wago750 Status: 512.0
2026-07-10 09:54:43 [MQTT Call: paho140732367419] INFO  c.s.Seminar1.services.MqttService - Gespeichert - Wago750 Status: 256.0
2026-07-10 09:54:44 [MQTT Call: paho140732367419] INFO  c.s.Seminar1.services.MqttService - Gespeichert - Wago750 Status: 1.0
2026-07-10 09:54:45 [MQTT Call: paho140732367419] INFO  c.s.Seminar1.services.MqttService - Gespeichert - Temperatur Soll: 26.81
2026-07-10 09:54:45 [MQTT Call: paho140732367419] INFO  c.s.Seminar1.services.MqttService - Gespeichert - Wago750 Status: 2.0
2026-07-10 09:54:45 [MQTT Call: paho140732367419] INFO  c.s.Seminar1.services.MqttService - Gespeichert - Temperatur Differenz: -0.26
2026-07-10 09:54:46 [MQTT Call: paho140732367419] INFO  c.s.Seminar1.services.MqttService - Gespeichert - Wago750 Status: 4.0
2026-07-10 09:54:46 [MQTT Call: paho140732367419] INFO  c.s.Seminar1.services.MqttService - Gespeichert - Temperatur Differenz: -0.23
2026-07-10 09:54:46 [MQTT Call: paho140732367419] INFO  c.s.Seminar1.services.MqttService - Gespeichert - Temperatur Ist: 26.58
2026-07-10 09:54:47 [MQTT Call: paho140732367419] INFO  c.s.Seminar1.services.MqttService - Gespeichert - Wago750 Status: 8.0
2026-07-10 09:54:48 [MQTT Call: paho140732367419] INFO  c.s.Seminar1.services.MqttService - Gespeichert - Wago750 Status: 16.0
2026-07-10 09:54:50 [MQTT Call: paho140732367419] INFO  c.s.Seminar1.services.MqttService - Gespeichert - Wago750 Status: 32.0
2026-07-10 09:54:51 [MQTT Call: paho140732367419] INFO  c.s.Seminar1.services.MqttService - Gespeichert - Wago750 Status: 64.0
2026-07-10 09:54:51 [MQTT Call: paho140732367419] INFO  c.s.Seminar1.services.MqttService - Gespeichert - Wago750 Status: 128.0
2026-07-10 09:54:52 [MQTT Call: paho140732367419] INFO  c.s.Seminar1.services.MqttService - Gespeichert - Wago750 Status: 32768.0
2026-07-10 09:54:53 [MQTT Call: paho140732367419] INFO  c.s.Seminar1.services.MqttService - Gespeichert - Wago750 Status: 16384.0
2026-07-10 09:54:54 [MQTT Call: paho140732367419] INFO  c.s.Seminar1.services.MqttService - Gespeichert - Wago750 Status: 8192.0
2026-07-10 09:54:55 [MQTT Call: paho140732367419] INFO  c.s.Seminar1.services.MqttService - Gespeichert - Wago750 Status: 4096.0
2026-07-10 09:54:56 [MQTT Call: paho140732367419] INFO  c.s.Seminar1.services.MqttService - Gespeichert - Wago750 Status: 2048.0
2026-07-10 09:54:57 [MQTT Call: paho140732367419] INFO  c.s.Seminar1.services.MqttService - Gespeichert - Wago750 Status: 1024.0
2026-07-10 09:54:58 [MQTT Call: paho140732367419] INFO  c.s.Seminar1.services.MqttService - Gespeichert - Wago750 Status: 512.0
2026-07-10 09:54:59 [MQTT Call: paho140732367419] INFO  c.s.Seminar1.services.MqttService - Gespeichert - Wago750 Status: 256.0
2026-07-10 09:55:00 [MQTT Call: paho140732367419] INFO  c.s.Seminar1.services.MqttService - Gespeichert - Wago750 Status: 1.0
2026-07-10 09:55:01 [MQTT Call: paho140732367419] INFO  c.s.Seminar1.services.MqttService - Gespeichert - Wago750 Status: 2.0
2026-07-10 09:55:02 [MQTT Call: paho140732367419] INFO  c.s.Seminar1.services.MqttService - Gespeichert - Wago750 Status: 4.0
2026-07-10 09:55:03 [MQTT Call: paho140732367419] INFO  c.s.Seminar1.services.MqttService - Gespeichert - Temperatur Soll: 26.83
2026-07-10 09:55:03 [MQTT Call: paho140732367419] INFO  c.s.Seminar1.services.MqttService - Gespeichert - Wago750 Status: 8.0
2026-07-10 09:55:03 [MQTT Call: paho140732367419] INFO  c.s.Seminar1.services.MqttService - Gespeichert - Temperatur Differenz: -0.25
2026-07-10 09:55:04 [MQTT Call: paho140732367419] INFO  c.s.Seminar1.services.MqttService - Gespeichert - Temperatur Soll: 26.81
2026-07-10 09:55:04 [MQTT Call: paho140732367419] INFO  c.s.Seminar1.services.MqttService - Gespeichert - Wago750 Status: 16.0
2026-07-10 09:55:04 [MQTT Call: paho140732367419] INFO  c.s.Seminar1.services.MqttService - Gespeichert - Temperatur Differenz: -0.23
2026-07-10 09:55:05 [MQTT Call: paho140732367419] INFO  c.s.Seminar1.services.MqttService - Gespeichert - Temperatur Soll: 26.83
2026-07-10 09:55:05 [MQTT Call: paho140732367419] INFO  c.s.Seminar1.services.MqttService - Gespeichert - Wago750 Status: 32.0
2026-07-10 09:55:05 [MQTT Call: paho140732367419] INFO  c.s.Seminar1.services.MqttService - Gespeichert - Temperatur Differenz: -0.25
2026-07-10 09:55:06 [MQTT Call: paho140732367419] INFO  c.s.Seminar1.services.MqttService - Gespeichert - Wago750 Status: 64.0
2026-07-10 09:55:07 [MQTT Call: paho140732367419] INFO  c.s.Seminar1.services.MqttService - Gespeichert - Wago750 Status: 128.0
2026-07-10 09:55:08 [MQTT Call: paho140732367419] INFO  c.s.Seminar1.services.MqttService - Gespeichert - Wago750 Status: 32768.0
2026-07-10 09:55:08 [MQTT Call: paho140732367419] INFO  c.s.Seminar1.services.MqttService - Gespeichert - Temperatur Differenz: -0.24
2026-07-10 09:55:08 [MQTT Call: paho140732367419] INFO  c.s.Seminar1.services.MqttService - Gespeichert - Temperatur Ist: 26.59
2026-07-10 09:55:09 [MQTT Call: paho140732367419] INFO  c.s.Seminar1.services.MqttService - Gespeichert - Wago750 Status: 16384.0
2026-07-10 09:55:10 [MQTT Call: paho140732367419] INFO  c.s.Seminar1.services.MqttService - Gespeichert - Wago750 Status: 8192.0
2026-07-10 09:55:12 [MQTT Call: paho140732367419] INFO  c.s.Seminar1.services.MqttService - Gespeichert - Wago750 Status: 4096.0
2026-07-10 09:55:13 [MQTT Call: paho140732367419] INFO  c.s.Seminar1.services.MqttService - Gespeichert - Wago750 Status: 2048.0
2026-07-10 09:55:13 [MQTT Call: paho140732367419] INFO  c.s.Seminar1.services.MqttService - Gespeichert - Wago750 Status: 1024.0
2026-07-10 09:55:14 [MQTT Call: paho140732367419] INFO  c.s.Seminar1.services.MqttService - Gespeichert - Wago750 Status: 512.0
2026-07-10 09:55:16 [MQTT Call: paho140732367419] INFO  c.s.Seminar1.services.MqttService - Gespeichert - Wago750 Status: 256.0
2026-07-10 09:55:17 [MQTT Call: paho140732367419] INFO  c.s.Seminar1.services.MqttService - Gespeichert - Wago750 Status: 1.0
2026-07-10 09:55:17 [MQTT Call: paho140732367419] INFO  c.s.Seminar1.services.MqttService - Gespeichert - Wago750 Status: 2.0
2026-07-10 09:55:18 [MQTT Call: paho140732367419] INFO  c.s.Seminar1.services.MqttService - Gespeichert - Wago750 Status: 4.0
2026-07-10 09:55:20 [MQTT Call: paho140732367419] INFO  c.s.Seminar1.services.MqttService - Gespeichert - Wago750 Status: 8.0
2026-07-10 09:55:21 [MQTT Call: paho140732367419] INFO  c.s.Seminar1.services.MqttService - Gespeichert - Wago750 Status: 16.0
2026-07-10 09:55:21 [MQTT Call: paho140732367419] INFO  c.s.Seminar1.services.MqttService - Gespeichert - Wago750 Status: 32.0
2026-07-10 09:55:22 [MQTT Call: paho140732367419] INFO  c.s.Seminar1.services.MqttService - Gespeichert - Wago750 Status: 64.0
2026-07-10 09:55:23 [MQTT Call: paho140732367419] INFO  c.s.Seminar1.services.MqttService - Gespeichert - Wago750 Status: 128.0
2026-07-10 09:55:25 [MQTT Call: paho140732367419] INFO  c.s.Seminar1.services.MqttService - Gespeichert - Temperatur Soll: 26.85
2026-07-10 09:55:26 [MQTT Call: paho140732367419] INFO  c.s.Seminar1.services.MqttService - Gespeichert - Wago750 Status: 16384.0
2026-07-10 09:55:26 [MQTT Call: paho140732367419] INFO  c.s.Seminar1.services.MqttService - Gespeichert - Temperatur Soll: 26.83
2026-07-10 09:55:26 [MQTT Call: paho140732367419] INFO  c.s.Seminar1.services.MqttService - Gespeichert - Wago750 Status: 8192.0
2026-07-10 09:55:28 [MQTT Call: paho140732367419] INFO  c.s.Seminar1.services.MqttService - Gespeichert - Temperatur Soll: 26.85
2026-07-10 09:55:28 [MQTT Call: paho140732367419] INFO  c.s.Seminar1.services.MqttService - Gespeichert - Wago750 Status: 4096.0
2026-07-10 09:55:28 [MQTT Call: paho140732367419] INFO  c.s.Seminar1.services.MqttService - Gespeichert - Temperatur Differenz: -0.26
2026-07-10 09:55:28 [MQTT Call: paho140732367419] INFO  c.s.Seminar1.services.MqttService - Gespeichert - Temperatur Soll: 26.83
2026-07-10 09:55:28 [MQTT Call: paho140732367419] INFO  c.s.Seminar1.services.MqttService - Gespeichert - Wago750 Status: 2048.0
2026-07-10 09:55:29 [MQTT Call: paho140732367419] INFO  c.s.Seminar1.services.MqttService - Gespeichert - Temperatur Soll: 26.85
2026-07-10 09:55:29 [MQTT Call: paho140732367419] INFO  c.s.Seminar1.services.MqttService - Gespeichert - Wago750 Status: 1024.0
2026-07-10 09:55:29 [MQTT Call: paho140732367419] INFO  c.s.Seminar1.services.MqttService - Gespeichert - Temperatur Differenz: -0.24
2026-07-10 09:55:29 [MQTT Call: paho140732367419] INFO  c.s.Seminar1.services.MqttService - Gespeichert - Temperatur Ist: 26.61
2026-07-10 09:55:30 [MQTT Call: paho140732367419] INFO  c.s.Seminar1.services.MqttService - Gespeichert - Wago750 Status: 512.0
2026-07-10 09:55:31 [MQTT Call: paho140732367419] INFO  c.s.Seminar1.services.MqttService - Gespeichert - Wago750 Status: 256.0
2026-07-10 09:55:32 [MQTT Call: paho140732367419] INFO  c.s.Seminar1.services.MqttService - Gespeichert - Wago750 Status: 1.0
2026-07-10 09:55:33 [MQTT Call: paho140732367419] INFO  c.s.Seminar1.services.MqttService - Gespeichert - Wago750 Status: 2.0
2026-07-10 09:55:34 [MQTT Call: paho140732367419] INFO  c.s.Seminar1.services.MqttService - Gespeichert - Wago750 Status: 4.0
2026-07-10 09:55:35 [MQTT Call: paho140732367419] INFO  c.s.Seminar1.services.MqttService - Gespeichert - Wago750 Status: 8.0
2026-07-10 09:55:36 [MQTT Call: paho140732367419] INFO  c.s.Seminar1.services.MqttService - Gespeichert - Wago750 Status: 16.0
2026-07-10 09:55:37 [MQTT Call: paho140732367419] INFO  c.s.Seminar1.services.MqttService - Gespeichert - Wago750 Status: 32.0
2026-07-10 09:55:38 [MQTT Call: paho140732367419] INFO  c.s.Seminar1.services.MqttService - Gespeichert - Wago750 Status: 64.0
2026-07-10 09:55:39 [MQTT Call: paho140732367419] INFO  c.s.Seminar1.services.MqttService - Gespeichert - Wago750 Status: 128.0
2026-07-10 09:55:40 [MQTT Call: paho140732367419] INFO  c.s.Seminar1.services.MqttService - Gespeichert - Wago750 Status: 32768.0
2026-07-10 09:55:42 [MQTT Call: paho140732367419] INFO  c.s.Seminar1.services.MqttService - Gespeichert - Wago750 Status: 16384.0
2026-07-10 09:55:43 [MQTT Call: paho140732367419] INFO  c.s.Seminar1.services.MqttService - Gespeichert - Wago750 Status: 8192.0
2026-07-10 09:55:43 [MQTT Call: paho140732367419] INFO  c.s.Seminar1.services.MqttService - Gespeichert - Wago750 Status: 4096.0
2026-07-10 09:55:44 [MQTT Call: paho140732367419] INFO  c.s.Seminar1.services.MqttService - Gespeichert - Wago750 Status: 2048.0
2026-07-10 09:55:46 [MQTT Call: paho140732367419] INFO  c.s.Seminar1.services.MqttService - Gespeichert - Wago750 Status: 1024.0
2026-07-10 09:55:46 [MQTT Call: paho140732367419] INFO  c.s.Seminar1.services.MqttService - Gespeichert - Temperatur Soll: 26.86
2026-07-10 09:55:47 [MQTT Call: paho140732367419] INFO  c.s.Seminar1.services.MqttService - Gespeichert - Wago750 Status: 512.0
2026-07-10 09:55:47 [MQTT Call: paho140732367419] INFO  c.s.Seminar1.services.MqttService - Gespeichert - Temperatur Differenz: -0.25
2026-07-10 09:55:47 [MQTT Call: paho140732367419] INFO  c.s.Seminar1.services.MqttService - Gespeichert - Wago750 Status: 256.0
2026-07-10 09:55:48 [MQTT Call: paho140732367419] INFO  c.s.Seminar1.services.MqttService - Gespeichert - Wago750 Status: 1.0
2026-07-10 09:55:50 [MQTT Call: paho140732367419] INFO  c.s.Seminar1.services.MqttService - Gespeichert - Wago750 Status: 2.0
2026-07-10 09:55:51 [MQTT Call: paho140732367419] INFO  c.s.Seminar1.services.MqttService - Gespeichert - Wago750 Status: 4.0
2026-07-10 09:55:51 [MQTT Call: paho140732367419] INFO  c.s.Seminar1.services.MqttService - Gespeichert - Temperatur Differenz: -0.23
2026-07-10 09:55:51 [MQTT Call: paho140732367419] INFO  c.s.Seminar1.services.MqttService - Gespeichert - Temperatur Ist: 26.63
2026-07-10 09:55:51 [MQTT Call: paho140732367419] INFO  c.s.Seminar1.services.MqttService - Gespeichert - Wago750 Status: 8.0
2026-07-10 09:55:51 [MQTT Call: paho140732367419] INFO  c.s.Seminar1.services.MqttService - Gespeichert - Temperatur Differenz: -0.25
2026-07-10 09:55:51 [MQTT Call: paho140732367419] INFO  c.s.Seminar1.services.MqttService - Gespeichert - Temperatur Ist: 26.61
2026-07-10 09:55:52 [MQTT Call: paho140732367419] INFO  c.s.Seminar1.services.MqttService - Gespeichert - Wago750 Status: 16.0
2026-07-10 09:55:53 [MQTT Call: paho140732367419] INFO  c.s.Seminar1.services.MqttService - Gespeichert - Wago750 Status: 32.0
2026-07-10 09:55:53 [MQTT Call: paho140732367419] INFO  c.s.Seminar1.services.MqttService - Gespeichert - Temperatur Differenz: -0.23
2026-07-10 09:55:53 [MQTT Call: paho140732367419] INFO  c.s.Seminar1.services.MqttService - Gespeichert - Temperatur Ist: 26.63
2026-07-10 09:55:54 [MQTT Call: paho140732367419] INFO  c.s.Seminar1.services.MqttService - Gespeichert - Wago750 Status: 64.0
2026-07-10 09:55:55 [MQTT Call: paho140732367419] INFO  c.s.Seminar1.services.MqttService - Gespeichert - Wago750 Status: 128.0
2026-07-10 09:55:56 [MQTT Call: paho140732367419] INFO  c.s.Seminar1.services.MqttService - Gespeichert - Wago750 Status: 32768.0
2026-07-10 09:55:57 [MQTT Call: paho140732367419] INFO  c.s.Seminar1.services.MqttService - Gespeichert - Wago750 Status: 16384.0
2026-07-10 09:55:58 [MQTT Call: paho140732367419] INFO  c.s.Seminar1.services.MqttService - Gespeichert - Wago750 Status: 8192.0
2026-07-10 09:55:59 [MQTT Call: paho140732367419] INFO  c.s.Seminar1.services.MqttService - Gespeichert - Wago750 Status: 4096.0
2026-07-10 09:56:00 [MQTT Call: paho140732367419] INFO  c.s.Seminar1.services.MqttService - Gespeichert - Wago750 Status: 2048.0
2026-07-10 09:56:01 [MQTT Call: paho140732367419] INFO  c.s.Seminar1.services.MqttService - Gespeichert - Wago750 Status: 1024.0
2026-07-10 09:56:02 [MQTT Call: paho140732367419] INFO  c.s.Seminar1.services.MqttService - Gespeichert - Wago750 Status: 512.0
2026-07-10 09:56:03 [MQTT Call: paho140732367419] INFO  c.s.Seminar1.services.MqttService - Gespeichert - Temperatur Soll: 26.89
2026-07-10 09:56:03 [MQTT Call: paho140732367419] INFO  c.s.Seminar1.services.MqttService - Gespeichert - Wago750 Status: 256.0
2026-07-10 09:56:03 [MQTT Call: paho140732367419] INFO  c.s.Seminar1.services.MqttService - Gespeichert - Temperatur Differenz: -0.26
2026-07-10 09:56:04 [MQTT Call: paho140732367419] INFO  c.s.Seminar1.services.MqttService - Gespeichert - Temperatur Soll: 26.86
2026-07-10 09:56:04 [MQTT Call: paho140732367419] INFO  c.s.Seminar1.services.MqttService - Gespeichert - Wago750 Status: 1.0
2026-07-10 09:56:05 [MQTT Call: paho140732367419] INFO  c.s.Seminar1.services.MqttService - Gespeichert - Temperatur Soll: 26.89
2026-07-10 09:56:05 [MQTT Call: paho140732367419] INFO  c.s.Seminar1.services.MqttService - Gespeichert - Wago750 Status: 2.0
2026-07-10 09:56:06 [MQTT Call: paho140732367419] INFO  c.s.Seminar1.services.MqttService - Gespeichert - Wago750 Status: 4.0
2026-07-10 09:56:07 [MQTT Call: paho140732367419] INFO  c.s.Seminar1.services.MqttService - Gespeichert - Wago750 Status: 8.0
2026-07-10 09:56:08 [MQTT Call: paho140732367419] INFO  c.s.Seminar1.services.MqttService - Gespeichert - Wago750 Status: 16.0
2026-07-10 09:56:11 [MQTT Call: paho140732367419] INFO  c.s.Seminar1.services.MqttService - Gespeichert - Wago750 Status: 32.0
2026-07-10 09:56:11 [MQTT Call: paho140732367419] INFO  c.s.Seminar1.services.MqttService - Gespeichert - Wago750 Status: 64.0
2026-07-10 09:56:11 [MQTT Call: paho140732367419] INFO  c.s.Seminar1.services.MqttService - Gespeichert - Wago750 Status: 128.0
2026-07-10 09:56:12 [MQTT Call: paho140732367419] INFO  c.s.Seminar1.services.MqttService - Gespeichert - Wago750 Status: 32768.0
2026-07-10 09:56:13 [MQTT Call: paho140732367419] INFO  c.s.Seminar1.services.MqttService - Gespeichert - Wago750 Control: 3
2026-07-10 09:56:13 [MQTT Call: paho140732367419] INFO  c.s.Seminar1.services.MqttService - Gespeichert - Wago750 Status: 6168.0
2026-07-10 09:56:14 [MQTT Call: paho140732367419] INFO  c.s.Seminar1.services.MqttService - Gespeichert - Wago750 Status: 9252.0
2026-07-10 09:56:15 [MQTT Call: paho140732367419] INFO  c.s.Seminar1.services.MqttService - Gespeichert - Wago750 Status: 16962.0
2026-07-10 09:56:16 [MQTT Call: paho140732367419] INFO  c.s.Seminar1.services.MqttService - Gespeichert - Wago750 Status: 33153.0
2026-07-10 09:56:16 [MQTT Call: paho140732367419] INFO  c.s.Seminar1.services.MqttService - Gespeichert - Temperatur Differenz: -0.24
2026-07-10 09:56:16 [MQTT Call: paho140732367419] INFO  c.s.Seminar1.services.MqttService - Gespeichert - Temperatur Ist: 26.65
2026-07-10 09:56:17 [MQTT Call: paho140732367419] INFO  c.s.Seminar1.services.MqttService - Gespeichert - Wago750 Status: 16962.0
2026-07-10 09:56:18 [MQTT Call: paho140732367419] INFO  c.s.Seminar1.services.MqttService - Gespeichert - Wago750 Status: 9252.0
2026-07-10 09:56:19 [MQTT Call: paho140732367419] INFO  c.s.Seminar1.services.MqttService - Gespeichert - Wago750 Status: 6168.0
2026-07-10 09:56:20 [MQTT Call: paho140732367419] INFO  c.s.Seminar1.services.MqttService - Gespeichert - Wago750 Status: 9252.0
2026-07-10 09:56:21 [MQTT Call: paho140732367419] INFO  c.s.Seminar1.services.MqttService - Gespeichert - Wago750 Status: 16962.0
2026-07-10 09:56:22 [MQTT Call: paho140732367419] INFO  c.s.Seminar1.services.MqttService - Gespeichert - Wago750 Status: 33153.0
2026-07-10 09:56:23 [MQTT Call: paho140732367419] INFO  c.s.Seminar1.services.MqttService - Gespeichert - Wago750 Status: 16962.0
2026-07-10 09:56:24 [MQTT Call: paho140732367419] INFO  c.s.Seminar1.services.MqttService - Gespeichert - Wago750 Status: 9252.0
2026-07-10 09:56:25 [MQTT Call: paho140732367419] INFO  c.s.Seminar1.services.MqttService - Gespeichert - Wago750 Status: 6168.0
2026-07-10 09:56:26 [MQTT Call: paho140732367419] INFO  c.s.Seminar1.services.MqttService - Gespeichert - Wago750 Status: 9252.0
2026-07-10 09:56:26 [MQTT Call: paho140732367419] INFO  c.s.Seminar1.services.MqttService - Gespeichert - Temperatur Differenz: -0.26
2026-07-10 09:56:27 [MQTT Call: paho140732367419] INFO  c.s.Seminar1.services.MqttService - Gespeichert - Wago750 Status: 16962.0
2026-07-10 09:56:27 [MQTT Call: paho140732367419] INFO  c.s.Seminar1.services.MqttService - Gespeichert - Temperatur Differenz: -0.24
2026-07-10 09:56:28 [MQTT Call: paho140732367419] INFO  c.s.Seminar1.services.MqttService - Gespeichert - Wago750 Status: 33153.0
2026-07-10 09:56:29 [MQTT Call: paho140732367419] INFO  c.s.Seminar1.services.MqttService - Gespeichert - Temperatur Soll: 26.91
2026-07-10 09:56:29 [MQTT Call: paho140732367419] INFO  c.s.Seminar1.services.MqttService - Gespeichert - Wago750 Status: 16962.0
2026-07-10 09:56:29 [MQTT Call: paho140732367419] INFO  c.s.Seminar1.services.MqttService - Gespeichert - Temperatur Differenz: -0.26
2026-07-10 09:56:31 [MQTT Call: paho140732367419] INFO  c.s.Seminar1.services.MqttService - Gespeichert - Wago750 Status: 9252.0
2026-07-10 09:56:31 [MQTT Call: paho140732367419] INFO  c.s.Seminar1.services.MqttService - Gespeichert - Wago750 Status: 6168.0
2026-07-10 09:56:32 [MQTT Call: paho140732367419] INFO  c.s.Seminar1.services.MqttService - Gespeichert - Wago750 Status: 9252.0
2026-07-10 09:56:33 [MQTT Call: paho140732367419] INFO  c.s.Seminar1.services.MqttService - Gespeichert - Wago750 Status: 16962.0
2026-07-10 09:56:34 [MQTT Call: paho140732367419] INFO  c.s.Seminar1.services.MqttService - Gespeichert - Wago750 Status: 33153.0
2026-07-10 09:56:35 [MQTT Call: paho140732367419] INFO  c.s.Seminar1.services.MqttService - Gespeichert - Wago750 Status: 16962.0
2026-07-10 09:56:38 [MQTT Call: paho140732367419] INFO  c.s.Seminar1.services.MqttService - Gespeichert - Wago750 Status: 9252.0
2026-07-10 09:56:38 [MQTT Call: paho140732367419] INFO  c.s.Seminar1.services.MqttService - Gespeichert - Wago750 Control: 0
2026-07-10 09:56:38 [MQTT Call: paho140732367419] INFO  c.s.Seminar1.services.MqttService - Gespeichert - Wago750 Status: 0.0
2026-07-10 09:56:39 [MQTT Call: paho140732367419] INFO  c.s.Seminar1.services.MqttService - Gespeichert - Temperatur Differenz: -0.23
2026-07-10 09:56:39 [MQTT Call: paho140732367419] INFO  c.s.Seminar1.services.MqttService - Gespeichert - Temperatur Ist: 26.68
2026-07-10 09:56:42 [MQTT Call: paho140732367419] INFO  c.s.Seminar1.services.MqttService - Gespeichert - Temperatur Differenz: -0.26
2026-07-10 09:56:42 [MQTT Call: paho140732367419] INFO  c.s.Seminar1.services.MqttService - Gespeichert - Temperatur Ist: 26.65
2026-07-10 09:56:43 [MQTT Call: paho140732367419] INFO  c.s.Seminar1.services.MqttService - Gespeichert - Temperatur Differenz: -0.23
2026-07-10 09:56:43 [MQTT Call: paho140732367419] INFO  c.s.Seminar1.services.MqttService - Gespeichert - Temperatur Ist: 26.68
2026-07-10 09:56:44 [MQTT Call: paho140732367419] INFO  c.s.Seminar1.services.MqttService - Gespeichert - Wago750 Control: 3
2026-07-10 09:56:44 [MQTT Call: paho140732367419] INFO  c.s.Seminar1.services.MqttService - Gespeichert - Wago750 Status: 9252.0
2026-07-10 09:56:46 [MQTT Call: paho140732367419] INFO  c.s.Seminar1.services.MqttService - Gespeichert - Wago750 Status: 16962.0
2026-07-10 09:56:47 [MQTT Call: paho140732367419] INFO  c.s.Seminar1.services.MqttService - Gespeichert - Wago750 Status: 33153.0
2026-07-10 09:56:49 [MQTT Call: paho140732367419] INFO  c.s.Seminar1.services.MqttService - Gespeichert - Wago750 Status: 16962.0
2026-07-10 09:56:50 [MQTT Call: paho140732367419] INFO  c.s.Seminar1.services.MqttService - Gespeichert - Wago750 Status: 9252.0
2026-07-10 09:56:51 [MQTT Call: paho140732367419] INFO  c.s.Seminar1.services.MqttService - Gespeichert - Wago750 Status: 6168.0
2026-07-10 09:56:52 [MQTT Call: paho140732367419] INFO  c.s.Seminar1.services.MqttService - Gespeichert - Wago750 Status: 9252.0
2026-07-10 09:56:53 [MQTT Call: paho140732367419] INFO  c.s.Seminar1.services.MqttService - Gespeichert - Wago750 Status: 16962.0
2026-07-10 09:56:53 [MQTT Call: paho140732367419] INFO  c.s.Seminar1.services.MqttService - Gespeichert - Wago750 Status: 33153.0
2026-07-10 09:56:54 [MQTT Call: paho140732367419] INFO  c.s.Seminar1.services.MqttService - Gespeichert - Wago750 Status: 16962.0
2026-07-10 09:56:56 [MQTT Call: paho140732367419] INFO  c.s.Seminar1.services.MqttService - Gespeichert - Wago750 Status: 9252.0
2026-07-10 09:56:56 [MQTT Call: paho140732367419] INFO  c.s.Seminar1.services.MqttService - Gespeichert - Wago750 Status: 6168.0
2026-07-10 09:56:57 [MQTT Call: paho140732367419] INFO  c.s.Seminar1.services.MqttService - Gespeichert - Wago750 Control: 1
2026-07-10 09:56:57 [MQTT Call: paho140732367419] INFO  c.s.Seminar1.services.MqttService - Gespeichert - Wago750 Status: 65280.0
2026-07-10 09:56:59 [MQTT Call: paho140732367419] INFO  c.s.Seminar1.services.MqttService - Gespeichert - Wago750 Status: 255.0
2026-07-10 09:57:00 [MQTT Call: paho140732367419] INFO  c.s.Seminar1.services.MqttService - Gespeichert - Wago750 Status: 65280.0
2026-07-10 09:57:00 [MQTT Call: paho140732367419] INFO  c.s.Seminar1.services.MqttService - Gespeichert - Wago750 Status: 255.0
2026-07-10 09:57:01 [MQTT Call: paho140732367419] INFO  c.s.Seminar1.services.MqttService - Gespeichert - Wago750 Status: 65280.0
2026-07-10 09:57:02 [MQTT Call: paho140732367419] INFO  c.s.Seminar1.services.MqttService - Gespeichert - Wago750 Status: 255.0
2026-07-10 09:57:04 [MQTT Call: paho140732367419] INFO  c.s.Seminar1.services.MqttService - Gespeichert - Wago750 Status: 65280.0
2026-07-10 09:57:04 [MQTT Call: paho140732367419] INFO  c.s.Seminar1.services.MqttService - Gespeichert - Temperatur Differenz: -0.22
2026-07-10 09:57:04 [MQTT Call: paho140732367419] INFO  c.s.Seminar1.services.MqttService - Gespeichert - Temperatur Ist: 26.69
2026-07-10 09:57:04 [MQTT Call: paho140732367419] INFO  c.s.Seminar1.services.MqttService - Gespeichert - Wago750 Control: 0
2026-07-10 09:57:04 [MQTT Call: paho140732367419] INFO  c.s.Seminar1.services.MqttService - Gespeichert - Temperatur Soll: 26.92
2026-07-10 09:57:04 [MQTT Call: paho140732367419] INFO  c.s.Seminar1.services.MqttService - Gespeichert - Wago750 Status: 0.0
2026-07-10 09:57:04 [MQTT Call: paho140732367419] INFO  c.s.Seminar1.services.MqttService - Gespeichert - Temperatur Differenz: -0.24
2026-07-10 09:57:04 [MQTT Call: paho140732367419] INFO  c.s.Seminar1.services.MqttService - Gespeichert - Temperatur Ist: 26.68
2026-07-10 09:57:05 [MQTT Call: paho140732367419] INFO  c.s.Seminar1.services.MqttService - Gespeichert - Temperatur Differenz: -0.23
2026-07-10 09:57:05 [MQTT Call: paho140732367419] INFO  c.s.Seminar1.services.MqttService - Gespeichert - Temperatur Ist: 26.69
2026-07-10 09:57:18 [MQTT Call: paho140732367419] INFO  c.s.Seminar1.services.MqttService - Gespeichert - Wago750 Control: 1
2026-07-10 09:57:18 [MQTT Call: paho140732367419] INFO  c.s.Seminar1.services.MqttService - Gespeichert - Wago750 Status: 65280.0
2026-07-10 09:57:19 [MQTT Call: paho140732367419] INFO  c.s.Seminar1.services.MqttService - Gespeichert - Wago750 Status: 255.0
2026-07-10 09:57:20 [MQTT Call: paho140732367419] INFO  c.s.Seminar1.services.MqttService - Gespeichert - Wago750 Status: 65280.0
2026-07-10 09:57:21 [MQTT Call: paho140732367419] INFO  c.s.Seminar1.services.MqttService - Gespeichert - Wago750 Status: 255.0
2026-07-10 09:57:22 [MQTT Call: paho140732367419] INFO  c.s.Seminar1.services.MqttService - Gespeichert - Wago750 Status: 65280.0
2026-07-10 09:57:23 [MQTT Call: paho140732367419] INFO  c.s.Seminar1.services.MqttService - Gespeichert - Wago750 Status: 255.0
2026-07-10 09:57:24 [MQTT Call: paho140732367419] INFO  c.s.Seminar1.services.MqttService - Gespeichert - Wago750 Status: 65280.0
2026-07-10 09:57:25 [MQTT Call: paho140732367419] INFO  c.s.Seminar1.services.MqttService - Gespeichert - Wago750 Status: 255.0
2026-07-10 09:57:26 [MQTT Call: paho140732367419] INFO  c.s.Seminar1.services.MqttService - Gespeichert - Wago750 Status: 65280.0
2026-07-10 09:57:27 [MQTT Call: paho140732367419] INFO  c.s.Seminar1.services.MqttService - Gespeichert - Wago750 Status: 255.0
2026-07-10 09:57:28 [MQTT Call: paho140732367419] INFO  c.s.Seminar1.services.MqttService - Gespeichert - Wago750 Status: 65280.0
2026-07-10 09:57:29 [MQTT Call: paho140732367419] INFO  c.s.Seminar1.services.MqttService - Gespeichert - Wago750 Status: 255.0
2026-07-10 09:57:30 [MQTT Call: paho140732367419] INFO  c.s.Seminar1.services.MqttService - Gespeichert - Wago750 Status: 65280.0
2026-07-10 09:57:30 [MQTT Call: paho140732367419] INFO  c.s.Seminar1.services.MqttService - Gespeichert - Temperatur Differenz: -0.21
2026-07-10 09:57:30 [MQTT Call: paho140732367419] INFO  c.s.Seminar1.services.MqttService - Gespeichert - Temperatur Ist: 26.71
2026-07-10 09:57:31 [MQTT Call: paho140732367419] INFO  c.s.Seminar1.services.MqttService - Gespeichert - Wago750 Status: 255.0
2026-07-10 09:57:32 [MQTT Call: paho140732367419] INFO  c.s.Seminar1.services.MqttService - Gespeichert - Wago750 Status: 65280.0
2026-07-10 09:57:33 [MQTT Call: paho140732367419] INFO  c.s.Seminar1.services.MqttService - Gespeichert - Wago750 Status: 255.0
2026-07-10 09:57:34 [MQTT Call: paho140732367419] INFO  c.s.Seminar1.services.MqttService - Gespeichert - Wago750 Status: 65280.0
2026-07-10 09:57:35 [MQTT Call: paho140732367419] INFO  c.s.Seminar1.services.MqttService - Gespeichert - Wago750 Status: 255.0
2026-07-10 09:57:36 [MQTT Call: paho140732367419] INFO  c.s.Seminar1.services.MqttService - Gespeichert - Temperatur Soll: 26.95
2026-07-10 09:57:36 [MQTT Call: paho140732367419] INFO  c.s.Seminar1.services.MqttService - Gespeichert - Wago750 Status: 65280.0
2026-07-10 09:57:36 [MQTT Call: paho140732367419] INFO  c.s.Seminar1.services.MqttService - Gespeichert - Temperatur Differenz: -0.24
2026-07-10 09:57:37 [MQTT Call: paho140732367419] INFO  c.s.Seminar1.services.MqttService - Gespeichert - Wago750 Status: 255.0
2026-07-10 09:57:38 [MQTT Call: paho140732367419] INFO  c.s.Seminar1.services.MqttService - Gespeichert - Wago750 Status: 65280.0
2026-07-10 09:57:39 [MQTT Call: paho140732367419] INFO  c.s.Seminar1.services.MqttService - Gespeichert - Wago750 Status: 255.0
2026-07-10 09:57:40 [MQTT Call: paho140732367419] INFO  c.s.Seminar1.services.MqttService - Gespeichert - Wago750 Status: 65280.0
2026-07-10 09:57:42 [MQTT Call: paho140732367419] INFO  c.s.Seminar1.services.MqttService - Gespeichert - Wago750 Status: 255.0
2026-07-10 09:57:44 [MQTT Call: paho140732367419] INFO  c.s.Seminar1.services.MqttService - Gespeichert - Wago750 Status: 65280.0
2026-07-10 09:57:44 [MQTT Call: paho140732367419] INFO  c.s.Seminar1.services.MqttService - Gespeichert - Wago750 Status: 255.0
2026-07-10 09:57:45 [MQTT Call: paho140732367419] INFO  c.s.Seminar1.services.MqttService - Gespeichert - Wago750 Status: 65280.0
2026-07-10 09:57:46 [MQTT Call: paho140732367419] INFO  c.s.Seminar1.services.MqttService - Gespeichert - Wago750 Status: 255.0
2026-07-10 09:57:48 [MQTT Call: paho140732367419] INFO  c.s.Seminar1.services.MqttService - Gespeichert - Wago750 Status: 65280.0
2026-07-10 09:57:48 [MQTT Call: paho140732367419] INFO  c.s.Seminar1.services.MqttService - Gespeichert - Wago750 Status: 255.0
2026-07-10 09:57:49 [MQTT Call: paho140732367419] INFO  c.s.Seminar1.services.MqttService - Gespeichert - Wago750 Status: 65280.0
2026-07-10 09:57:50 [MQTT Call: paho140732367419] INFO  c.s.Seminar1.services.MqttService - Gespeichert - Wago750 Status: 255.0
2026-07-10 09:57:51 [MQTT Call: paho140732367419] INFO  c.s.Seminar1.services.MqttService - Gespeichert - Wago750 Status: 65280.0
2026-07-10 09:57:52 [MQTT Call: paho140732367419] INFO  c.s.Seminar1.services.MqttService - Gespeichert - Wago750 Status: 255.0
2026-07-10 09:57:53 [MQTT Call: paho140732367419] INFO  c.s.Seminar1.services.MqttService - Gespeichert - Wago750 Status: 65280.0
2026-07-10 09:57:54 [MQTT Call: paho140732367419] INFO  c.s.Seminar1.services.MqttService - Gespeichert - Wago750 Status: 255.0
2026-07-10 09:57:54 [MQTT Call: paho140732367419] INFO  c.s.Seminar1.services.MqttService - Gespeichert - Temperatur Differenz: -0.22
2026-07-10 09:57:54 [MQTT Call: paho140732367419] INFO  c.s.Seminar1.services.MqttService - Gespeichert - Temperatur Ist: 26.73
2026-07-10 09:57:55 [MQTT Call: paho140732367419] INFO  c.s.Seminar1.services.MqttService - Gespeichert - Wago750 Status: 65280.0
2026-07-10 09:57:55 [MQTT Call: paho140732367419] INFO  c.s.Seminar1.services.MqttService - Gespeichert - Temperatur Differenz: -0.24
2026-07-10 09:57:55 [MQTT Call: paho140732367419] INFO  c.s.Seminar1.services.MqttService - Gespeichert - Temperatur Ist: 26.71
2026-07-10 09:57:56 [MQTT Call: paho140732367419] INFO  c.s.Seminar1.services.MqttService - Gespeichert - Wago750 Status: 255.0
2026-07-10 09:57:56 [MQTT Call: paho140732367419] INFO  c.s.Seminar1.services.MqttService - Gespeichert - Temperatur Differenz: -0.22
2026-07-10 09:57:56 [MQTT Call: paho140732367419] INFO  c.s.Seminar1.services.MqttService - Gespeichert - Temperatur Ist: 26.73
2026-07-10 09:57:57 [MQTT Call: paho140732367419] INFO  c.s.Seminar1.services.MqttService - Gespeichert - Temperatur Soll: 26.96
2026-07-10 09:57:57 [MQTT Call: paho140732367419] INFO  c.s.Seminar1.services.MqttService - Gespeichert - Wago750 Status: 65280.0
2026-07-10 09:57:57 [MQTT Call: paho140732367419] INFO  c.s.Seminar1.services.MqttService - Gespeichert - Temperatur Differenz: -0.23
2026-07-10 09:57:58 [MQTT Call: paho140732367419] INFO  c.s.Seminar1.services.MqttService - Gespeichert - Wago750 Status: 255.0
2026-07-10 09:57:59 [MQTT Call: paho140732367419] INFO  c.s.Seminar1.services.MqttService - Gespeichert - Wago750 Status: 65280.0
2026-07-10 09:57:59 [MQTT Call: paho140732367419] INFO  c.s.Seminar1.services.MqttService - Gespeichert - Temperatur Differenz: -0.22
2026-07-10 09:58:00 [MQTT Call: paho140732367419] INFO  c.s.Seminar1.services.MqttService - Gespeichert - Wago750 Status: 255.0
2026-07-10 09:58:00 [MQTT Call: paho140732367419] INFO  c.s.Seminar1.services.MqttService - Gespeichert - Temperatur Differenz: -0.23
2026-07-10 09:58:01 [MQTT Call: paho140732367419] INFO  c.s.Seminar1.services.MqttService - Gespeichert - Wago750 Status: 65280.0
2026-07-10 09:58:02 [MQTT Call: paho140732367419] INFO  c.s.Seminar1.services.MqttService - Gespeichert - Wago750 Status: 255.0
2026-07-10 09:58:03 [MQTT Call: paho140732367419] INFO  c.s.Seminar1.services.MqttService - Gespeichert - Wago750 Status: 65280.0
2026-07-10 09:58:04 [http-nio-80-exec-7] INFO  c.s.Seminar1.services.MqttService - MQTT-Nachricht gesendet -> Topic: 'Wago750/Control', Payload: '2'
2026-07-10 09:58:04 [http-nio-80-exec-7] INFO  c.s.S.controller.WagoController - POST /wago/control - Steuerbefehl empfangen: 2
2026-07-10 09:58:04 [MQTT Call: paho140732367419] INFO  c.s.Seminar1.services.MqttService - Gespeichert - Wago750 Control: 2
2026-07-10 09:58:04 [MQTT Call: paho140732367419] INFO  c.s.Seminar1.services.MqttService - Gespeichert - Wago750 Status: 8192.0
2026-07-10 09:58:05 [MQTT Call: paho140732367419] INFO  c.s.Seminar1.services.MqttService - Gespeichert - Wago750 Status: 4096.0
2026-07-10 09:58:06 [MQTT Call: paho140732367419] INFO  c.s.Seminar1.services.MqttService - Gespeichert - Wago750 Status: 2048.0
2026-07-10 09:58:07 [MQTT Call: paho140732367419] INFO  c.s.Seminar1.services.MqttService - Gespeichert - Wago750 Status: 1024.0
2026-07-10 09:58:09 [MQTT Call: paho140732367419] INFO  c.s.Seminar1.services.MqttService - Gespeichert - Wago750 Status: 512.0
2026-07-10 09:58:09 [MQTT Call: paho140732367419] INFO  c.s.Seminar1.services.MqttService - Gespeichert - Wago750 Status: 256.0
2026-07-10 09:58:11 [MQTT Call: paho140732367419] INFO  c.s.Seminar1.services.MqttService - Gespeichert - Wago750 Status: 1.0
2026-07-10 09:58:12 [MQTT Call: paho140732367419] INFO  c.s.Seminar1.services.MqttService - Gespeichert - Wago750 Status: 2.0
2026-07-10 09:58:13 [MQTT Call: paho140732367419] INFO  c.s.Seminar1.services.MqttService - Gespeichert - Wago750 Status: 4.0
2026-07-10 09:58:13 [MQTT Call: paho140732367419] INFO  c.s.Seminar1.services.MqttService - Gespeichert - Wago750 Status: 8.0
2026-07-10 09:58:15 [MQTT Call: paho140732367419] INFO  c.s.Seminar1.services.MqttService - Gespeichert - Wago750 Status: 16.0
2026-07-10 09:58:16 [MQTT Call: paho140732367419] INFO  c.s.Seminar1.services.MqttService - Gespeichert - Wago750 Status: 32.0
2026-07-10 09:58:17 [MQTT Call: paho140732367419] INFO  c.s.Seminar1.services.MqttService - Gespeichert - Wago750 Status: 64.0
2026-07-10 09:58:17 [MQTT Call: paho140732367419] INFO  c.s.Seminar1.services.MqttService - Gespeichert - Wago750 Status: 128.0
2026-07-10 09:58:19 [MQTT Call: paho140732367419] INFO  c.s.Seminar1.services.MqttService - Gespeichert - Wago750 Status: 32768.0
2026-07-10 09:58:20 [MQTT Call: paho140732367419] INFO  c.s.Seminar1.services.MqttService - Gespeichert - Wago750 Status: 16384.0
2026-07-10 09:58:20 [MQTT Call: paho140732367419] INFO  c.s.Seminar1.services.MqttService - Gespeichert - Temperatur Differenz: -0.21
2026-07-10 09:58:20 [MQTT Call: paho140732367419] INFO  c.s.Seminar1.services.MqttService - Gespeichert - Temperatur Ist: 26.75
2026-07-10 09:58:20 [MQTT Call: paho140732367419] INFO  c.s.Seminar1.services.MqttService - Gespeichert - Wago750 Status: 8192.0
2026-07-10 09:58:21 [MQTT Call: paho140732367419] INFO  c.s.Seminar1.services.MqttService - Gespeichert - Temperatur Soll: 26.99
2026-07-10 09:58:21 [MQTT Call: paho140732367419] INFO  c.s.Seminar1.services.MqttService - Gespeichert - Wago750 Status: 4096.0
2026-07-10 09:58:21 [MQTT Call: paho140732367419] INFO  c.s.Seminar1.services.MqttService - Gespeichert - Temperatur Differenz: -0.24
2026-07-10 09:58:22 [MQTT Call: paho140732367419] INFO  c.s.Seminar1.services.MqttService - Gespeichert - Wago750 Status: 2048.0
2026-07-10 09:58:24 [MQTT Call: paho140732367419] INFO  c.s.Seminar1.services.MqttService - Gespeichert - Wago750 Status: 1024.0
2026-07-10 09:58:24 [MQTT Call: paho140732367419] INFO  c.s.Seminar1.services.MqttService - Gespeichert - Wago750 Status: 512.0
2026-07-10 09:58:26 [MQTT Call: paho140732367419] INFO  c.s.Seminar1.services.MqttService - Gespeichert - Wago750 Status: 256.0
2026-07-10 09:58:26 [MQTT Call: paho140732367419] INFO  c.s.Seminar1.services.MqttService - Gespeichert - Wago750 Status: 1.0
2026-07-10 09:58:27 [MQTT Call: paho140732367419] INFO  c.s.Seminar1.services.MqttService - Gespeichert - Wago750 Status: 2.0
2026-07-10 09:58:28 [MQTT Call: paho140732367419] INFO  c.s.Seminar1.services.MqttService - Gespeichert - Wago750 Status: 4.0
2026-07-10 09:58:29 [MQTT Call: paho140732367419] INFO  c.s.Seminar1.services.MqttService - Gespeichert - Wago750 Control: 1
2026-07-10 09:58:29 [MQTT Call: paho140732367419] INFO  c.s.Seminar1.services.MqttService - Gespeichert - Wago750 Status: 65280.0
2026-07-10 09:58:30 [MQTT Call: paho140732367419] INFO  c.s.Seminar1.services.MqttService - Gespeichert - Wago750 Status: 255.0
2026-07-10 09:58:31 [MQTT Call: paho140732367419] INFO  c.s.Seminar1.services.MqttService - Gespeichert - Wago750 Status: 65280.0
2026-07-10 09:58:32 [MQTT Call: paho140732367419] INFO  c.s.Seminar1.services.MqttService - Gespeichert - Wago750 Status: 255.0
2026-07-10 09:58:33 [MQTT Call: paho140732367419] INFO  c.s.Seminar1.services.MqttService - Gespeichert - Wago750 Status: 65280.0
2026-07-10 09:58:34 [MQTT Call: paho140732367419] INFO  c.s.Seminar1.services.MqttService - Gespeichert - Wago750 Status: 255.0
2026-07-10 09:58:35 [MQTT Call: paho140732367419] INFO  c.s.Seminar1.services.MqttService - Gespeichert - Wago750 Status: 65280.0
2026-07-10 09:58:36 [MQTT Call: paho140732367419] INFO  c.s.Seminar1.services.MqttService - Gespeichert - Wago750 Status: 255.0
2026-07-10 09:58:37 [MQTT Call: paho140732367419] INFO  c.s.Seminar1.services.MqttService - Gespeichert - Wago750 Status: 65280.0
2026-07-10 09:58:38 [MQTT Call: paho140732367419] INFO  c.s.Seminar1.services.MqttService - Gespeichert - Wago750 Status: 255.0
2026-07-10 09:58:39 [MQTT Call: paho140732367419] INFO  c.s.Seminar1.services.MqttService - Gespeichert - Wago750 Status: 65280.0
2026-07-10 09:58:40 [MQTT Call: paho140732367419] INFO  c.s.Seminar1.services.MqttService - Gespeichert - Wago750 Status: 255.0
2026-07-10 09:58:41 [MQTT Call: paho140732367419] INFO  c.s.Seminar1.services.MqttService - Gespeichert - Wago750 Status: 65280.0
2026-07-10 09:58:42 [MQTT Call: paho140732367419] INFO  c.s.Seminar1.services.MqttService - Gespeichert - Temperatur Soll: 27.01
2026-07-10 09:58:42 [MQTT Call: paho140732367419] INFO  c.s.Seminar1.services.MqttService - Gespeichert - Temperatur Differenz: -0.26
2026-07-10 09:58:43 [MQTT Call: paho140732367419] INFO  c.s.Seminar1.services.MqttService - Gespeichert - Wago750 Status: 255.0
2026-07-10 09:58:43 [MQTT Call: paho140732367419] INFO  c.s.Seminar1.services.MqttService - Gespeichert - Temperatur Soll: 26.99
2026-07-10 09:58:43 [MQTT Call: paho140732367419] INFO  c.s.Seminar1.services.MqttService - Gespeichert - Temperatur Differenz: -0.24
2026-07-10 09:58:43 [MQTT Call: paho140732367419] INFO  c.s.Seminar1.services.MqttService - Gespeichert - Wago750 Status: 65280.0
2026-07-10 09:58:44 [MQTT Call: paho140732367419] INFO  c.s.Seminar1.services.MqttService - Gespeichert - Temperatur Soll: 27.01
2026-07-10 09:58:44 [MQTT Call: paho140732367419] INFO  c.s.Seminar1.services.MqttService - Gespeichert - Temperatur Differenz: -0.26
2026-07-10 09:58:45 [MQTT Call: paho140732367419] INFO  c.s.Seminar1.services.MqttService - Gespeichert - Wago750 Status: 255.0
2026-07-10 09:58:46 [MQTT Call: paho140732367419] INFO  c.s.Seminar1.services.MqttService - Gespeichert - Wago750 Status: 65280.0
2026-07-10 09:58:46 [MQTT Call: paho140732367419] INFO  c.s.Seminar1.services.MqttService - Gespeichert - Wago750 Control: 2
2026-07-10 09:58:47 [MQTT Call: paho140732367419] INFO  c.s.Seminar1.services.MqttService - Gespeichert - Wago750 Status: 8.0
2026-07-10 09:58:48 [MQTT Call: paho140732367419] INFO  c.s.Seminar1.services.MqttService - Gespeichert - Wago750 Status: 16.0
2026-07-10 09:58:49 [MQTT Call: paho140732367419] INFO  c.s.Seminar1.services.MqttService - Gespeichert - Wago750 Status: 32.0
2026-07-10 09:58:49 [MQTT Call: paho140732367419] INFO  c.s.Seminar1.services.MqttService - Gespeichert - Wago750 Status: 64.0
2026-07-10 09:58:50 [MQTT Call: paho140732367419] INFO  c.s.Seminar1.services.MqttService - Gespeichert - Temperatur Differenz: -0.25
2026-07-10 09:58:50 [MQTT Call: paho140732367419] INFO  c.s.Seminar1.services.MqttService - Gespeichert - Temperatur Ist: 26.76
2026-07-10 09:58:50 [MQTT Call: paho140732367419] INFO  c.s.Seminar1.services.MqttService - Gespeichert - Wago750 Status: 128.0
2026-07-10 09:58:51 [MQTT Call: paho140732367419] INFO  c.s.Seminar1.services.MqttService - Gespeichert - Wago750 Control: 1
2026-07-10 09:58:51 [MQTT Call: paho140732367419] INFO  c.s.Seminar1.services.MqttService - Gespeichert - Wago750 Status: 255.0
2026-07-10 09:58:52 [MQTT Call: paho140732367419] INFO  c.s.Seminar1.services.MqttService - Gespeichert - Wago750 Control: 3
2026-07-10 09:58:52 [MQTT Call: paho140732367419] INFO  c.s.Seminar1.services.MqttService - Gespeichert - Wago750 Status: 16962.0
2026-07-10 09:58:54 [MQTT Call: paho140732367419] INFO  c.s.Seminar1.services.MqttService - Gespeichert - Wago750 Status: 33153.0
2026-07-10 09:58:55 [MQTT Call: paho140732367419] INFO  c.s.Seminar1.services.MqttService - Gespeichert - Wago750 Status: 16962.0
2026-07-10 09:58:55 [MQTT Call: paho140732367419] INFO  c.s.Seminar1.services.MqttService - Gespeichert - Wago750 Status: 9252.0
2026-07-10 09:58:57 [MQTT Call: paho140732367419] INFO  c.s.Seminar1.services.MqttService - Gespeichert - Wago750 Status: 6168.0
2026-07-10 09:58:57 [MQTT Call: paho140732367419] INFO  c.s.Seminar1.services.MqttService - Gespeichert - Wago750 Status: 9252.0
2026-07-10 09:58:58 [MQTT Call: paho140732367419] INFO  c.s.Seminar1.services.MqttService - Gespeichert - Wago750 Status: 16962.0
2026-07-10 09:58:59 [MQTT Call: paho140732367419] INFO  c.s.Seminar1.services.MqttService - Gespeichert - Wago750 Status: 33153.0
2026-07-10 09:58:59 [MQTT Call: paho140732367419] INFO  c.s.Seminar1.services.MqttService - Gespeichert - Wago750 Control: 2
2026-07-10 09:59:00 [MQTT Call: paho140732367419] INFO  c.s.Seminar1.services.MqttService - Gespeichert - Wago750 Status: 32768.0
2026-07-10 09:59:01 [MQTT Call: paho140732367419] INFO  c.s.Seminar1.services.MqttService - Gespeichert - Wago750 Control: 1
2026-07-10 09:59:01 [MQTT Call: paho140732367419] INFO  c.s.Seminar1.services.MqttService - Gespeichert - Wago750 Status: 255.0
2026-07-10 09:59:02 [MQTT Call: paho140732367419] INFO  c.s.Seminar1.services.MqttService - Gespeichert - Wago750 Status: 65280.0
2026-07-10 09:59:03 [MQTT Call: paho140732367419] INFO  c.s.Seminar1.services.MqttService - Gespeichert - Wago750 Status: 255.0
2026-07-10 09:59:04 [MQTT Call: paho140732367419] INFO  c.s.Seminar1.services.MqttService - Gespeichert - Wago750 Status: 65280.0
2026-07-10 09:59:05 [MQTT Call: paho140732367419] INFO  c.s.Seminar1.services.MqttService - Gespeichert - Wago750 Status: 255.0
2026-07-10 09:59:06 [MQTT Call: paho140732367419] INFO  c.s.Seminar1.services.MqttService - Gespeichert - Wago750 Status: 65280.0
2026-07-10 09:59:08 [MQTT Call: paho140732367419] INFO  c.s.Seminar1.services.MqttService - Gespeichert - Wago750 Status: 255.0
2026-07-10 09:59:08 [MQTT Call: paho140732367419] INFO  c.s.Seminar1.services.MqttService - Gespeichert - Wago750 Status: 65280.0
2026-07-10 09:59:09 [MQTT Call: paho140732367419] INFO  c.s.Seminar1.services.MqttService - Gespeichert - Temperatur Soll: 27.02
2026-07-10 09:59:09 [MQTT Call: paho140732367419] INFO  c.s.Seminar1.services.MqttService - Gespeichert - Temperatur Differenz: -0.26
2026-07-10 09:59:09 [MQTT Call: paho140732367419] INFO  c.s.Seminar1.services.MqttService - Gespeichert - Wago750 Status: 255.0
2026-07-10 09:59:12 [MQTT Call: paho140732367419] INFO  c.s.Seminar1.services.MqttService - Gespeichert - Wago750 Status: 65280.0
2026-07-10 09:59:12 [MQTT Call: paho140732367419] INFO  c.s.Seminar1.services.MqttService - Gespeichert - Wago750 Status: 255.0
2026-07-10 09:59:12 [MQTT Call: paho140732367419] INFO  c.s.Seminar1.services.MqttService - Gespeichert - Wago750 Status: 65280.0
2026-07-10 09:59:14 [MQTT Call: paho140732367419] INFO  c.s.Seminar1.services.MqttService - Gespeichert - Wago750 Status: 255.0
2026-07-10 09:59:14 [MQTT Call: paho140732367419] INFO  c.s.Seminar1.services.MqttService - Gespeichert - Wago750 Status: 65280.0
2026-07-10 09:59:15 [MQTT Call: paho140732367419] INFO  c.s.Seminar1.services.MqttService - Gespeichert - Wago750 Status: 255.0
2026-07-10 09:59:16 [MQTT Call: paho140732367419] INFO  c.s.Seminar1.services.MqttService - Gespeichert - Wago750 Status: 65280.0
2026-07-10 09:59:17 [MQTT Call: paho140732367419] INFO  c.s.Seminar1.services.MqttService - Gespeichert - Wago750 Status: 255.0
2026-07-10 09:59:19 [MQTT Call: paho140732367419] INFO  c.s.Seminar1.services.MqttService - Gespeichert - Wago750 Status: 65280.0
2026-07-10 09:59:19 [MQTT Call: paho140732367419] INFO  c.s.Seminar1.services.MqttService - Gespeichert - Temperatur Differenz: -0.23
2026-07-10 09:59:19 [MQTT Call: paho140732367419] INFO  c.s.Seminar1.services.MqttService - Gespeichert - Temperatur Ist: 26.79
2026-07-10 09:59:19 [MQTT Call: paho140732367419] INFO  c.s.Seminar1.services.MqttService - Gespeichert - Wago750 Status: 255.0
2026-07-10 09:59:20 [MQTT Call: paho140732367419] INFO  c.s.Seminar1.services.MqttService - Gespeichert - Wago750 Status: 65280.0
2026-07-10 09:59:21 [MQTT Call: paho140732367419] INFO  c.s.Seminar1.services.MqttService - Gespeichert - Wago750 Status: 255.0
2026-07-10 09:59:22 [MQTT Call: paho140732367419] INFO  c.s.Seminar1.services.MqttService - Gespeichert - Wago750 Status: 65280.0
2026-07-10 09:59:23 [MQTT Call: paho140732367419] INFO  c.s.Seminar1.services.MqttService - Gespeichert - Wago750 Status: 255.0
2026-07-10 09:59:25 [MQTT Call: paho140732367419] INFO  c.s.Seminar1.services.MqttService - Gespeichert - Wago750 Status: 65280.0
2026-07-10 09:59:25 [MQTT Call: paho140732367419] INFO  c.s.Seminar1.services.MqttService - Gespeichert - Wago750 Status: 255.0
2026-07-10 09:59:26 [MQTT Call: paho140732367419] INFO  c.s.Seminar1.services.MqttService - Gespeichert - Wago750 Status: 65280.0
2026-07-10 09:59:27 [MQTT Call: paho140732367419] INFO  c.s.Seminar1.services.MqttService - Gespeichert - Wago750 Status: 255.0
2026-07-10 09:59:27 [MQTT Call: paho140732367419] INFO  c.s.Seminar1.services.MqttService - Gespeichert - Temperatur Soll: 27.05
2026-07-10 09:59:27 [MQTT Call: paho140732367419] INFO  c.s.Seminar1.services.MqttService - Gespeichert - Temperatur Differenz: -0.26
2026-07-10 09:59:28 [MQTT Call: paho140732367419] INFO  c.s.Seminar1.services.MqttService - Gespeichert - Wago750 Status: 65280.0
2026-07-10 09:59:29 [MQTT Call: paho140732367419] INFO  c.s.Seminar1.services.MqttService - Gespeichert - Wago750 Status: 255.0
2026-07-10 09:59:30 [MQTT Call: paho140732367419] INFO  c.s.Seminar1.services.MqttService - Gespeichert - Wago750 Status: 65280.0
2026-07-10 09:59:31 [MQTT Call: paho140732367419] INFO  c.s.Seminar1.services.MqttService - Gespeichert - Wago750 Status: 255.0
2026-07-10 09:59:32 [MQTT Call: paho140732367419] INFO  c.s.Seminar1.services.MqttService - Gespeichert - Wago750 Status: 65280.0
2026-07-10 09:59:33 [MQTT Call: paho140732367419] INFO  c.s.Seminar1.services.MqttService - Gespeichert - Wago750 Status: 255.0
2026-07-10 09:59:34 [MQTT Call: paho140732367419] INFO  c.s.Seminar1.services.MqttService - Gespeichert - Wago750 Status: 65280.0
2026-07-10 09:59:35 [MQTT Call: paho140732367419] INFO  c.s.Seminar1.services.MqttService - Gespeichert - Wago750 Status: 255.0
2026-07-10 09:59:36 [MQTT Call: paho140732367419] INFO  c.s.Seminar1.services.MqttService - Gespeichert - Wago750 Status: 65280.0
2026-07-10 09:59:37 [MQTT Call: paho140732367419] INFO  c.s.Seminar1.services.MqttService - Gespeichert - Wago750 Status: 255.0
2026-07-10 09:59:38 [MQTT Call: paho140732367419] INFO  c.s.Seminar1.services.MqttService - Gespeichert - Wago750 Status: 65280.0
2026-07-10 09:59:39 [MQTT Call: paho140732367419] INFO  c.s.Seminar1.services.MqttService - Gespeichert - Wago750 Status: 255.0
2026-07-10 09:59:40 [MQTT Call: paho140732367419] INFO  c.s.Seminar1.services.MqttService - Gespeichert - Wago750 Status: 65280.0
2026-07-10 09:59:41 [MQTT Call: paho140732367419] INFO  c.s.Seminar1.services.MqttService - Gespeichert - Wago750 Status: 255.0
2026-07-10 09:59:42 [MQTT Call: paho140732367419] INFO  c.s.Seminar1.services.MqttService - Gespeichert - Wago750 Status: 65280.0
2026-07-10 09:59:43 [MQTT Call: paho140732367419] INFO  c.s.Seminar1.services.MqttService - Gespeichert - Wago750 Status: 255.0
2026-07-10 09:59:43 [MQTT Call: paho140732367419] INFO  c.s.Seminar1.services.MqttService - Gespeichert - Temperatur Differenz: -0.24
2026-07-10 09:59:44 [MQTT Call: paho140732367419] INFO  c.s.Seminar1.services.MqttService - Gespeichert - Temperatur Ist: 26.81
2026-07-10 09:59:45 [MQTT Call: paho140732367419] INFO  c.s.Seminar1.services.MqttService - Gespeichert - Wago750 Status: 65280.0
2026-07-10 09:59:45 [MQTT Call: paho140732367419] INFO  c.s.Seminar1.services.MqttService - Gespeichert - Temperatur Differenz: -0.26
2026-07-10 09:59:45 [MQTT Call: paho140732367419] INFO  c.s.Seminar1.services.MqttService - Gespeichert - Temperatur Ist: 26.79
2026-07-10 09:59:49 [MQTT Call: paho140732367419] INFO  c.s.Seminar1.services.MqttService - Gespeichert - Wago750 Status: 255.0
2026-07-10 09:59:49 [MQTT Call: paho140732367419] INFO  c.s.Seminar1.services.MqttService - Gespeichert - Wago750 Status: 65280.0
2026-07-10 09:59:49 [MQTT Call: paho140732367419] INFO  c.s.Seminar1.services.MqttService - Gespeichert - Temperatur Differenz: -0.24
2026-07-10 09:59:49 [MQTT Call: paho140732367419] INFO  c.s.Seminar1.services.MqttService - Gespeichert - Temperatur Ist: 26.81
2026-07-10 09:59:49 [MQTT Call: paho140732367419] INFO  c.s.Seminar1.services.MqttService - Gespeichert - Wago750 Status: 255.0
2026-07-10 09:59:49 [MQTT Call: paho140732367419] INFO  c.s.Seminar1.services.MqttService - Gespeichert - Temperatur Soll: 27.06
2026-07-10 09:59:49 [MQTT Call: paho140732367419] INFO  c.s.Seminar1.services.MqttService - Gespeichert - Temperatur Differenz: -0.25
2026-07-10 09:59:49 [MQTT Call: paho140732367419] INFO  c.s.Seminar1.services.MqttService - Gespeichert - Wago750 Status: 65280.0
2026-07-10 09:59:49 [MQTT Call: paho140732367419] INFO  c.s.Seminar1.services.MqttService - Gespeichert - Temperatur Soll: 27.05
2026-07-10 09:59:49 [MQTT Call: paho140732367419] INFO  c.s.Seminar1.services.MqttService - Gespeichert - Temperatur Differenz: -0.24
2026-07-10 09:59:49 [MQTT Call: paho140732367419] INFO  c.s.Seminar1.services.MqttService - Gespeichert - Wago750 Status: 255.0
2026-07-10 09:59:49 [MQTT Call: paho140732367419] INFO  c.s.Seminar1.services.MqttService - Gespeichert - Temperatur Soll: 27.06
2026-07-10 09:59:50 [MQTT Call: paho140732367419] INFO  c.s.Seminar1.services.MqttService - Gespeichert - Temperatur Differenz: -0.25
2026-07-10 09:59:50 [MQTT Call: paho140732367419] INFO  c.s.Seminar1.services.MqttService - Gespeichert - Wago750 Status: 65280.0
2026-07-10 09:59:51 [MQTT Call: paho140732367419] INFO  c.s.Seminar1.services.MqttService - Gespeichert - Wago750 Status: 255.0
2026-07-10 09:59:52 [MQTT Call: paho140732367419] INFO  c.s.Seminar1.services.MqttService - Gespeichert - Wago750 Status: 65280.0
2026-07-10 09:59:53 [MQTT Call: paho140732367419] INFO  c.s.Seminar1.services.MqttService - Gespeichert - Wago750 Status: 255.0
2026-07-10 09:59:54 [MQTT Call: paho140732367419] INFO  c.s.Seminar1.services.MqttService - Gespeichert - Wago750 Status: 65280.0
2026-07-10 09:59:55 [MQTT Call: paho140732367419] INFO  c.s.Seminar1.services.MqttService - Gespeichert - Wago750 Status: 255.0
2026-07-10 09:59:56 [MQTT Call: paho140732367419] INFO  c.s.Seminar1.services.MqttService - Gespeichert - Wago750 Status: 65280.0
2026-07-10 09:59:57 [MQTT Call: paho140732367419] INFO  c.s.Seminar1.services.MqttService - Gespeichert - Wago750 Status: 255.0
2026-07-10 09:59:58 [MQTT Call: paho140732367419] INFO  c.s.Seminar1.services.MqttService - Gespeichert - Wago750 Status: 65280.0
2026-07-10 09:59:59 [MQTT Call: paho140732367419] INFO  c.s.Seminar1.services.MqttService - Gespeichert - Wago750 Status: 255.0
2026-07-10 10:00:00 [MQTT Call: paho140732367419] INFO  c.s.Seminar1.services.MqttService - Gespeichert - Wago750 Status: 65280.0
2026-07-10 10:00:03 [MQTT Call: paho140732367419] INFO  c.s.Seminar1.services.MqttService - Gespeichert - Wago750 Status: 255.0
2026-07-10 10:00:04 [MQTT Call: paho140732367419] INFO  c.s.Seminar1.services.MqttService - Gespeichert - Wago750 Status: 65280.0
2026-07-10 10:00:04 [MQTT Call: paho140732367419] INFO  c.s.Seminar1.services.MqttService - Gespeichert - Temperatur Soll: 27.08
2026-07-10 10:00:04 [MQTT Call: paho140732367419] INFO  c.s.Seminar1.services.MqttService - Gespeichert - Temperatur Differenz: -0.27
2026-07-10 10:00:05 [MQTT Call: paho140732367419] INFO  c.s.Seminar1.services.MqttService - Gespeichert - Wago750 Status: 255.0
2026-07-10 10:00:05 [MQTT Call: paho140732367419] INFO  c.s.Seminar1.services.MqttService - Gespeichert - Temperatur Soll: 27.06
2026-07-10 10:00:06 [MQTT Call: paho140732367419] INFO  c.s.Seminar1.services.MqttService - Gespeichert - Wago750 Status: 65280.0
2026-07-10 10:00:06 [MQTT Call: paho140732367419] INFO  c.s.Seminar1.services.MqttService - Gespeichert - Temperatur Soll: 27.08
2026-07-10 10:00:07 [MQTT Call: paho140732367419] INFO  c.s.Seminar1.services.MqttService - Gespeichert - Wago750 Status: 255.0
2026-07-10 10:00:08 [MQTT Call: paho140732367419] INFO  c.s.Seminar1.services.MqttService - Gespeichert - Wago750 Status: 65280.0
2026-07-10 10:00:09 [MQTT Call: paho140732367419] INFO  c.s.Seminar1.services.MqttService - Gespeichert - Wago750 Status: 255.0
2026-07-10 10:00:10 [MQTT Call: paho140732367419] INFO  c.s.Seminar1.services.MqttService - Gespeichert - Wago750 Status: 65280.0
2026-07-10 10:00:10 [MQTT Call: paho140732367419] INFO  c.s.Seminar1.services.MqttService - Gespeichert - Temperatur Differenz: -0.25
2026-07-10 10:00:10 [MQTT Call: paho140732367419] INFO  c.s.Seminar1.services.MqttService - Gespeichert - Temperatur Ist: 26.83
2026-07-10 10:00:11 [MQTT Call: paho140732367419] INFO  c.s.Seminar1.services.MqttService - Gespeichert - Wago750 Status: 255.0
2026-07-10 10:00:12 [MQTT Call: paho140732367419] INFO  c.s.Seminar1.services.MqttService - Gespeichert - Temperatur Differenz: -0.27
2026-07-10 10:00:12 [MQTT Call: paho140732367419] INFO  c.s.Seminar1.services.MqttService - Gespeichert - Temperatur Ist: 26.81
2026-07-10 10:00:12 [MQTT Call: paho140732367419] INFO  c.s.Seminar1.services.MqttService - Gespeichert - Wago750 Status: 65280.0
2026-07-10 10:00:13 [MQTT Call: paho140732367419] INFO  c.s.Seminar1.services.MqttService - Gespeichert - Temperatur Differenz: -0.25
2026-07-10 10:00:13 [MQTT Call: paho140732367419] INFO  c.s.Seminar1.services.MqttService - Gespeichert - Temperatur Ist: 26.83
2026-07-10 10:00:13 [MQTT Call: paho140732367419] INFO  c.s.Seminar1.services.MqttService - Gespeichert - Wago750 Status: 255.0
2026-07-10 10:00:14 [MQTT Call: paho140732367419] INFO  c.s.Seminar1.services.MqttService - Gespeichert - Wago750 Status: 65280.0
2026-07-10 10:00:15 [MQTT Call: paho140732367419] INFO  c.s.Seminar1.services.MqttService - Gespeichert - Wago750 Status: 255.0
2026-07-10 10:00:16 [MQTT Call: paho140732367419] INFO  c.s.Seminar1.services.MqttService - Gespeichert - Wago750 Status: 65280.0
2026-07-10 10:00:17 [MQTT Call: paho140732367419] INFO  c.s.Seminar1.services.MqttService - Gespeichert - Wago750 Control: 0
2026-07-10 10:00:17 [MQTT Call: paho140732367419] INFO  c.s.Seminar1.services.MqttService - Gespeichert - Wago750 Status: 0.0
2026-07-10 10:00:21 [MQTT Call: paho140732367419] INFO  c.s.Seminar1.services.MqttService - Gespeichert - Temperatur Soll: 27.11
2026-07-10 10:00:22 [MQTT Call: paho140732367419] INFO  c.s.Seminar1.services.MqttService - Gespeichert - Temperatur Differenz: -0.28
2026-07-10 10:00:22 [MQTT Call: paho140732367419] INFO  c.s.Seminar1.services.MqttService - Gespeichert - Temperatur Soll: 27.08
2026-07-10 10:00:23 [MQTT Call: paho140732367419] INFO  c.s.Seminar1.services.MqttService - Gespeichert - Temperatur Differenz: -0.25
2026-07-10 10:00:23 [MQTT Call: paho140732367419] INFO  c.s.Seminar1.services.MqttService - Gespeichert - Temperatur Soll: 27.11
2026-07-10 10:00:24 [MQTT Call: paho140732367419] INFO  c.s.Seminar1.services.MqttService - Gespeichert - Temperatur Differenz: -0.28
2026-07-10 10:00:24 [MQTT Call: paho140732367419] INFO  c.s.Seminar1.services.MqttService - Gespeichert - Temperatur Soll: 27.08
2026-07-10 10:00:24 [MQTT Call: paho140732367419] INFO  c.s.Seminar1.services.MqttService - Gespeichert - Temperatur Differenz: -0.25
2026-07-10 10:00:25 [MQTT Call: paho140732367419] INFO  c.s.Seminar1.services.MqttService - Gespeichert - Temperatur Soll: 27.11
2026-07-10 10:00:25 [MQTT Call: paho140732367419] INFO  c.s.Seminar1.services.MqttService - Gespeichert - Temperatur Differenz: -0.28
2026-07-10 10:00:40 [MQTT Call: paho140732367419] INFO  c.s.Seminar1.services.MqttService - Gespeichert - Temperatur Differenz: -0.26
2026-07-10 10:00:40 [MQTT Call: paho140732367419] INFO  c.s.Seminar1.services.MqttService - Gespeichert - Temperatur Ist: 26.85
2026-07-10 10:00:41 [MQTT Call: paho140732367419] INFO  c.s.Seminar1.services.MqttService - Gespeichert - Temperatur Differenz: -0.28
2026-07-10 10:00:41 [MQTT Call: paho140732367419] INFO  c.s.Seminar1.services.MqttService - Gespeichert - Temperatur Ist: 26.83
2026-07-10 10:00:42 [MQTT Call: paho140732367419] INFO  c.s.Seminar1.services.MqttService - Gespeichert - Temperatur Differenz: -0.26
2026-07-10 10:00:42 [MQTT Call: paho140732367419] INFO  c.s.Seminar1.services.MqttService - Gespeichert - Temperatur Ist: 26.85
2026-07-10 10:00:54 [MQTT Call: paho140732367419] INFO  c.s.Seminar1.services.MqttService - Gespeichert - Temperatur Soll: 27.12
2026-07-10 10:00:54 [MQTT Call: paho140732367419] INFO  c.s.Seminar1.services.MqttService - Gespeichert - Temperatur Differenz: -0.27
2026-07-10 10:00:55 [MQTT Call: paho140732367419] INFO  c.s.Seminar1.services.MqttService - Gespeichert - Temperatur Soll: 27.11
2026-07-10 10:00:55 [MQTT Call: paho140732367419] INFO  c.s.Seminar1.services.MqttService - Gespeichert - Temperatur Differenz: -0.26
2026-07-10 10:00:56 [MQTT Call: paho140732367419] INFO  c.s.Seminar1.services.MqttService - Gespeichert - Temperatur Soll: 27.12
2026-07-10 10:00:56 [MQTT Call: paho140732367419] INFO  c.s.Seminar1.services.MqttService - Gespeichert - Temperatur Differenz: -0.27
2026-07-10 10:01:03 [MQTT Call: paho140732367419] INFO  c.s.Seminar1.services.MqttService - Gespeichert - Wago750 Control: 3
2026-07-10 10:01:04 [MQTT Call: paho140732367419] INFO  c.s.Seminar1.services.MqttService - Gespeichert - Wago750 Status: 16962.0
2026-07-10 10:01:05 [MQTT Call: paho140732367419] INFO  c.s.Seminar1.services.MqttService - Gespeichert - Wago750 Status: 9252.0
2026-07-10 10:01:06 [MQTT Call: paho140732367419] INFO  c.s.Seminar1.services.MqttService - Gespeichert - Wago750 Control: 2
2026-07-10 10:01:06 [MQTT Call: paho140732367419] INFO  c.s.Seminar1.services.MqttService - Gespeichert - Wago750 Status: 8192.0
2026-07-10 10:01:07 [MQTT Call: paho140732367419] INFO  c.s.Seminar1.services.MqttService - Gespeichert - Wago750 Status: 4096.0
2026-07-10 10:01:07 [MQTT Call: paho140732367419] INFO  c.s.Seminar1.services.MqttService - Gespeichert - Temperatur Differenz: -0.26
2026-07-10 10:01:07 [MQTT Call: paho140732367419] INFO  c.s.Seminar1.services.MqttService - Gespeichert - Temperatur Ist: 26.86
2026-07-10 10:01:08 [MQTT Call: paho140732367419] INFO  c.s.Seminar1.services.MqttService - Gespeichert - Wago750 Status: 2048.0
2026-07-10 10:01:08 [MQTT Call: paho140732367419] INFO  c.s.Seminar1.services.MqttService - Gespeichert - Wago750 Control: 0
2026-07-10 10:01:09 [MQTT Call: paho140732367419] INFO  c.s.Seminar1.services.MqttService - Gespeichert - Wago750 Control: 1
2026-07-10 10:01:09 [MQTT Call: paho140732367419] INFO  c.s.Seminar1.services.MqttService - Gespeichert - Wago750 Status: 255.0
2026-07-10 10:01:10 [MQTT Call: paho140732367419] INFO  c.s.Seminar1.services.MqttService - Gespeichert - Wago750 Status: 65280.0
2026-07-10 10:01:11 [MQTT Call: paho140732367419] INFO  c.s.Seminar1.services.MqttService - Gespeichert - Wago750 Status: 255.0
2026-07-10 10:01:12 [MQTT Call: paho140732367419] INFO  c.s.Seminar1.services.MqttService - Gespeichert - Wago750 Status: 65280.0
2026-07-10 10:01:13 [MQTT Call: paho140732367419] INFO  c.s.Seminar1.services.MqttService - Gespeichert - Wago750 Status: 255.0
2026-07-10 10:01:14 [MQTT Call: paho140732367419] INFO  c.s.Seminar1.services.MqttService - Gespeichert - Wago750 Status: 65280.0
2026-07-10 10:01:15 [MQTT Call: paho140732367419] INFO  c.s.Seminar1.services.MqttService - Gespeichert - Wago750 Status: 255.0
2026-07-10 10:01:16 [MQTT Call: paho140732367419] INFO  c.s.Seminar1.services.MqttService - Gespeichert - Wago750 Status: 65280.0
2026-07-10 10:01:17 [MQTT Call: paho140732367419] INFO  c.s.Seminar1.services.MqttService - Gespeichert - Wago750 Status: 255.0
2026-07-10 10:01:18 [MQTT Call: paho140732367419] INFO  c.s.Seminar1.services.MqttService - Gespeichert - Temperatur Differenz: -0.29
2026-07-10 10:01:18 [MQTT Call: paho140732367419] INFO  c.s.Seminar1.services.MqttService - Gespeichert - Wago750 Control: 0
2026-07-10 10:01:18 [MQTT Call: paho140732367419] INFO  c.s.Seminar1.services.MqttService - Gespeichert - Wago750 Status: 0.0
2026-07-10 10:01:19 [MQTT Call: paho140732367419] INFO  c.s.Seminar1.services.MqttService - Gespeichert - Temperatur Differenz: -0.26
2026-07-10 10:01:19 [MQTT Call: paho140732367419] INFO  c.s.Seminar1.services.MqttService - Gespeichert - Temperatur Soll: 27.15
2026-07-10 10:01:20 [MQTT Call: paho140732367419] INFO  c.s.Seminar1.services.MqttService - Gespeichert - Temperatur Differenz: -0.29
2026-07-10 10:01:20 [MQTT Call: paho140732367419] INFO  c.s.Seminar1.services.MqttService - Gespeichert - Temperatur Soll: 27.12
2026-07-10 10:01:21 [MQTT Call: paho140732367419] INFO  c.s.Seminar1.services.MqttService - Gespeichert - Temperatur Differenz: -0.26
2026-07-10 10:01:21 [MQTT Call: paho140732367419] INFO  c.s.Seminar1.services.MqttService - Gespeichert - Temperatur Soll: 27.15
2026-07-10 10:01:22 [MQTT Call: paho140732367419] INFO  c.s.Seminar1.services.MqttService - Gespeichert - Temperatur Differenz: -0.29
2026-07-10 10:01:23 [MQTT Call: paho140732367419] INFO  c.s.Seminar1.services.MqttService - Gespeichert - Wago750 Control: 1
2026-07-10 10:01:23 [MQTT Call: paho140732367419] INFO  c.s.Seminar1.services.MqttService - Gespeichert - Wago750 Status: 255.0
2026-07-10 10:01:24 [MQTT Call: paho140732367419] INFO  c.s.Seminar1.services.MqttService - Gespeichert - Wago750 Control: 2
2026-07-10 10:01:24 [MQTT Call: paho140732367419] INFO  c.s.Seminar1.services.MqttService - Gespeichert - Wago750 Status: 1024.0
2026-07-10 10:01:25 [MQTT Call: paho140732367419] INFO  c.s.Seminar1.services.MqttService - Gespeichert - Wago750 Control: 1
2026-07-10 10:01:25 [MQTT Call: paho140732367419] INFO  c.s.Seminar1.services.MqttService - Gespeichert - Wago750 Status: 255.0
2026-07-10 10:01:26 [MQTT Call: paho140732367419] INFO  c.s.Seminar1.services.MqttService - Gespeichert - Wago750 Status: 65280.0
2026-07-10 10:01:27 [MQTT Call: paho140732367419] INFO  c.s.Seminar1.services.MqttService - Gespeichert - Wago750 Status: 255.0
2026-07-10 10:01:28 [MQTT Call: paho140732367419] INFO  c.s.Seminar1.services.MqttService - Gespeichert - Wago750 Status: 65280.0
2026-07-10 10:01:29 [MQTT Call: paho140732367419] INFO  c.s.Seminar1.services.MqttService - Gespeichert - Wago750 Status: 255.0
2026-07-10 10:01:30 [MQTT Call: paho140732367419] INFO  c.s.Seminar1.services.MqttService - Gespeichert - Wago750 Status: 65280.0
2026-07-10 10:01:31 [MQTT Call: paho140732367419] INFO  c.s.Seminar1.services.MqttService - Gespeichert - Wago750 Status: 255.0
2026-07-10 10:01:32 [MQTT Call: paho140732367419] INFO  c.s.Seminar1.services.MqttService - Gespeichert - Wago750 Control: 3
2026-07-10 10:01:32 [MQTT Call: paho140732367419] INFO  c.s.Seminar1.services.MqttService - Gespeichert - Wago750 Status: 9252.0
2026-07-10 10:01:33 [MQTT Call: paho140732367419] INFO  c.s.Seminar1.services.MqttService - Gespeichert - Wago750 Status: 16962.0
2026-07-10 10:01:34 [MQTT Call: paho140732367419] INFO  c.s.Seminar1.services.MqttService - Gespeichert - Wago750 Status: 33153.0
2026-07-10 10:01:35 [MQTT Call: paho140732367419] INFO  c.s.Seminar1.services.MqttService - Gespeichert - Wago750 Status: 16962.0
2026-07-10 10:01:36 [MQTT Call: paho140732367419] INFO  c.s.Seminar1.services.MqttService - Gespeichert - Wago750 Status: 9252.0
2026-07-10 10:01:36 [MQTT Call: paho140732367419] INFO  c.s.Seminar1.services.MqttService - Gespeichert - Temperatur Differenz: -0.26
2026-07-10 10:01:36 [MQTT Call: paho140732367419] INFO  c.s.Seminar1.services.MqttService - Gespeichert - Temperatur Ist: 26.89
2026-07-10 10:01:37 [MQTT Call: paho140732367419] INFO  c.s.Seminar1.services.MqttService - Gespeichert - Wago750 Status: 6168.0
2026-07-10 10:01:38 [MQTT Call: paho140732367419] INFO  c.s.Seminar1.services.MqttService - Gespeichert - Wago750 Status: 9252.0
2026-07-10 10:01:40 [MQTT Call: paho140732367419] INFO  c.s.Seminar1.services.MqttService - Gespeichert - Wago750 Status: 16962.0
2026-07-10 10:01:40 [MQTT Call: paho140732367419] INFO  c.s.Seminar1.services.MqttService - Gespeichert - Wago750 Status: 33153.0
2026-07-10 10:01:41 [MQTT Call: paho140732367419] INFO  c.s.Seminar1.services.MqttService - Gespeichert - Wago750 Status: 16962.0
2026-07-10 10:01:42 [MQTT Call: paho140732367419] INFO  c.s.Seminar1.services.MqttService - Gespeichert - Wago750 Status: 9252.0
2026-07-10 10:01:43 [MQTT Call: paho140732367419] INFO  c.s.Seminar1.services.MqttService - Gespeichert - Wago750 Status: 6168.0
2026-07-10 10:01:44 [MQTT Call: paho140732367419] INFO  c.s.Seminar1.services.MqttService - Gespeichert - Wago750 Status: 9252.0
2026-07-10 10:01:45 [MQTT Call: paho140732367419] INFO  c.s.Seminar1.services.MqttService - Gespeichert - Wago750 Status: 16962.0
2026-07-10 10:01:46 [MQTT Call: paho140732367419] INFO  c.s.Seminar1.services.MqttService - Gespeichert - Wago750 Status: 33153.0
2026-07-10 10:01:47 [MQTT Call: paho140732367419] INFO  c.s.Seminar1.services.MqttService - Gespeichert - Wago750 Status: 16962.0
2026-07-10 10:01:48 [MQTT Call: paho140732367419] INFO  c.s.Seminar1.services.MqttService - Gespeichert - Wago750 Control: 2
2026-07-10 10:01:48 [MQTT Call: paho140732367419] INFO  c.s.Seminar1.services.MqttService - Gespeichert - Wago750 Status: 512.0
2026-07-10 10:01:49 [MQTT Call: paho140732367419] INFO  c.s.Seminar1.services.MqttService - Gespeichert - Wago750 Status: 256.0
2026-07-10 10:01:50 [MQTT Call: paho140732367419] INFO  c.s.Seminar1.services.MqttService - Gespeichert - Wago750 Status: 1.0
2026-07-10 10:01:51 [MQTT Call: paho140732367419] INFO  c.s.Seminar1.services.MqttService - Gespeichert - Wago750 Status: 2.0
2026-07-10 10:01:51 [MQTT Call: paho140732367419] INFO  c.s.Seminar1.services.MqttService - Gespeichert - Temperatur Soll: 27.16
2026-07-10 10:01:52 [MQTT Call: paho140732367419] INFO  c.s.Seminar1.services.MqttService - Gespeichert - Temperatur Differenz: -0.27
2026-07-10 10:01:52 [MQTT Call: paho140732367419] INFO  c.s.Seminar1.services.MqttService - Gespeichert - Wago750 Status: 4.0
2026-07-10 10:01:53 [MQTT Call: paho140732367419] INFO  c.s.Seminar1.services.MqttService - Gespeichert - Wago750 Status: 8.0
2026-07-10 10:01:54 [MQTT Call: paho140732367419] INFO  c.s.Seminar1.services.MqttService - Gespeichert - Temperatur Differenz: -0.26
2026-07-10 10:01:54 [MQTT Call: paho140732367419] INFO  c.s.Seminar1.services.MqttService - Gespeichert - Wago750 Status: 16.0
2026-07-10 10:01:55 [MQTT Call: paho140732367419] INFO  c.s.Seminar1.services.MqttService - Gespeichert - Temperatur Differenz: -0.27
2026-07-10 10:01:55 [MQTT Call: paho140732367419] INFO  c.s.Seminar1.services.MqttService - Gespeichert - Wago750 Status: 32.0
2026-07-10 10:01:56 [MQTT Call: paho140732367419] INFO  c.s.Seminar1.services.MqttService - Gespeichert - Wago750 Status: 64.0
2026-07-10 10:01:57 [MQTT Call: paho140732367419] INFO  c.s.Seminar1.services.MqttService - Gespeichert - Wago750 Status: 128.0
2026-07-10 10:01:58 [MQTT Call: paho140732367419] INFO  c.s.Seminar1.services.MqttService - Gespeichert - Wago750 Status: 32768.0
2026-07-10 10:01:59 [MQTT Call: paho140732367419] INFO  c.s.Seminar1.services.MqttService - Gespeichert - Wago750 Status: 16384.0
2026-07-10 10:02:00 [MQTT Call: paho140732367419] INFO  c.s.Seminar1.services.MqttService - Gespeichert - Wago750 Status: 8192.0
2026-07-10 10:02:01 [MQTT Call: paho140732367419] INFO  c.s.Seminar1.services.MqttService - Gespeichert - Wago750 Status: 4096.0
2026-07-10 10:02:02 [MQTT Call: paho140732367419] INFO  c.s.Seminar1.services.MqttService - Gespeichert - Wago750 Status: 2048.0
2026-07-10 10:02:03 [MQTT Call: paho140732367419] INFO  c.s.Seminar1.services.MqttService - Gespeichert - Wago750 Status: 1024.0
2026-07-10 10:02:04 [MQTT Call: paho140732367419] INFO  c.s.Seminar1.services.MqttService - Gespeichert - Wago750 Status: 512.0
2026-07-10 10:02:05 [MQTT Call: paho140732367419] INFO  c.s.Seminar1.services.MqttService - Gespeichert - Wago750 Status: 256.0
2026-07-10 10:02:06 [MQTT Call: paho140732367419] INFO  c.s.Seminar1.services.MqttService - Gespeichert - Wago750 Status: 1.0
2026-07-10 10:02:07 [MQTT Call: paho140732367419] INFO  c.s.Seminar1.services.MqttService - Gespeichert - Wago750 Status: 2.0
2026-07-10 10:02:08 [MQTT Call: paho140732367419] INFO  c.s.Seminar1.services.MqttService - Gespeichert - Wago750 Status: 4.0
2026-07-10 10:02:09 [MQTT Call: paho140732367419] INFO  c.s.Seminar1.services.MqttService - Gespeichert - Wago750 Status: 8.0
2026-07-10 10:02:10 [MQTT Call: paho140732367419] INFO  c.s.Seminar1.services.MqttService - Gespeichert - Wago750 Status: 16.0
2026-07-10 10:02:11 [MQTT Call: paho140732367419] INFO  c.s.Seminar1.services.MqttService - Gespeichert - Wago750 Status: 32.0
2026-07-10 10:02:12 [MQTT Call: paho140732367419] INFO  c.s.Seminar1.services.MqttService - Gespeichert - Temperatur Differenz: -0.25
2026-07-10 10:02:12 [MQTT Call: paho140732367419] INFO  c.s.Seminar1.services.MqttService - Gespeichert - Temperatur Ist: 26.91
2026-07-10 10:02:12 [MQTT Call: paho140732367419] INFO  c.s.Seminar1.services.MqttService - Gespeichert - Wago750 Status: 64.0
2026-07-10 10:02:13 [MQTT Call: paho140732367419] INFO  c.s.Seminar1.services.MqttService - Gespeichert - Wago750 Status: 128.0
2026-07-10 10:02:14 [MQTT Call: paho140732367419] INFO  c.s.Seminar1.services.MqttService - Gespeichert - Wago750 Status: 32768.0
2026-07-10 10:02:15 [MQTT Call: paho140732367419] INFO  c.s.Seminar1.services.MqttService - Gespeichert - Wago750 Status: 16384.0
2026-07-10 10:02:16 [MQTT Call: paho140732367419] INFO  c.s.Seminar1.services.MqttService - Gespeichert - Wago750 Status: 8192.0
2026-07-10 10:02:17 [MQTT Call: paho140732367419] INFO  c.s.Seminar1.services.MqttService - Gespeichert - Wago750 Status: 4096.0
2026-07-10 10:02:18 [MQTT Call: paho140732367419] INFO  c.s.Seminar1.services.MqttService - Gespeichert - Wago750 Status: 2048.0
2026-07-10 10:02:19 [MQTT Call: paho140732367419] INFO  c.s.Seminar1.services.MqttService - Gespeichert - Wago750 Status: 1024.0
2026-07-10 10:02:20 [MQTT Call: paho140732367419] INFO  c.s.Seminar1.services.MqttService - Gespeichert - Wago750 Status: 512.0
2026-07-10 10:02:21 [MQTT Call: paho140732367419] INFO  c.s.Seminar1.services.MqttService - Gespeichert - Wago750 Status: 256.0
2026-07-10 10:02:22 [MQTT Call: paho140732367419] INFO  c.s.Seminar1.services.MqttService - Gespeichert - Wago750 Status: 1.0
2026-07-10 10:02:23 [MQTT Call: paho140732367419] INFO  c.s.Seminar1.services.MqttService - Gespeichert - Wago750 Status: 2.0
2026-07-10 10:02:24 [MQTT Call: paho140732367419] INFO  c.s.Seminar1.services.MqttService - Gespeichert - Wago750 Status: 4.0
2026-07-10 10:02:25 [MQTT Call: paho140732367419] INFO  c.s.Seminar1.services.MqttService - Gespeichert - Wago750 Status: 8.0
2026-07-10 10:02:26 [MQTT Call: paho140732367419] INFO  c.s.Seminar1.services.MqttService - Gespeichert - Wago750 Status: 16.0
2026-07-10 10:02:27 [MQTT Call: paho140732367419] INFO  c.s.Seminar1.services.MqttService - Gespeichert - Wago750 Status: 32.0
2026-07-10 10:02:28 [MQTT Call: paho140732367419] INFO  c.s.Seminar1.services.MqttService - Gespeichert - Wago750 Status: 64.0
2026-07-10 10:02:29 [MQTT Call: paho140732367419] INFO  c.s.Seminar1.services.MqttService - Gespeichert - Wago750 Status: 128.0
2026-07-10 10:02:30 [MQTT Call: paho140732367419] INFO  c.s.Seminar1.services.MqttService - Gespeichert - Wago750 Status: 32768.0
2026-07-10 10:02:31 [MQTT Call: paho140732367419] INFO  c.s.Seminar1.services.MqttService - Gespeichert - Wago750 Status: 16384.0
2026-07-10 10:02:32 [MQTT Call: paho140732367419] INFO  c.s.Seminar1.services.MqttService - Gespeichert - Wago750 Status: 8192.0
2026-07-10 10:02:33 [MQTT Call: paho140732367419] INFO  c.s.Seminar1.services.MqttService - Gespeichert - Wago750 Status: 4096.0
2026-07-10 10:02:34 [MQTT Call: paho140732367419] INFO  c.s.Seminar1.services.MqttService - Gespeichert - Wago750 Status: 2048.0
2026-07-10 10:02:35 [MQTT Call: paho140732367419] INFO  c.s.Seminar1.services.MqttService - Gespeichert - Wago750 Status: 1024.0
2026-07-10 10:02:36 [MQTT Call: paho140732367419] INFO  c.s.Seminar1.services.MqttService - Gespeichert - Wago750 Status: 512.0
2026-07-10 10:02:37 [MQTT Call: paho140732367419] INFO  c.s.Seminar1.services.MqttService - Gespeichert - Wago750 Status: 256.0
2026-07-10 10:02:38 [MQTT Call: paho140732367419] INFO  c.s.Seminar1.services.MqttService - Gespeichert - Wago750 Status: 1.0
2026-07-10 10:02:39 [MQTT Call: paho140732367419] INFO  c.s.Seminar1.services.MqttService - Gespeichert - Wago750 Status: 2.0
2026-07-10 10:02:40 [MQTT Call: paho140732367419] INFO  c.s.Seminar1.services.MqttService - Gespeichert - Wago750 Status: 4.0
2026-07-10 10:02:41 [MQTT Call: paho140732367419] INFO  c.s.Seminar1.services.MqttService - Gespeichert - Wago750 Status: 8.0
2026-07-10 10:02:42 [MQTT Call: paho140732367419] INFO  c.s.Seminar1.services.MqttService - Gespeichert - Wago750 Status: 16.0
2026-07-10 10:02:43 [MQTT Call: paho140732367419] INFO  c.s.Seminar1.services.MqttService - Gespeichert - Wago750 Status: 32.0
2026-07-10 10:02:44 [MQTT Call: paho140732367419] INFO  c.s.Seminar1.services.MqttService - Gespeichert - Wago750 Status: 64.0
2026-07-10 10:02:45 [MQTT Call: paho140732367419] INFO  c.s.Seminar1.services.MqttService - Gespeichert - Wago750 Status: 128.0
2026-07-10 10:02:46 [MQTT Call: paho140732367419] INFO  c.s.Seminar1.services.MqttService - Gespeichert - Wago750 Status: 32768.0
2026-07-10 10:02:47 [MQTT Call: paho140732367419] INFO  c.s.Seminar1.services.MqttService - Gespeichert - Wago750 Status: 16384.0
2026-07-10 10:02:49 [MQTT Call: paho140732367419] INFO  c.s.Seminar1.services.MqttService - Gespeichert - Wago750 Control: 3
2026-07-10 10:02:49 [MQTT Call: paho140732367419] INFO  c.s.Seminar1.services.MqttService - Gespeichert - Wago750 Status: 4096.0
2026-07-10 10:02:50 [MQTT Call: paho140732367419] INFO  c.s.Seminar1.services.MqttService - Gespeichert - Wago750 Status: 2048.0
2026-07-10 10:02:51 [MQTT Call: paho140732367419] INFO  c.s.Seminar1.services.MqttService - Gespeichert - Wago750 Control: 2
2026-07-10 10:02:51 [MQTT Call: paho140732367419] INFO  c.s.Seminar1.services.MqttService - Gespeichert - Wago750 Status: 1024.0
2026-07-10 10:02:52 [MQTT Call: paho140732367419] INFO  c.s.Seminar1.services.MqttService - Gespeichert - Wago750 Status: 512.0
2026-07-10 10:02:54 [MQTT Call: paho140732367419] INFO  c.s.Seminar1.services.MqttService - Gespeichert - Wago750 Status: 256.0
2026-07-10 10:02:54 [MQTT Call: paho140732367419] INFO  c.s.Seminar1.services.MqttService - Gespeichert - Temperatur Differenz: -0.24
2026-07-10 10:02:54 [MQTT Call: paho140732367419] INFO  c.s.Seminar1.services.MqttService - Gespeichert - Temperatur Ist: 26.92
2026-07-10 10:02:55 [MQTT Call: paho140732367419] INFO  c.s.Seminar1.services.MqttService - Gespeichert - Wago750 Status: 1.0
2026-07-10 10:02:56 [MQTT Call: paho140732367419] INFO  c.s.Seminar1.services.MqttService - Gespeichert - Wago750 Status: 2.0
2026-07-10 10:02:57 [MQTT Call: paho140732367419] INFO  c.s.Seminar1.services.MqttService - Gespeichert - Wago750 Status: 4.0
2026-07-10 10:02:58 [MQTT Call: paho140732367419] INFO  c.s.Seminar1.services.MqttService - Gespeichert - Wago750 Status: 8.0
2026-07-10 10:02:59 [MQTT Call: paho140732367419] INFO  c.s.Seminar1.services.MqttService - Gespeichert - Wago750 Status: 16.0
2026-07-10 10:03:00 [MQTT Call: paho140732367419] INFO  c.s.Seminar1.services.MqttService - Gespeichert - Wago750 Status: 32.0
2026-07-10 10:03:01 [MQTT Call: paho140732367419] INFO  c.s.Seminar1.services.MqttService - Gespeichert - Wago750 Status: 64.0
2026-07-10 10:03:02 [MQTT Call: paho140732367419] INFO  c.s.Seminar1.services.MqttService - Gespeichert - Wago750 Control: 0
2026-07-10 10:03:02 [MQTT Call: paho140732367419] INFO  c.s.Seminar1.services.MqttService - Gespeichert - Wago750 Status: 0.0
2026-07-10 10:03:06 [MQTT Call: paho140732367419] INFO  c.s.Seminar1.services.MqttService - Gespeichert - Wago750 Control: 2
2026-07-10 10:03:06 [MQTT Call: paho140732367419] INFO  c.s.Seminar1.services.MqttService - Gespeichert - Wago750 Status: 32768.0
2026-07-10 10:03:07 [MQTT Call: paho140732367419] INFO  c.s.Seminar1.services.MqttService - Gespeichert - Wago750 Status: 16384.0
2026-07-10 10:03:08 [MQTT Call: paho140732367419] INFO  c.s.Seminar1.services.MqttService - Gespeichert - Wago750 Status: 8192.0
2026-07-10 10:03:09 [MQTT Call: paho140732367419] INFO  c.s.Seminar1.services.MqttService - Gespeichert - Wago750 Status: 4096.0
2026-07-10 10:03:10 [MQTT Call: paho140732367419] INFO  c.s.Seminar1.services.MqttService - Gespeichert - Wago750 Control: 3
2026-07-10 10:03:10 [MQTT Call: paho140732367419] INFO  c.s.Seminar1.services.MqttService - Gespeichert - Wago750 Status: 9252.0
2026-07-10 10:03:11 [MQTT Call: paho140732367419] INFO  c.s.Seminar1.services.MqttService - Gespeichert - Wago750 Status: 6168.0
2026-07-10 10:03:12 [MQTT Call: paho140732367419] INFO  c.s.Seminar1.services.MqttService - Gespeichert - Wago750 Status: 9252.0
2026-07-10 10:03:13 [MQTT Call: paho140732367419] INFO  c.s.Seminar1.services.MqttService - Gespeichert - Wago750 Status: 16962.0
2026-07-10 10:03:14 [MQTT Call: paho140732367419] INFO  c.s.Seminar1.services.MqttService - Gespeichert - Wago750 Status: 33153.0
2026-07-10 10:03:15 [MQTT Call: paho140732367419] INFO  c.s.Seminar1.services.MqttService - Gespeichert - Wago750 Status: 16962.0
2026-07-10 10:03:16 [MQTT Call: paho140732367419] INFO  c.s.Seminar1.services.MqttService - Gespeichert - Wago750 Status: 9252.0
2026-07-10 10:03:17 [MQTT Call: paho140732367419] INFO  c.s.Seminar1.services.MqttService - Gespeichert - Wago750 Status: 6168.0
2026-07-10 10:03:18 [MQTT Call: paho140732367419] INFO  c.s.Seminar1.services.MqttService - Gespeichert - Wago750 Status: 9252.0
2026-07-10 10:03:19 [MQTT Call: paho140732367419] INFO  c.s.Seminar1.services.MqttService - Gespeichert - Wago750 Status: 16962.0
2026-07-10 10:03:20 [MQTT Call: paho140732367419] INFO  c.s.Seminar1.services.MqttService - Gespeichert - Wago750 Status: 33153.0
2026-07-10 10:03:21 [MQTT Call: paho140732367419] INFO  c.s.Seminar1.services.MqttService - Gespeichert - Wago750 Status: 16962.0
2026-07-10 10:03:22 [MQTT Call: paho140732367419] INFO  c.s.Seminar1.services.MqttService - Gespeichert - Wago750 Status: 9252.0
2026-07-10 10:03:23 [MQTT Call: paho140732367419] INFO  c.s.Seminar1.services.MqttService - Gespeichert - Wago750 Status: 6168.0
2026-07-10 10:03:24 [MQTT Call: paho140732367419] INFO  c.s.Seminar1.services.MqttService - Gespeichert - Wago750 Status: 9252.0
2026-07-10 10:03:25 [MQTT Call: paho140732367419] INFO  c.s.Seminar1.services.MqttService - Gespeichert - Wago750 Status: 16962.0
2026-07-10 10:03:26 [MQTT Call: paho140732367419] INFO  c.s.Seminar1.services.MqttService - Gespeichert - Wago750 Status: 33153.0
2026-07-10 10:03:27 [MQTT Call: paho140732367419] INFO  c.s.Seminar1.services.MqttService - Gespeichert - Wago750 Status: 16962.0
2026-07-10 10:03:28 [MQTT Call: paho140732367419] INFO  c.s.Seminar1.services.MqttService - Gespeichert - Wago750 Status: 9252.0
2026-07-10 10:03:29 [MQTT Call: paho140732367419] INFO  c.s.Seminar1.services.MqttService - Gespeichert - Wago750 Status: 6168.0
2026-07-10 10:03:30 [MQTT Call: paho140732367419] INFO  c.s.Seminar1.services.MqttService - Gespeichert - Wago750 Status: 9252.0
2026-07-10 10:03:30 [MQTT Call: paho140732367419] INFO  c.s.Seminar1.services.MqttService - Gespeichert - Temperatur Differenz: -0.21
2026-07-10 10:03:30 [MQTT Call: paho140732367419] INFO  c.s.Seminar1.services.MqttService - Gespeichert - Temperatur Ist: 26.95
2026-07-10 10:03:31 [MQTT Call: paho140732367419] INFO  c.s.Seminar1.services.MqttService - Gespeichert - Wago750 Status: 16962.0
2026-07-10 10:03:31 [MQTT Call: paho140732367419] INFO  c.s.Seminar1.services.MqttService - Gespeichert - Temperatur Differenz: -0.24
2026-07-10 10:03:31 [MQTT Call: paho140732367419] INFO  c.s.Seminar1.services.MqttService - Gespeichert - Temperatur Ist: 26.92
2026-07-10 10:03:32 [MQTT Call: paho140732367419] INFO  c.s.Seminar1.services.MqttService - Gespeichert - Wago750 Status: 33153.0
2026-07-10 10:03:32 [MQTT Call: paho140732367419] INFO  c.s.Seminar1.services.MqttService - Gespeichert - Temperatur Differenz: -0.21
2026-07-10 10:03:32 [MQTT Call: paho140732367419] INFO  c.s.Seminar1.services.MqttService - Gespeichert - Temperatur Ist: 26.95
2026-07-10 10:03:33 [MQTT Call: paho140732367419] INFO  c.s.Seminar1.services.MqttService - Gespeichert - Wago750 Status: 16962.0
2026-07-10 10:03:33 [MQTT Call: paho140732367419] INFO  c.s.Seminar1.services.MqttService - Gespeichert - Temperatur Differenz: -0.24
2026-07-10 10:03:33 [MQTT Call: paho140732367419] INFO  c.s.Seminar1.services.MqttService - Gespeichert - Temperatur Ist: 26.92
2026-07-10 10:03:34 [MQTT Call: paho140732367419] INFO  c.s.Seminar1.services.MqttService - Gespeichert - Wago750 Status: 9252.0
2026-07-10 10:03:34 [MQTT Call: paho140732367419] INFO  c.s.Seminar1.services.MqttService - Gespeichert - Temperatur Differenz: -0.21
2026-07-10 10:03:34 [MQTT Call: paho140732367419] INFO  c.s.Seminar1.services.MqttService - Gespeichert - Temperatur Ist: 26.95
2026-07-10 10:03:35 [MQTT Call: paho140732367419] INFO  c.s.Seminar1.services.MqttService - Gespeichert - Wago750 Status: 6168.0
2026-07-10 10:03:38 [MQTT Call: paho140732367419] INFO  c.s.Seminar1.services.MqttService - Gespeichert - Wago750 Status: 9252.0
2026-07-10 10:03:38 [MQTT Call: paho140732367419] INFO  c.s.Seminar1.services.MqttService - Gespeichert - Wago750 Status: 16962.0
2026-07-10 10:03:38 [MQTT Call: paho140732367419] INFO  c.s.Seminar1.services.MqttService - Gespeichert - Wago750 Status: 33153.0
2026-07-10 10:03:41 [MQTT Call: paho140732367419] INFO  c.s.Seminar1.services.MqttService - Gespeichert - Wago750 Status: 16962.0
2026-07-10 10:03:41 [MQTT Call: paho140732367419] INFO  c.s.Seminar1.services.MqttService - Gespeichert - Wago750 Status: 9252.0
2026-07-10 10:03:42 [MQTT Call: paho140732367419] INFO  c.s.Seminar1.services.MqttService - Gespeichert - Wago750 Status: 6168.0
2026-07-10 10:03:43 [MQTT Call: paho140732367419] INFO  c.s.Seminar1.services.MqttService - Gespeichert - Wago750 Status: 9252.0
2026-07-10 10:03:44 [MQTT Call: paho140732367419] INFO  c.s.Seminar1.services.MqttService - Gespeichert - Wago750 Status: 16962.0
2026-07-10 10:03:45 [MQTT Call: paho140732367419] INFO  c.s.Seminar1.services.MqttService - Gespeichert - Wago750 Status: 33153.0
2026-07-10 10:03:46 [MQTT Call: paho140732367419] INFO  c.s.Seminar1.services.MqttService - Gespeichert - Wago750 Status: 16962.0
2026-07-10 10:03:47 [MQTT Call: paho140732367419] INFO  c.s.Seminar1.services.MqttService - Gespeichert - Wago750 Status: 9252.0
2026-07-10 10:03:48 [MQTT Call: paho140732367419] INFO  c.s.Seminar1.services.MqttService - Gespeichert - Wago750 Status: 6168.0
2026-07-10 10:03:49 [MQTT Call: paho140732367419] INFO  c.s.Seminar1.services.MqttService - Gespeichert - Wago750 Status: 9252.0
2026-07-10 10:03:50 [MQTT Call: paho140732367419] INFO  c.s.Seminar1.services.MqttService - Gespeichert - Wago750 Status: 16962.0
2026-07-10 10:03:51 [MQTT Call: paho140732367419] INFO  c.s.Seminar1.services.MqttService - Gespeichert - Wago750 Status: 33153.0
2026-07-10 10:03:52 [MQTT Call: paho140732367419] INFO  c.s.Seminar1.services.MqttService - Gespeichert - Wago750 Status: 16962.0
2026-07-10 10:03:53 [MQTT Call: paho140732367419] INFO  c.s.Seminar1.services.MqttService - Gespeichert - Wago750 Status: 9252.0
2026-07-10 10:03:54 [MQTT Call: paho140732367419] INFO  c.s.Seminar1.services.MqttService - Gespeichert - Wago750 Status: 6168.0
2026-07-10 10:03:55 [MQTT Call: paho140732367419] INFO  c.s.Seminar1.services.MqttService - Gespeichert - Wago750 Status: 9252.0
2026-07-10 10:03:56 [MQTT Call: paho140732367419] INFO  c.s.Seminar1.services.MqttService - Gespeichert - Wago750 Status: 16962.0
2026-07-10 10:03:57 [MQTT Call: paho140732367419] INFO  c.s.Seminar1.services.MqttService - Gespeichert - Wago750 Status: 33153.0
2026-07-10 10:03:58 [MQTT Call: paho140732367419] INFO  c.s.Seminar1.services.MqttService - Gespeichert - Wago750 Status: 16962.0
2026-07-10 10:03:59 [MQTT Call: paho140732367419] INFO  c.s.Seminar1.services.MqttService - Gespeichert - Wago750 Status: 9252.0
2026-07-10 10:04:00 [MQTT Call: paho140732367419] INFO  c.s.Seminar1.services.MqttService - Gespeichert - Wago750 Status: 6168.0
2026-07-10 10:04:01 [MQTT Call: paho140732367419] INFO  c.s.Seminar1.services.MqttService - Gespeichert - Wago750 Status: 9252.0
2026-07-10 10:04:02 [MQTT Call: paho140732367419] INFO  c.s.Seminar1.services.MqttService - Gespeichert - Wago750 Status: 16962.0
2026-07-10 10:04:03 [MQTT Call: paho140732367419] INFO  c.s.Seminar1.services.MqttService - Gespeichert - Wago750 Status: 33153.0
2026-07-10 10:04:04 [MQTT Call: paho140732367419] INFO  c.s.Seminar1.services.MqttService - Gespeichert - Wago750 Status: 16962.0
2026-07-10 10:04:05 [MQTT Call: paho140732367419] INFO  c.s.Seminar1.services.MqttService - Gespeichert - Wago750 Status: 9252.0
2026-07-10 10:04:06 [MQTT Call: paho140732367419] INFO  c.s.Seminar1.services.MqttService - Gespeichert - Wago750 Status: 6168.0
2026-07-10 10:04:07 [MQTT Call: paho140732367419] INFO  c.s.Seminar1.services.MqttService - Gespeichert - Wago750 Status: 9252.0
2026-07-10 10:04:08 [MQTT Call: paho140732367419] INFO  c.s.Seminar1.services.MqttService - Gespeichert - Wago750 Status: 16962.0
2026-07-10 10:04:09 [MQTT Call: paho140732367419] INFO  c.s.Seminar1.services.MqttService - Gespeichert - Wago750 Status: 33153.0
2026-07-10 10:04:11 [MQTT Call: paho140732367419] INFO  c.s.Seminar1.services.MqttService - Gespeichert - Wago750 Status: 9252.0
2026-07-10 10:04:12 [MQTT Call: paho140732367419] INFO  c.s.Seminar1.services.MqttService - Gespeichert - Wago750 Status: 6168.0
2026-07-10 10:04:13 [MQTT Call: paho140732367419] INFO  c.s.Seminar1.services.MqttService - Gespeichert - Wago750 Status: 9252.0
2026-07-10 10:04:14 [MQTT Call: paho140732367419] INFO  c.s.Seminar1.services.MqttService - Gespeichert - Wago750 Status: 16962.0
2026-07-10 10:04:15 [MQTT Call: paho140732367419] INFO  c.s.Seminar1.services.MqttService - Gespeichert - Wago750 Status: 33153.0
2026-07-10 10:04:16 [MQTT Call: paho140732367419] INFO  c.s.Seminar1.services.MqttService - Gespeichert - Wago750 Control: 0
2026-07-10 10:04:16 [MQTT Call: paho140732367419] INFO  c.s.Seminar1.services.MqttService - Gespeichert - Wago750 Status: 0.0
2026-07-10 10:04:17 [MQTT Call: paho140732367419] INFO  c.s.Seminar1.services.MqttService - Gespeichert - Temperatur Differenz: -0.2
2026-07-10 10:04:17 [MQTT Call: paho140732367419] INFO  c.s.Seminar1.services.MqttService - Gespeichert - Temperatur Ist: 26.96
2026-07-10 10:04:18 [MQTT Call: paho140732367419] INFO  c.s.Seminar1.services.MqttService - Gespeichert - Temperatur Differenz: -0.21
2026-07-10 10:04:18 [MQTT Call: paho140732367419] INFO  c.s.Seminar1.services.MqttService - Gespeichert - Temperatur Ist: 26.95
2026-07-10 10:04:21 [MQTT Call: paho140732367419] INFO  c.s.Seminar1.services.MqttService - Gespeichert - Temperatur Differenz: -0.2
2026-07-10 10:04:21 [MQTT Call: paho140732367419] INFO  c.s.Seminar1.services.MqttService - Gespeichert - Temperatur Ist: 26.96
2026-07-10 10:04:30 [MQTT Call: paho140732367419] INFO  c.s.Seminar1.services.MqttService - Gespeichert - Wago750 Control: 1
2026-07-10 10:04:30 [MQTT Call: paho140732367419] INFO  c.s.Seminar1.services.MqttService - Gespeichert - Wago750 Status: 255.0
2026-07-10 10:04:31 [MQTT Call: paho140732367419] INFO  c.s.Seminar1.services.MqttService - Gespeichert - Wago750 Status: 65280.0
2026-07-10 10:04:32 [MQTT Call: paho140732367419] INFO  c.s.Seminar1.services.MqttService - Gespeichert - Wago750 Status: 255.0
2026-07-10 10:04:33 [MQTT Call: paho140732367419] INFO  c.s.Seminar1.services.MqttService - Gespeichert - Wago750 Status: 65280.0
2026-07-10 10:04:34 [MQTT Call: paho140732367419] INFO  c.s.Seminar1.services.MqttService - Gespeichert - Wago750 Status: 255.0
2026-07-10 10:04:35 [MQTT Call: paho140732367419] INFO  c.s.Seminar1.services.MqttService - Gespeichert - Wago750 Status: 65280.0
2026-07-10 10:04:36 [MQTT Call: paho140732367419] INFO  c.s.Seminar1.services.MqttService - Gespeichert - Wago750 Status: 255.0
2026-07-10 10:04:37 [MQTT Call: paho140732367419] INFO  c.s.Seminar1.services.MqttService - Gespeichert - Wago750 Status: 65280.0
2026-07-10 10:04:38 [MQTT Call: paho140732367419] INFO  c.s.Seminar1.services.MqttService - Gespeichert - Wago750 Status: 255.0
2026-07-10 10:04:39 [MQTT Call: paho140732367419] INFO  c.s.Seminar1.services.MqttService - Gespeichert - Wago750 Status: 65280.0
2026-07-10 10:04:40 [MQTT Call: paho140732367419] INFO  c.s.Seminar1.services.MqttService - Gespeichert - Wago750 Status: 255.0
2026-07-10 10:04:41 [MQTT Call: paho140732367419] INFO  c.s.Seminar1.services.MqttService - Gespeichert - Wago750 Status: 65280.0
2026-07-10 10:04:42 [MQTT Call: paho140732367419] INFO  c.s.Seminar1.services.MqttService - Gespeichert - Wago750 Status: 255.0
2026-07-10 10:04:43 [MQTT Call: paho140732367419] INFO  c.s.Seminar1.services.MqttService - Gespeichert - Wago750 Status: 65280.0
2026-07-10 10:04:44 [MQTT Call: paho140732367419] INFO  c.s.Seminar1.services.MqttService - Gespeichert - Wago750 Status: 255.0
2026-07-10 10:04:45 [MQTT Call: paho140732367419] INFO  c.s.Seminar1.services.MqttService - Gespeichert - Wago750 Status: 65280.0
2026-07-10 10:04:46 [MQTT Call: paho140732367419] INFO  c.s.Seminar1.services.MqttService - Gespeichert - Wago750 Status: 255.0
2026-07-10 10:04:47 [MQTT Call: paho140732367419] INFO  c.s.Seminar1.services.MqttService - Gespeichert - Wago750 Status: 65280.0
2026-07-10 10:04:48 [MQTT Call: paho140732367419] INFO  c.s.Seminar1.services.MqttService - Gespeichert - Wago750 Control: 0
2026-07-10 10:04:48 [MQTT Call: paho140732367419] INFO  c.s.Seminar1.services.MqttService - Gespeichert - Wago750 Status: 0.0
2026-07-10 10:04:51 [MQTT Call: paho140732367419] INFO  c.s.Seminar1.services.MqttService - Gespeichert - Temperatur Soll: 27.15
2026-07-10 10:04:52 [MQTT Call: paho140732367419] INFO  c.s.Seminar1.services.MqttService - Gespeichert - Temperatur Differenz: -0.19
2026-07-10 10:04:52 [MQTT Call: paho140732367419] INFO  c.s.Seminar1.services.MqttService - Gespeichert - Wago750 Control: 2
2026-07-10 10:04:52 [MQTT Call: paho140732367419] INFO  c.s.Seminar1.services.MqttService - Gespeichert - Wago750 Status: 1024.0
2026-07-10 10:04:53 [MQTT Call: paho140732367419] INFO  c.s.Seminar1.services.MqttService - Gespeichert - Wago750 Status: 512.0
2026-07-10 10:04:53 [MQTT Call: paho140732367419] INFO  c.s.Seminar1.services.MqttService - Gespeichert - Temperatur Soll: 27.16
2026-07-10 10:04:54 [MQTT Call: paho140732367419] INFO  c.s.Seminar1.services.MqttService - Gespeichert - Wago750 Status: 256.0
2026-07-10 10:04:54 [MQTT Call: paho140732367419] INFO  c.s.Seminar1.services.MqttService - Gespeichert - Temperatur Soll: 27.15
2026-07-10 10:04:55 [MQTT Call: paho140732367419] INFO  c.s.Seminar1.services.MqttService - Gespeichert - Wago750 Status: 1.0
2026-07-10 10:04:55 [MQTT Call: paho140732367419] INFO  c.s.Seminar1.services.MqttService - Gespeichert - Temperatur Soll: 27.16
2026-07-10 10:04:55 [MQTT Call: paho140732367419] INFO  c.s.Seminar1.services.MqttService - Gespeichert - Temperatur Differenz: -0.2
2026-07-10 10:04:56 [MQTT Call: paho140732367419] INFO  c.s.Seminar1.services.MqttService - Gespeichert - Wago750 Status: 2.0
2026-07-10 10:04:56 [MQTT Call: paho140732367419] INFO  c.s.Seminar1.services.MqttService - Gespeichert - Temperatur Soll: 27.15
2026-07-10 10:04:57 [MQTT Call: paho140732367419] INFO  c.s.Seminar1.services.MqttService - Gespeichert - Temperatur Differenz: -0.19
2026-07-10 10:04:57 [MQTT Call: paho140732367419] INFO  c.s.Seminar1.services.MqttService - Gespeichert - Wago750 Status: 4.0
2026-07-10 10:04:58 [MQTT Call: paho140732367419] INFO  c.s.Seminar1.services.MqttService - Gespeichert - Temperatur Soll: 27.16
2026-07-10 10:04:58 [MQTT Call: paho140732367419] INFO  c.s.Seminar1.services.MqttService - Gespeichert - Wago750 Status: 8.0
2026-07-10 10:04:58 [MQTT Call: paho140732367419] INFO  c.s.Seminar1.services.MqttService - Gespeichert - Temperatur Differenz: -0.2
2026-07-10 10:04:59 [MQTT Call: paho140732367419] INFO  c.s.Seminar1.services.MqttService - Gespeichert - Temperatur Soll: 27.15
2026-07-10 10:04:59 [MQTT Call: paho140732367419] INFO  c.s.Seminar1.services.MqttService - Gespeichert - Wago750 Status: 16.0
2026-07-10 10:04:59 [MQTT Call: paho140732367419] INFO  c.s.Seminar1.services.MqttService - Gespeichert - Temperatur Differenz: -0.19
2026-07-10 10:05:00 [MQTT Call: paho140732367419] INFO  c.s.Seminar1.services.MqttService - Gespeichert - Wago750 Status: 32.0
2026-07-10 10:05:01 [MQTT Call: paho140732367419] INFO  c.s.Seminar1.services.MqttService - Gespeichert - Temperatur Soll: 27.16
2026-07-10 10:05:01 [MQTT Call: paho140732367419] INFO  c.s.Seminar1.services.MqttService - Gespeichert - Wago750 Status: 64.0
2026-07-10 10:05:02 [MQTT Call: paho140732367419] INFO  c.s.Seminar1.services.MqttService - Gespeichert - Temperatur Soll: 27.15
2026-07-10 10:05:02 [MQTT Call: paho140732367419] INFO  c.s.Seminar1.services.MqttService - Gespeichert - Wago750 Status: 128.0
2026-07-10 10:05:03 [MQTT Call: paho140732367419] INFO  c.s.Seminar1.services.MqttService - Gespeichert - Wago750 Status: 32768.0
2026-07-10 10:05:04 [MQTT Call: paho140732367419] INFO  c.s.Seminar1.services.MqttService - Gespeichert - Temperatur Soll: 27.16
2026-07-10 10:05:04 [MQTT Call: paho140732367419] INFO  c.s.Seminar1.services.MqttService - Gespeichert - Wago750 Status: 16384.0
2026-07-10 10:05:05 [MQTT Call: paho140732367419] INFO  c.s.Seminar1.services.MqttService - Gespeichert - Temperatur Soll: 27.15
2026-07-10 10:05:05 [MQTT Call: paho140732367419] INFO  c.s.Seminar1.services.MqttService - Gespeichert - Wago750 Status: 8192.0
2026-07-10 10:05:06 [MQTT Call: paho140732367419] INFO  c.s.Seminar1.services.MqttService - Gespeichert - Wago750 Status: 4096.0
2026-07-10 10:05:07 [MQTT Call: paho140732367419] INFO  c.s.Seminar1.services.MqttService - Gespeichert - Wago750 Status: 2048.0
2026-07-10 10:05:08 [MQTT Call: paho140732367419] INFO  c.s.Seminar1.services.MqttService - Gespeichert - Wago750 Status: 1024.0
2026-07-10 10:05:08 [MQTT Call: paho140732367419] INFO  c.s.Seminar1.services.MqttService - Gespeichert - Temperatur Soll: 27.16
2026-07-10 10:05:09 [MQTT Call: paho140732367419] INFO  c.s.Seminar1.services.MqttService - Gespeichert - Wago750 Status: 512.0
2026-07-10 10:05:09 [MQTT Call: paho140732367419] INFO  c.s.Seminar1.services.MqttService - Gespeichert - Temperatur Soll: 27.15
2026-07-10 10:05:10 [MQTT Call: paho140732367419] INFO  c.s.Seminar1.services.MqttService - Gespeichert - Wago750 Status: 256.0
2026-07-10 10:05:11 [MQTT Call: paho140732367419] INFO  c.s.Seminar1.services.MqttService - Gespeichert - Wago750 Status: 1.0
2026-07-10 10:05:12 [MQTT Call: paho140732367419] INFO  c.s.Seminar1.services.MqttService - Gespeichert - Wago750 Status: 2.0
2026-07-10 10:05:13 [MQTT Call: paho140732367419] INFO  c.s.Seminar1.services.MqttService - Gespeichert - Wago750 Status: 4.0
2026-07-10 10:05:14 [MQTT Call: paho140732367419] INFO  c.s.Seminar1.services.MqttService - Gespeichert - Wago750 Status: 8.0
2026-07-10 10:05:15 [MQTT Call: paho140732367419] INFO  c.s.Seminar1.services.MqttService - Gespeichert - Temperatur Differenz: -0.16
2026-07-10 10:05:15 [MQTT Call: paho140732367419] INFO  c.s.Seminar1.services.MqttService - Gespeichert - Temperatur Ist: 26.99
2026-07-10 10:05:15 [MQTT Call: paho140732367419] INFO  c.s.Seminar1.services.MqttService - Gespeichert - Wago750 Status: 16.0
2026-07-10 10:05:16 [MQTT Call: paho140732367419] INFO  c.s.Seminar1.services.MqttService - Gespeichert - Wago750 Status: 32.0
2026-07-10 10:05:17 [MQTT Call: paho140732367419] INFO  c.s.Seminar1.services.MqttService - Gespeichert - Temperatur Differenz: -0.19
2026-07-10 10:05:17 [MQTT Call: paho140732367419] INFO  c.s.Seminar1.services.MqttService - Gespeichert - Temperatur Ist: 26.96
2026-07-10 10:05:17 [MQTT Call: paho140732367419] INFO  c.s.Seminar1.services.MqttService - Gespeichert - Wago750 Status: 64.0
2026-07-10 10:05:18 [MQTT Call: paho140732367419] INFO  c.s.Seminar1.services.MqttService - Gespeichert - Temperatur Differenz: -0.16
2026-07-10 10:05:18 [MQTT Call: paho140732367419] INFO  c.s.Seminar1.services.MqttService - Gespeichert - Temperatur Ist: 26.99
2026-07-10 10:05:18 [MQTT Call: paho140732367419] INFO  c.s.Seminar1.services.MqttService - Gespeichert - Wago750 Status: 128.0
2026-07-10 10:05:20 [MQTT Call: paho140732367419] INFO  c.s.Seminar1.services.MqttService - Gespeichert - Wago750 Status: 32768.0
2026-07-10 10:05:20 [MQTT Call: paho140732367419] INFO  c.s.Seminar1.services.MqttService - Gespeichert - Wago750 Status: 16384.0
2026-07-10 10:05:21 [MQTT Call: paho140732367419] INFO  c.s.Seminar1.services.MqttService - Gespeichert - Wago750 Status: 8192.0
2026-07-10 10:05:22 [MQTT Call: paho140732367419] INFO  c.s.Seminar1.services.MqttService - Gespeichert - Temperatur Differenz: -0.19
2026-07-10 10:05:22 [MQTT Call: paho140732367419] INFO  c.s.Seminar1.services.MqttService - Gespeichert - Temperatur Ist: 26.96
2026-07-10 10:05:22 [MQTT Call: paho140732367419] INFO  c.s.Seminar1.services.MqttService - Gespeichert - Wago750 Status: 4096.0
2026-07-10 10:05:23 [MQTT Call: paho140732367419] INFO  c.s.Seminar1.services.MqttService - Gespeichert - Temperatur Differenz: -0.16
2026-07-10 10:05:23 [MQTT Call: paho140732367419] INFO  c.s.Seminar1.services.MqttService - Gespeichert - Temperatur Ist: 26.99
2026-07-10 10:05:23 [MQTT Call: paho140732367419] INFO  c.s.Seminar1.services.MqttService - Gespeichert - Wago750 Status: 2048.0
2026-07-10 10:05:24 [MQTT Call: paho140732367419] INFO  c.s.Seminar1.services.MqttService - Gespeichert - Wago750 Status: 1024.0
2026-07-10 10:05:25 [MQTT Call: paho140732367419] INFO  c.s.Seminar1.services.MqttService - Gespeichert - Wago750 Control: 0
2026-07-10 10:05:25 [MQTT Call: paho140732367419] INFO  c.s.Seminar1.services.MqttService - Gespeichert - Wago750 Status: 0.0
2026-07-10 10:05:35 [MQTT Call: paho140732367419] INFO  c.s.Seminar1.services.MqttService - Gespeichert - Wago750 Control: 1
2026-07-10 10:05:35 [MQTT Call: paho140732367419] INFO  c.s.Seminar1.services.MqttService - Gespeichert - Wago750 Status: 65280.0
2026-07-10 10:05:36 [MQTT Call: paho140732367419] INFO  c.s.Seminar1.services.MqttService - Gespeichert - Wago750 Status: 255.0
2026-07-10 10:05:38 [MQTT Call: paho140732367419] INFO  c.s.Seminar1.services.MqttService - Gespeichert - Wago750 Status: 65280.0
2026-07-10 10:05:38 [MQTT Call: paho140732367419] INFO  c.s.Seminar1.services.MqttService - Gespeichert - Wago750 Status: 255.0
2026-07-10 10:05:39 [MQTT Call: paho140732367419] INFO  c.s.Seminar1.services.MqttService - Gespeichert - Wago750 Control: 2
2026-07-10 10:05:39 [MQTT Call: paho140732367419] INFO  c.s.Seminar1.services.MqttService - Gespeichert - Wago750 Status: 256.0
2026-07-10 10:05:40 [MQTT Call: paho140732367419] INFO  c.s.Seminar1.services.MqttService - Gespeichert - Wago750 Status: 1.0
2026-07-10 10:05:41 [MQTT Call: paho140732367419] INFO  c.s.Seminar1.services.MqttService - Gespeichert - Wago750 Status: 2.0
2026-07-10 10:05:42 [MQTT Call: paho140732367419] INFO  c.s.Seminar1.services.MqttService - Gespeichert - Wago750 Status: 4.0
2026-07-10 10:05:43 [MQTT Call: paho140732367419] INFO  c.s.Seminar1.services.MqttService - Gespeichert - Wago750 Status: 8.0
2026-07-10 10:05:45 [MQTT Call: paho140732367419] INFO  c.s.Seminar1.services.MqttService - Gespeichert - Wago750 Status: 16.0
2026-07-10 10:05:45 [MQTT Call: paho140732367419] INFO  c.s.Seminar1.services.MqttService - Gespeichert - Wago750 Status: 32.0
2026-07-10 10:05:47 [MQTT Call: paho140732367419] INFO  c.s.Seminar1.services.MqttService - Gespeichert - Wago750 Status: 64.0
2026-07-10 10:05:48 [MQTT Call: paho140732367419] INFO  c.s.Seminar1.services.MqttService - Gespeichert - Wago750 Status: 128.0
2026-07-10 10:05:49 [MQTT Call: paho140732367419] INFO  c.s.Seminar1.services.MqttService - Gespeichert - Wago750 Status: 32768.0
2026-07-10 10:05:49 [MQTT Call: paho140732367419] INFO  c.s.Seminar1.services.MqttService - Gespeichert - Wago750 Status: 16384.0
2026-07-10 10:05:51 [MQTT Call: paho140732367419] INFO  c.s.Seminar1.services.MqttService - Gespeichert - Wago750 Status: 8192.0
2026-07-10 10:05:52 [MQTT Call: paho140732367419] INFO  c.s.Seminar1.services.MqttService - Gespeichert - Wago750 Status: 4096.0
2026-07-10 10:05:52 [MQTT Call: paho140732367419] INFO  c.s.Seminar1.services.MqttService - Gespeichert - Wago750 Status: 2048.0
2026-07-10 10:05:53 [MQTT Call: paho140732367419] INFO  c.s.Seminar1.services.MqttService - Gespeichert - Wago750 Status: 1024.0
2026-07-10 10:05:54 [MQTT Call: paho140732367419] INFO  c.s.Seminar1.services.MqttService - Gespeichert - Wago750 Status: 512.0
2026-07-10 10:05:55 [MQTT Call: paho140732367419] INFO  c.s.Seminar1.services.MqttService - Gespeichert - Wago750 Status: 256.0
2026-07-10 10:05:56 [MQTT Call: paho140732367419] INFO  c.s.Seminar1.services.MqttService - Gespeichert - Wago750 Status: 1.0
2026-07-10 10:05:57 [MQTT Call: paho140732367419] INFO  c.s.Seminar1.services.MqttService - Gespeichert - Wago750 Status: 2.0
2026-07-10 10:05:58 [MQTT Call: paho140732367419] INFO  c.s.Seminar1.services.MqttService - Gespeichert - Wago750 Status: 4.0
2026-07-10 10:05:59 [MQTT Call: paho140732367419] INFO  c.s.Seminar1.services.MqttService - Gespeichert - Wago750 Status: 8.0
2026-07-10 10:06:00 [MQTT Call: paho140732367419] INFO  c.s.Seminar1.services.MqttService - Gespeichert - Wago750 Control: 1
2026-07-10 10:06:00 [MQTT Call: paho140732367419] INFO  c.s.Seminar1.services.MqttService - Gespeichert - Wago750 Status: 255.0
2026-07-10 10:06:01 [MQTT Call: paho140732367419] INFO  c.s.Seminar1.services.MqttService - Gespeichert - Wago750 Status: 65280.0
2026-07-10 10:06:02 [MQTT Call: paho140732367419] INFO  c.s.Seminar1.services.MqttService - Gespeichert - Wago750 Status: 255.0
2026-07-10 10:06:03 [MQTT Call: paho140732367419] INFO  c.s.Seminar1.services.MqttService - Gespeichert - Wago750 Status: 65280.0
2026-07-10 10:06:04 [MQTT Call: paho140732367419] INFO  c.s.Seminar1.services.MqttService - Gespeichert - Wago750 Control: 2
2026-07-10 10:06:04 [MQTT Call: paho140732367419] INFO  c.s.Seminar1.services.MqttService - Gespeichert - Wago750 Status: 16.0
2026-07-10 10:06:05 [MQTT Call: paho140732367419] INFO  c.s.Seminar1.services.MqttService - Gespeichert - Wago750 Status: 32.0
2026-07-10 10:06:06 [MQTT Call: paho140732367419] INFO  c.s.Seminar1.services.MqttService - Gespeichert - Wago750 Status: 64.0
2026-07-10 10:06:07 [MQTT Call: paho140732367419] INFO  c.s.Seminar1.services.MqttService - Gespeichert - Wago750 Status: 128.0
2026-07-10 10:06:08 [MQTT Call: paho140732367419] INFO  c.s.Seminar1.services.MqttService - Gespeichert - Wago750 Status: 32768.0
2026-07-10 10:06:09 [MQTT Call: paho140732367419] INFO  c.s.Seminar1.services.MqttService - Gespeichert - Wago750 Status: 16384.0
2026-07-10 10:06:10 [MQTT Call: paho140732367419] INFO  c.s.Seminar1.services.MqttService - Gespeichert - Wago750 Status: 8192.0
2026-07-10 10:06:10 [MQTT Call: paho140732367419] INFO  c.s.Seminar1.services.MqttService - Gespeichert - Wago750 Control: 3
2026-07-10 10:06:11 [MQTT Call: paho140732367419] INFO  c.s.Seminar1.services.MqttService - Gespeichert - Wago750 Status: 9252.0
2026-07-10 10:06:12 [MQTT Call: paho140732367419] INFO  c.s.Seminar1.services.MqttService - Gespeichert - Temperatur Differenz: -0.14
2026-07-10 10:06:12 [MQTT Call: paho140732367419] INFO  c.s.Seminar1.services.MqttService - Gespeichert - Temperatur Ist: 27.01
2026-07-10 10:06:13 [MQTT Call: paho140732367419] INFO  c.s.Seminar1.services.MqttService - Gespeichert - Wago750 Status: 6168.0
2026-07-10 10:06:13 [MQTT Call: paho140732367419] INFO  c.s.Seminar1.services.MqttService - Gespeichert - Wago750 Status: 9252.0
2026-07-10 10:06:15 [MQTT Call: paho140732367419] INFO  c.s.Seminar1.services.MqttService - Gespeichert - Wago750 Status: 16962.0
2026-07-10 10:06:15 [MQTT Call: paho140732367419] INFO  c.s.Seminar1.services.MqttService - Gespeichert - Wago750 Status: 33153.0
2026-07-10 10:06:17 [MQTT Call: paho140732367419] INFO  c.s.Seminar1.services.MqttService - Gespeichert - Wago750 Status: 16962.0
2026-07-10 10:06:18 [MQTT Call: paho140732367419] INFO  c.s.Seminar1.services.MqttService - Gespeichert - Wago750 Status: 9252.0
2026-07-10 10:06:18 [MQTT Call: paho140732367419] INFO  c.s.Seminar1.services.MqttService - Gespeichert - Wago750 Control: 2
2026-07-10 10:06:18 [MQTT Call: paho140732367419] INFO  c.s.Seminar1.services.MqttService - Gespeichert - Wago750 Status: 4096.0
2026-07-10 10:06:19 [MQTT Call: paho140732367419] INFO  c.s.Seminar1.services.MqttService - Gespeichert - Wago750 Status: 2048.0
2026-07-10 10:06:20 [MQTT Call: paho140732367419] INFO  c.s.Seminar1.services.MqttService - Gespeichert - Wago750 Status: 1024.0
2026-07-10 10:06:21 [MQTT Call: paho140732367419] INFO  c.s.Seminar1.services.MqttService - Gespeichert - Wago750 Status: 512.0
2026-07-10 10:06:22 [MQTT Call: paho140732367419] INFO  c.s.Seminar1.services.MqttService - Gespeichert - Wago750 Status: 256.0
2026-07-10 10:06:23 [MQTT Call: paho140732367419] INFO  c.s.Seminar1.services.MqttService - Gespeichert - Wago750 Status: 1.0
2026-07-10 10:06:24 [MQTT Call: paho140732367419] INFO  c.s.Seminar1.services.MqttService - Gespeichert - Wago750 Status: 2.0
2026-07-10 10:06:25 [MQTT Call: paho140732367419] INFO  c.s.Seminar1.services.MqttService - Gespeichert - Wago750 Status: 4.0
2026-07-10 10:06:26 [MQTT Call: paho140732367419] INFO  c.s.Seminar1.services.MqttService - Gespeichert - Wago750 Status: 8.0
2026-07-10 10:06:27 [MQTT Call: paho140732367419] INFO  c.s.Seminar1.services.MqttService - Gespeichert - Wago750 Status: 16.0
2026-07-10 10:06:28 [MQTT Call: paho140732367419] INFO  c.s.Seminar1.services.MqttService - Gespeichert - Wago750 Status: 32.0
2026-07-10 10:06:29 [MQTT Call: paho140732367419] INFO  c.s.Seminar1.services.MqttService - Gespeichert - Wago750 Status: 64.0
2026-07-10 10:06:30 [MQTT Call: paho140732367419] INFO  c.s.Seminar1.services.MqttService - Gespeichert - Wago750 Status: 128.0
2026-07-10 10:06:31 [MQTT Call: paho140732367419] INFO  c.s.Seminar1.services.MqttService - Gespeichert - Temperatur Soll: 27.16
2026-07-10 10:06:31 [MQTT Call: paho140732367419] INFO  c.s.Seminar1.services.MqttService - Gespeichert - Wago750 Status: 32768.0
2026-07-10 10:06:31 [MQTT Call: paho140732367419] INFO  c.s.Seminar1.services.MqttService - Gespeichert - Temperatur Differenz: -0.15
2026-07-10 10:06:32 [MQTT Call: paho140732367419] INFO  c.s.Seminar1.services.MqttService - Gespeichert - Wago750 Status: 16384.0
2026-07-10 10:06:33 [MQTT Call: paho140732367419] INFO  c.s.Seminar1.services.MqttService - Gespeichert - Wago750 Status: 8192.0
2026-07-10 10:06:34 [MQTT Call: paho140732367419] INFO  c.s.Seminar1.services.MqttService - Gespeichert - Wago750 Status: 4096.0
2026-07-10 10:06:36 [MQTT Call: paho140732367419] INFO  c.s.Seminar1.services.MqttService - Gespeichert - Wago750 Status: 2048.0
2026-07-10 10:06:36 [MQTT Call: paho140732367419] INFO  c.s.Seminar1.services.MqttService - Gespeichert - Wago750 Status: 1024.0
2026-07-10 10:06:37 [MQTT Call: paho140732367419] INFO  c.s.Seminar1.services.MqttService - Gespeichert - Wago750 Status: 512.0
2026-07-10 10:06:38 [MQTT Call: paho140732367419] INFO  c.s.Seminar1.services.MqttService - Gespeichert - Wago750 Status: 256.0
2026-07-10 10:06:39 [MQTT Call: paho140732367419] INFO  c.s.Seminar1.services.MqttService - Gespeichert - Temperatur Soll: 27.15
2026-07-10 10:06:39 [MQTT Call: paho140732367419] INFO  c.s.Seminar1.services.MqttService - Gespeichert - Wago750 Status: 1.0
2026-07-10 10:06:40 [MQTT Call: paho140732367419] INFO  c.s.Seminar1.services.MqttService - Gespeichert - Temperatur Differenz: -0.14
2026-07-10 10:06:40 [MQTT Call: paho140732367419] INFO  c.s.Seminar1.services.MqttService - Gespeichert - Temperatur Soll: 27.16
2026-07-10 10:06:41 [MQTT Call: paho140732367419] INFO  c.s.Seminar1.services.MqttService - Gespeichert - Wago750 Status: 2.0
2026-07-10 10:06:41 [MQTT Call: paho140732367419] INFO  c.s.Seminar1.services.MqttService - Gespeichert - Temperatur Differenz: -0.15
2026-07-10 10:06:41 [MQTT Call: paho140732367419] INFO  c.s.Seminar1.services.MqttService - Gespeichert - Wago750 Status: 4.0
2026-07-10 10:06:43 [MQTT Call: paho140732367419] INFO  c.s.Seminar1.services.MqttService - Gespeichert - Wago750 Status: 8.0
2026-07-10 10:06:44 [MQTT Call: paho140732367419] INFO  c.s.Seminar1.services.MqttService - Gespeichert - Wago750 Status: 16.0
2026-07-10 10:06:45 [MQTT Call: paho140732367419] INFO  c.s.Seminar1.services.MqttService - Gespeichert - Wago750 Status: 32.0
2026-07-10 10:06:46 [MQTT Call: paho140732367419] INFO  c.s.Seminar1.services.MqttService - Gespeichert - Wago750 Status: 64.0
2026-07-10 10:06:47 [MQTT Call: paho140732367419] INFO  c.s.Seminar1.services.MqttService - Gespeichert - Wago750 Status: 128.0
2026-07-10 10:06:48 [MQTT Call: paho140732367419] INFO  c.s.Seminar1.services.MqttService - Gespeichert - Wago750 Status: 32768.0
2026-07-10 10:06:49 [MQTT Call: paho140732367419] INFO  c.s.Seminar1.services.MqttService - Gespeichert - Wago750 Status: 16384.0
2026-07-10 10:06:49 [MQTT Call: paho140732367419] INFO  c.s.Seminar1.services.MqttService - Gespeichert - Wago750 Status: 8192.0
2026-07-10 10:06:50 [MQTT Call: paho140732367419] INFO  c.s.Seminar1.services.MqttService - Gespeichert - Wago750 Status: 4096.0
2026-07-10 10:06:51 [MQTT Call: paho140732367419] INFO  c.s.Seminar1.services.MqttService - Gespeichert - Wago750 Status: 2048.0
2026-07-10 10:06:52 [MQTT Call: paho140732367419] INFO  c.s.Seminar1.services.MqttService - Gespeichert - Wago750 Status: 1024.0
2026-07-10 10:06:53 [MQTT Call: paho140732367419] INFO  c.s.Seminar1.services.MqttService - Gespeichert - Temperatur Differenz: -0.14
2026-07-10 10:06:53 [MQTT Call: paho140732367419] INFO  c.s.Seminar1.services.MqttService - Gespeichert - Temperatur Ist: 27.02
2026-07-10 10:06:53 [MQTT Call: paho140732367419] INFO  c.s.Seminar1.services.MqttService - Gespeichert - Wago750 Status: 512.0
2026-07-10 10:06:54 [MQTT Call: paho140732367419] INFO  c.s.Seminar1.services.MqttService - Gespeichert - Temperatur Differenz: -0.15
2026-07-10 10:06:54 [MQTT Call: paho140732367419] INFO  c.s.Seminar1.services.MqttService - Gespeichert - Temperatur Ist: 27.01
2026-07-10 10:06:54 [MQTT Call: paho140732367419] INFO  c.s.Seminar1.services.MqttService - Gespeichert - Wago750 Status: 256.0
2026-07-10 10:06:55 [MQTT Call: paho140732367419] INFO  c.s.Seminar1.services.MqttService - Gespeichert - Wago750 Status: 1.0
2026-07-10 10:06:55 [MQTT Call: paho140732367419] INFO  c.s.Seminar1.services.MqttService - Gespeichert - Temperatur Differenz: -0.14
2026-07-10 10:06:56 [MQTT Call: paho140732367419] INFO  c.s.Seminar1.services.MqttService - Gespeichert - Temperatur Ist: 27.02
2026-07-10 10:06:56 [MQTT Call: paho140732367419] INFO  c.s.Seminar1.services.MqttService - Gespeichert - Wago750 Status: 2.0
2026-07-10 10:06:57 [MQTT Call: paho140732367419] INFO  c.s.Seminar1.services.MqttService - Gespeichert - Wago750 Status: 4.0
2026-07-10 10:06:58 [MQTT Call: paho140732367419] INFO  c.s.Seminar1.services.MqttService - Gespeichert - Wago750 Status: 8.0
2026-07-10 10:06:59 [MQTT Call: paho140732367419] INFO  c.s.Seminar1.services.MqttService - Gespeichert - Wago750 Status: 16.0
2026-07-10 10:07:00 [MQTT Call: paho140732367419] INFO  c.s.Seminar1.services.MqttService - Gespeichert - Wago750 Status: 32.0
2026-07-10 10:07:01 [MQTT Call: paho140732367419] INFO  c.s.Seminar1.services.MqttService - Gespeichert - Wago750 Status: 64.0
2026-07-10 10:07:02 [MQTT Call: paho140732367419] INFO  c.s.Seminar1.services.MqttService - Gespeichert - Wago750 Status: 128.0
2026-07-10 10:07:03 [MQTT Call: paho140732367419] INFO  c.s.Seminar1.services.MqttService - Gespeichert - Wago750 Status: 32768.0
2026-07-10 10:07:05 [MQTT Call: paho140732367419] INFO  c.s.Seminar1.services.MqttService - Gespeichert - Wago750 Status: 16384.0
2026-07-10 10:07:05 [MQTT Call: paho140732367419] INFO  c.s.Seminar1.services.MqttService - Gespeichert - Wago750 Status: 8192.0
2026-07-10 10:07:06 [MQTT Call: paho140732367419] INFO  c.s.Seminar1.services.MqttService - Gespeichert - Wago750 Status: 4096.0
2026-07-10 10:07:07 [MQTT Call: paho140732367419] INFO  c.s.Seminar1.services.MqttService - Gespeichert - Wago750 Status: 2048.0
2026-07-10 10:07:08 [MQTT Call: paho140732367419] INFO  c.s.Seminar1.services.MqttService - Gespeichert - Wago750 Status: 1024.0
2026-07-10 10:07:10 [MQTT Call: paho140732367419] INFO  c.s.Seminar1.services.MqttService - Gespeichert - Wago750 Status: 512.0
2026-07-10 10:07:11 [MQTT Call: paho140732367419] INFO  c.s.Seminar1.services.MqttService - Gespeichert - Wago750 Status: 256.0
2026-07-10 10:07:12 [MQTT Call: paho140732367419] INFO  c.s.Seminar1.services.MqttService - Gespeichert - Wago750 Status: 1.0
2026-07-10 10:07:12 [MQTT Call: paho140732367419] INFO  c.s.Seminar1.services.MqttService - Gespeichert - Temperatur Soll: 27.18
2026-07-10 10:07:13 [MQTT Call: paho140732367419] INFO  c.s.Seminar1.services.MqttService - Gespeichert - Wago750 Status: 2.0
2026-07-10 10:07:13 [MQTT Call: paho140732367419] INFO  c.s.Seminar1.services.MqttService - Gespeichert - Temperatur Differenz: -0.16
2026-07-10 10:07:13 [MQTT Call: paho140732367419] INFO  c.s.Seminar1.services.MqttService - Gespeichert - Temperatur Soll: 27.16
2026-07-10 10:07:14 [MQTT Call: paho140732367419] INFO  c.s.Seminar1.services.MqttService - Gespeichert - Wago750 Status: 4.0
2026-07-10 10:07:14 [MQTT Call: paho140732367419] INFO  c.s.Seminar1.services.MqttService - Gespeichert - Temperatur Differenz: -0.14
2026-07-10 10:07:15 [MQTT Call: paho140732367419] INFO  c.s.Seminar1.services.MqttService - Gespeichert - Wago750 Status: 8.0
2026-07-10 10:07:16 [MQTT Call: paho140732367419] INFO  c.s.Seminar1.services.MqttService - Gespeichert - Wago750 Status: 16.0
2026-07-10 10:07:17 [MQTT Call: paho140732367419] INFO  c.s.Seminar1.services.MqttService - Gespeichert - Wago750 Status: 32.0
2026-07-10 10:07:18 [MQTT Call: paho140732367419] INFO  c.s.Seminar1.services.MqttService - Gespeichert - Wago750 Status: 64.0
2026-07-10 10:07:18 [MQTT Call: paho140732367419] INFO  c.s.Seminar1.services.MqttService - Gespeichert - Temperatur Differenz: -0.16
2026-07-10 10:07:18 [MQTT Call: paho140732367419] INFO  c.s.Seminar1.services.MqttService - Gespeichert - Temperatur Soll: 27.18
2026-07-10 10:07:19 [MQTT Call: paho140732367419] INFO  c.s.Seminar1.services.MqttService - Gespeichert - Temperatur Differenz: -0.14
2026-07-10 10:07:20 [MQTT Call: paho140732367419] INFO  c.s.Seminar1.services.MqttService - Gespeichert - Wago750 Status: 32768.0
2026-07-10 10:07:20 [MQTT Call: paho140732367419] INFO  c.s.Seminar1.services.MqttService - Gespeichert - Temperatur Differenz: -0.16
2026-07-10 10:07:21 [MQTT Call: paho140732367419] INFO  c.s.Seminar1.services.MqttService - Gespeichert - Wago750 Status: 16384.0
2026-07-10 10:07:22 [MQTT Call: paho140732367419] INFO  c.s.Seminar1.services.MqttService - Gespeichert - Wago750 Status: 8192.0
2026-07-10 10:07:22 [MQTT Call: paho140732367419] INFO  c.s.Seminar1.services.MqttService - Gespeichert - Wago750 Status: 4096.0
2026-07-10 10:07:23 [MQTT Call: paho140732367419] INFO  c.s.Seminar1.services.MqttService - Gespeichert - Wago750 Status: 2048.0
2026-07-10 10:07:24 [MQTT Call: paho140732367419] INFO  c.s.Seminar1.services.MqttService - Gespeichert - Wago750 Status: 1024.0
2026-07-10 10:07:25 [MQTT Call: paho140732367419] INFO  c.s.Seminar1.services.MqttService - Gespeichert - Wago750 Status: 512.0
2026-07-10 10:07:26 [MQTT Call: paho140732367419] INFO  c.s.Seminar1.services.MqttService - Gespeichert - Wago750 Status: 256.0
2026-07-10 10:07:27 [MQTT Call: paho140732367419] INFO  c.s.Seminar1.services.MqttService - Gespeichert - Wago750 Status: 1.0
2026-07-10 10:07:28 [MQTT Call: paho140732367419] INFO  c.s.Seminar1.services.MqttService - Gespeichert - Wago750 Status: 2.0
2026-07-10 10:07:29 [MQTT Call: paho140732367419] INFO  c.s.Seminar1.services.MqttService - Gespeichert - Wago750 Status: 4.0
2026-07-10 10:07:30 [MQTT Call: paho140732367419] INFO  c.s.Seminar1.services.MqttService - Gespeichert - Wago750 Status: 8.0
2026-07-10 10:07:31 [MQTT Call: paho140732367419] INFO  c.s.Seminar1.services.MqttService - Gespeichert - Wago750 Status: 16.0
2026-07-10 10:07:32 [MQTT Call: paho140732367419] INFO  c.s.Seminar1.services.MqttService - Gespeichert - Wago750 Status: 32.0
2026-07-10 10:07:32 [MQTT Call: paho140732367419] INFO  c.s.Seminar1.services.MqttService - Gespeichert - Temperatur Differenz: -0.13
2026-07-10 10:07:32 [MQTT Call: paho140732367419] INFO  c.s.Seminar1.services.MqttService - Gespeichert - Temperatur Ist: 27.05
2026-07-10 10:07:33 [MQTT Call: paho140732367419] INFO  c.s.Seminar1.services.MqttService - Gespeichert - Wago750 Status: 64.0
2026-07-10 10:07:34 [MQTT Call: paho140732367419] INFO  c.s.Seminar1.services.MqttService - Gespeichert - Wago750 Status: 128.0
2026-07-10 10:07:35 [MQTT Call: paho140732367419] INFO  c.s.Seminar1.services.MqttService - Gespeichert - Wago750 Status: 32768.0
2026-07-10 10:07:36 [MQTT Call: paho140732367419] INFO  c.s.Seminar1.services.MqttService - Gespeichert - Wago750 Status: 16384.0
2026-07-10 10:07:37 [MQTT Call: paho140732367419] INFO  c.s.Seminar1.services.MqttService - Gespeichert - Wago750 Status: 8192.0
2026-07-10 10:07:38 [MQTT Call: paho140732367419] INFO  c.s.Seminar1.services.MqttService - Gespeichert - Wago750 Status: 4096.0
2026-07-10 10:07:39 [MQTT Call: paho140732367419] INFO  c.s.Seminar1.services.MqttService - Gespeichert - Wago750 Status: 2048.0
2026-07-10 10:07:40 [MQTT Call: paho140732367419] INFO  c.s.Seminar1.services.MqttService - Gespeichert - Wago750 Status: 1024.0
2026-07-10 10:07:41 [MQTT Call: paho140732367419] INFO  c.s.Seminar1.services.MqttService - Gespeichert - Wago750 Status: 512.0
2026-07-10 10:07:43 [MQTT Call: paho140732367419] INFO  c.s.Seminar1.services.MqttService - Gespeichert - Wago750 Status: 256.0
2026-07-10 10:07:44 [MQTT Call: paho140732367419] INFO  c.s.Seminar1.services.MqttService - Gespeichert - Wago750 Status: 1.0
2026-07-10 10:07:45 [MQTT Call: paho140732367419] INFO  c.s.Seminar1.services.MqttService - Gespeichert - Wago750 Status: 2.0
2026-07-10 10:07:46 [MQTT Call: paho140732367419] INFO  c.s.Seminar1.services.MqttService - Gespeichert - Wago750 Status: 4.0
2026-07-10 10:07:47 [MQTT Call: paho140732367419] INFO  c.s.Seminar1.services.MqttService - Gespeichert - Wago750 Status: 8.0
2026-07-10 10:07:48 [MQTT Call: paho140732367419] INFO  c.s.Seminar1.services.MqttService - Gespeichert - Wago750 Status: 16.0
2026-07-10 10:07:49 [MQTT Call: paho140732367419] INFO  c.s.Seminar1.services.MqttService - Gespeichert - Wago750 Status: 32.0
2026-07-10 10:07:50 [MQTT Call: paho140732367419] INFO  c.s.Seminar1.services.MqttService - Gespeichert - Wago750 Status: 64.0
2026-07-10 10:07:51 [MQTT Call: paho140732367419] INFO  c.s.Seminar1.services.MqttService - Gespeichert - Wago750 Status: 128.0
2026-07-10 10:07:51 [MQTT Call: paho140732367419] INFO  c.s.Seminar1.services.MqttService - Gespeichert - Wago750 Status: 32768.0
2026-07-10 10:07:52 [MQTT Call: paho140732367419] INFO  c.s.Seminar1.services.MqttService - Gespeichert - Wago750 Status: 16384.0
2026-07-10 10:07:53 [MQTT Call: paho140732367419] INFO  c.s.Seminar1.services.MqttService - Gespeichert - Wago750 Status: 8192.0
2026-07-10 10:07:54 [MQTT Call: paho140732367419] INFO  c.s.Seminar1.services.MqttService - Gespeichert - Temperatur Soll: 27.21
2026-07-10 10:07:54 [MQTT Call: paho140732367419] INFO  c.s.Seminar1.services.MqttService - Gespeichert - Wago750 Status: 4096.0
2026-07-10 10:07:55 [MQTT Call: paho140732367419] INFO  c.s.Seminar1.services.MqttService - Gespeichert - Temperatur Differenz: -0.16
2026-07-10 10:07:55 [MQTT Call: paho140732367419] INFO  c.s.Seminar1.services.MqttService - Gespeichert - Wago750 Status: 2048.0
2026-07-10 10:07:56 [MQTT Call: paho140732367419] INFO  c.s.Seminar1.services.MqttService - Gespeichert - Wago750 Control: 3
2026-07-10 10:07:56 [MQTT Call: paho140732367419] INFO  c.s.Seminar1.services.MqttService - Gespeichert - Wago750 Status: 9252.0
2026-07-10 10:07:57 [MQTT Call: paho140732367419] INFO  c.s.Seminar1.services.MqttService - Gespeichert - Wago750 Status: 16962.0
2026-07-10 10:07:59 [MQTT Call: paho140732367419] INFO  c.s.Seminar1.services.MqttService - Gespeichert - Wago750 Status: 33153.0
2026-07-10 10:07:59 [MQTT Call: paho140732367419] INFO  c.s.Seminar1.services.MqttService - Gespeichert - Wago750 Status: 16962.0
2026-07-10 10:08:00 [MQTT Call: paho140732367419] INFO  c.s.Seminar1.services.MqttService - Gespeichert - Wago750 Control: 2
2026-07-10 10:08:00 [MQTT Call: paho140732367419] INFO  c.s.Seminar1.services.MqttService - Gespeichert - Wago750 Status: 1024.0
2026-07-10 10:08:01 [MQTT Call: paho140732367419] INFO  c.s.Seminar1.services.MqttService - Gespeichert - Wago750 Status: 512.0
2026-07-10 10:08:02 [MQTT Call: paho140732367419] INFO  c.s.Seminar1.services.MqttService - Gespeichert - Wago750 Status: 256.0
2026-07-10 10:08:03 [MQTT Call: paho140732367419] INFO  c.s.Seminar1.services.MqttService - Gespeichert - Wago750 Status: 1.0
2026-07-10 10:08:04 [MQTT Call: paho140732367419] INFO  c.s.Seminar1.services.MqttService - Gespeichert - Wago750 Status: 2.0
2026-07-10 10:08:05 [MQTT Call: paho140732367419] INFO  c.s.Seminar1.services.MqttService - Gespeichert - Wago750 Status: 4.0
2026-07-10 10:08:06 [MQTT Call: paho140732367419] INFO  c.s.Seminar1.services.MqttService - Gespeichert - Wago750 Status: 8.0
2026-07-10 10:08:07 [MQTT Call: paho140732367419] INFO  c.s.Seminar1.services.MqttService - Gespeichert - Wago750 Control: 1
2026-07-10 10:08:07 [MQTT Call: paho140732367419] INFO  c.s.Seminar1.services.MqttService - Gespeichert - Wago750 Status: 255.0
2026-07-10 10:08:08 [MQTT Call: paho140732367419] INFO  c.s.Seminar1.services.MqttService - Gespeichert - Wago750 Status: 65280.0
2026-07-10 10:08:09 [MQTT Call: paho140732367419] INFO  c.s.Seminar1.services.MqttService - Gespeichert - Wago750 Status: 255.0
2026-07-10 10:08:10 [MQTT Call: paho140732367419] INFO  c.s.Seminar1.services.MqttService - Gespeichert - Wago750 Status: 65280.0
2026-07-10 10:08:12 [MQTT Call: paho140732367419] INFO  c.s.Seminar1.services.MqttService - Gespeichert - Wago750 Status: 255.0
2026-07-10 10:08:13 [MQTT Call: paho140732367419] INFO  c.s.Seminar1.services.MqttService - Gespeichert - Wago750 Status: 65280.0
2026-07-10 10:08:13 [MQTT Call: paho140732367419] INFO  c.s.Seminar1.services.MqttService - Gespeichert - Temperatur Differenz: -0.15
2026-07-10 10:08:13 [MQTT Call: paho140732367419] INFO  c.s.Seminar1.services.MqttService - Gespeichert - Temperatur Ist: 27.06
2026-07-10 10:08:14 [MQTT Call: paho140732367419] INFO  c.s.Seminar1.services.MqttService - Gespeichert - Wago750 Status: 255.0
2026-07-10 10:08:14 [MQTT Call: paho140732367419] INFO  c.s.Seminar1.services.MqttService - Gespeichert - Temperatur Differenz: -0.16
2026-07-10 10:08:14 [MQTT Call: paho140732367419] INFO  c.s.Seminar1.services.MqttService - Gespeichert - Temperatur Ist: 27.05
2026-07-10 10:08:15 [MQTT Call: paho140732367419] INFO  c.s.Seminar1.services.MqttService - Gespeichert - Wago750 Status: 65280.0
2026-07-10 10:08:15 [MQTT Call: paho140732367419] INFO  c.s.Seminar1.services.MqttService - Gespeichert - Temperatur Differenz: -0.15
2026-07-10 10:08:15 [MQTT Call: paho140732367419] INFO  c.s.Seminar1.services.MqttService - Gespeichert - Temperatur Ist: 27.06
2026-07-10 10:08:16 [MQTT Call: paho140732367419] INFO  c.s.Seminar1.services.MqttService - Gespeichert - Wago750 Status: 255.0
2026-07-10 10:08:16 [MQTT Call: paho140732367419] INFO  c.s.Seminar1.services.MqttService - Gespeichert - Temperatur Differenz: -0.16
2026-07-10 10:08:16 [MQTT Call: paho140732367419] INFO  c.s.Seminar1.services.MqttService - Gespeichert - Temperatur Ist: 27.05
2026-07-10 10:08:17 [MQTT Call: paho140732367419] INFO  c.s.Seminar1.services.MqttService - Gespeichert - Wago750 Status: 65280.0
2026-07-10 10:08:18 [MQTT Call: paho140732367419] INFO  c.s.Seminar1.services.MqttService - Gespeichert - Wago750 Status: 255.0
2026-07-10 10:08:18 [MQTT Call: paho140732367419] INFO  c.s.Seminar1.services.MqttService - Gespeichert - Temperatur Differenz: -0.15
2026-07-10 10:08:18 [MQTT Call: paho140732367419] INFO  c.s.Seminar1.services.MqttService - Gespeichert - Temperatur Ist: 27.06
2026-07-10 10:08:18 [MQTT Call: paho140732367419] INFO  c.s.Seminar1.services.MqttService - Gespeichert - Wago750 Control: 0
2026-07-10 10:08:19 [MQTT Call: paho140732367419] INFO  c.s.Seminar1.services.MqttService - Gespeichert - Wago750 Status: 0.0
2026-07-10 10:08:22 [MQTT Call: paho140732367419] INFO  c.s.Seminar1.services.MqttService - Gespeichert - Wago750 Control: 2
2026-07-10 10:08:22 [MQTT Call: paho140732367419] INFO  c.s.Seminar1.services.MqttService - Gespeichert - Wago750 Status: 32.0
2026-07-10 10:08:23 [MQTT Call: paho140732367419] INFO  c.s.Seminar1.services.MqttService - Gespeichert - Wago750 Status: 64.0
2026-07-10 10:08:24 [MQTT Call: paho140732367419] INFO  c.s.Seminar1.services.MqttService - Gespeichert - Wago750 Status: 128.0
2026-07-10 10:08:25 [MQTT Call: paho140732367419] INFO  c.s.Seminar1.services.MqttService - Gespeichert - Wago750 Control: 0
2026-07-10 10:08:25 [MQTT Call: paho140732367419] INFO  c.s.Seminar1.services.MqttService - Gespeichert - Temperatur Soll: 27.22
2026-07-10 10:08:25 [MQTT Call: paho140732367419] INFO  c.s.Seminar1.services.MqttService - Gespeichert - Wago750 Status: 0.0
2026-07-10 10:08:26 [MQTT Call: paho140732367419] INFO  c.s.Seminar1.services.MqttService - Gespeichert - Temperatur Differenz: -0.16
2026-07-10 10:08:26 [MQTT Call: paho140732367419] INFO  c.s.Seminar1.services.MqttService - Gespeichert - Temperatur Soll: 27.21
2026-07-10 10:08:27 [MQTT Call: paho140732367419] INFO  c.s.Seminar1.services.MqttService - Gespeichert - Temperatur Differenz: -0.15
2026-07-10 10:08:28 [MQTT Call: paho140732367419] INFO  c.s.Seminar1.services.MqttService - Gespeichert - Wago750 Control: 1
2026-07-10 10:08:28 [MQTT Call: paho140732367419] INFO  c.s.Seminar1.services.MqttService - Gespeichert - Temperatur Soll: 27.22
2026-07-10 10:08:28 [MQTT Call: paho140732367419] INFO  c.s.Seminar1.services.MqttService - Gespeichert - Wago750 Status: 65280.0
2026-07-10 10:08:28 [MQTT Call: paho140732367419] INFO  c.s.Seminar1.services.MqttService - Gespeichert - Temperatur Differenz: -0.16
2026-07-10 10:08:29 [MQTT Call: paho140732367419] INFO  c.s.Seminar1.services.MqttService - Gespeichert - Wago750 Status: 255.0
2026-07-10 10:08:30 [MQTT Call: paho140732367419] INFO  c.s.Seminar1.services.MqttService - Gespeichert - Wago750 Status: 65280.0
2026-07-10 10:08:31 [MQTT Call: paho140732367419] INFO  c.s.Seminar1.services.MqttService - Gespeichert - Wago750 Control: 2
2026-07-10 10:08:31 [MQTT Call: paho140732367419] INFO  c.s.Seminar1.services.MqttService - Gespeichert - Wago750 Status: 32768.0
2026-07-10 10:08:32 [MQTT Call: paho140732367419] INFO  c.s.Seminar1.services.MqttService - Gespeichert - Wago750 Control: 3
2026-07-10 10:08:32 [MQTT Call: paho140732367419] INFO  c.s.Seminar1.services.MqttService - Gespeichert - Wago750 Status: 6168.0
2026-07-10 10:08:33 [MQTT Call: paho140732367419] INFO  c.s.Seminar1.services.MqttService - Gespeichert - Wago750 Status: 9252.0
2026-07-10 10:08:34 [MQTT Call: paho140732367419] INFO  c.s.Seminar1.services.MqttService - Gespeichert - Wago750 Status: 16962.0
2026-07-10 10:08:35 [MQTT Call: paho140732367419] INFO  c.s.Seminar1.services.MqttService - Gespeichert - Wago750 Status: 33153.0
2026-07-10 10:08:36 [MQTT Call: paho140732367419] INFO  c.s.Seminar1.services.MqttService - Gespeichert - Wago750 Status: 16962.0
2026-07-10 10:08:37 [MQTT Call: paho140732367419] INFO  c.s.Seminar1.services.MqttService - Gespeichert - Wago750 Status: 9252.0
2026-07-10 10:08:39 [MQTT Call: paho140732367419] INFO  c.s.Seminar1.services.MqttService - Gespeichert - Wago750 Status: 6168.0
2026-07-10 10:08:40 [MQTT Call: paho140732367419] INFO  c.s.Seminar1.services.MqttService - Gespeichert - Wago750 Status: 9252.0
2026-07-10 10:08:41 [MQTT Call: paho140732367419] INFO  c.s.Seminar1.services.MqttService - Gespeichert - Wago750 Status: 16962.0
2026-07-10 10:08:42 [MQTT Call: paho140732367419] INFO  c.s.Seminar1.services.MqttService - Gespeichert - Wago750 Status: 33153.0
2026-07-10 10:08:43 [MQTT Call: paho140732367419] INFO  c.s.Seminar1.services.MqttService - Gespeichert - Wago750 Status: 16962.0
2026-07-10 10:08:44 [MQTT Call: paho140732367419] INFO  c.s.Seminar1.services.MqttService - Gespeichert - Wago750 Status: 9252.0
2026-07-10 10:08:45 [MQTT Call: paho140732367419] INFO  c.s.Seminar1.services.MqttService - Gespeichert - Wago750 Status: 6168.0
2026-07-10 10:08:46 [MQTT Call: paho140732367419] INFO  c.s.Seminar1.services.MqttService - Gespeichert - Wago750 Status: 9252.0
2026-07-10 10:08:46 [MQTT Call: paho140732367419] INFO  c.s.Seminar1.services.MqttService - Gespeichert - Wago750 Control: 1
2026-07-10 10:08:47 [MQTT Call: paho140732367419] INFO  c.s.Seminar1.services.MqttService - Gespeichert - Wago750 Status: 65280.0
2026-07-10 10:08:48 [MQTT Call: paho140732367419] INFO  c.s.Seminar1.services.MqttService - Gespeichert - Wago750 Status: 255.0
2026-07-10 10:08:49 [MQTT Call: paho140732367419] INFO  c.s.Seminar1.services.MqttService - Gespeichert - Wago750 Status: 65280.0
2026-07-10 10:08:50 [MQTT Call: paho140732367419] INFO  c.s.Seminar1.services.MqttService - Gespeichert - Wago750 Status: 255.0
2026-07-10 10:08:50 [MQTT Call: paho140732367419] INFO  c.s.Seminar1.services.MqttService - Gespeichert - Wago750 Control: 3
2026-07-10 10:08:51 [MQTT Call: paho140732367419] INFO  c.s.Seminar1.services.MqttService - Gespeichert - Wago750 Status: 33153.0
2026-07-10 10:08:52 [MQTT Call: paho140732367419] INFO  c.s.Seminar1.services.MqttService - Gespeichert - Wago750 Status: 16962.0
2026-07-10 10:08:53 [MQTT Call: paho140732367419] INFO  c.s.Seminar1.services.MqttService - Gespeichert - Wago750 Status: 9252.0
2026-07-10 10:08:54 [MQTT Call: paho140732367419] INFO  c.s.Seminar1.services.MqttService - Gespeichert - Wago750 Status: 6168.0
2026-07-10 10:08:54 [MQTT Call: paho140732367419] INFO  c.s.Seminar1.services.MqttService - Gespeichert - Temperatur Differenz: -0.14
2026-07-10 10:08:54 [MQTT Call: paho140732367419] INFO  c.s.Seminar1.services.MqttService - Gespeichert - Temperatur Ist: 27.08
2026-07-10 10:08:54 [MQTT Call: paho140732367419] INFO  c.s.Seminar1.services.MqttService - Gespeichert - Wago750 Control: 2
2026-07-10 10:08:55 [MQTT Call: paho140732367419] INFO  c.s.Seminar1.services.MqttService - Gespeichert - Wago750 Status: 8192.0
2026-07-10 10:08:55 [MQTT Call: paho140732367419] INFO  c.s.Seminar1.services.MqttService - Gespeichert - Temperatur Differenz: -0.16
2026-07-10 10:08:55 [MQTT Call: paho140732367419] INFO  c.s.Seminar1.services.MqttService - Gespeichert - Temperatur Ist: 27.06
2026-07-10 10:08:55 [MQTT Call: paho140732367419] INFO  c.s.Seminar1.services.MqttService - Gespeichert - Wago750 Status: 4096.0
2026-07-10 10:08:56 [MQTT Call: paho140732367419] INFO  c.s.Seminar1.services.MqttService - Gespeichert - Temperatur Differenz: -0.14
2026-07-10 10:08:56 [MQTT Call: paho140732367419] INFO  c.s.Seminar1.services.MqttService - Gespeichert - Temperatur Ist: 27.08
2026-07-10 10:08:56 [MQTT Call: paho140732367419] INFO  c.s.Seminar1.services.MqttService - Gespeichert - Wago750 Status: 2048.0
2026-07-10 10:08:57 [MQTT Call: paho140732367419] INFO  c.s.Seminar1.services.MqttService - Gespeichert - Wago750 Status: 1024.0
2026-07-10 10:08:58 [MQTT Call: paho140732367419] INFO  c.s.Seminar1.services.MqttService - Gespeichert - Temperatur Differenz: -0.16
2026-07-10 10:08:58 [MQTT Call: paho140732367419] INFO  c.s.Seminar1.services.MqttService - Gespeichert - Temperatur Ist: 27.06
2026-07-10 10:08:58 [MQTT Call: paho140732367419] INFO  c.s.Seminar1.services.MqttService - Gespeichert - Wago750 Control: 1
2026-07-10 10:08:58 [MQTT Call: paho140732367419] INFO  c.s.Seminar1.services.MqttService - Gespeichert - Wago750 Status: 255.0
2026-07-10 10:08:59 [MQTT Call: paho140732367419] INFO  c.s.Seminar1.services.MqttService - Gespeichert - Temperatur Differenz: -0.14
2026-07-10 10:08:59 [MQTT Call: paho140732367419] INFO  c.s.Seminar1.services.MqttService - Gespeichert - Temperatur Ist: 27.08
2026-07-10 10:08:59 [MQTT Call: paho140732367419] INFO  c.s.Seminar1.services.MqttService - Gespeichert - Wago750 Status: 65280.0
2026-07-10 10:09:00 [MQTT Call: paho140732367419] INFO  c.s.Seminar1.services.MqttService - Gespeichert - Wago750 Status: 255.0
2026-07-10 10:09:01 [MQTT Call: paho140732367419] INFO  c.s.Seminar1.services.MqttService - Gespeichert - Temperatur Soll: 27.23
2026-07-10 10:09:01 [MQTT Call: paho140732367419] INFO  c.s.Seminar1.services.MqttService - Gespeichert - Wago750 Status: 65280.0
2026-07-10 10:09:01 [MQTT Call: paho140732367419] INFO  c.s.Seminar1.services.MqttService - Gespeichert - Temperatur Differenz: -0.15
2026-07-10 10:09:02 [MQTT Call: paho140732367419] INFO  c.s.Seminar1.services.MqttService - Gespeichert - Wago750 Status: 255.0
2026-07-10 10:09:02 [MQTT Call: paho140732367419] INFO  c.s.Seminar1.services.MqttService - Gespeichert - Temperatur Differenz: -0.14
2026-07-10 10:09:03 [MQTT Call: paho140732367419] INFO  c.s.Seminar1.services.MqttService - Gespeichert - Temperatur Soll: 27.22
2026-07-10 10:09:03 [MQTT Call: paho140732367419] INFO  c.s.Seminar1.services.MqttService - Gespeichert - Wago750 Status: 65280.0
2026-07-10 10:09:04 [MQTT Call: paho140732367419] INFO  c.s.Seminar1.services.MqttService - Gespeichert - Wago750 Status: 255.0
2026-07-10 10:09:05 [MQTT Call: paho140732367419] INFO  c.s.Seminar1.services.MqttService - Gespeichert - Wago750 Status: 65280.0
2026-07-10 10:09:06 [MQTT Call: paho140732367419] INFO  c.s.Seminar1.services.MqttService - Gespeichert - Wago750 Status: 255.0
2026-07-10 10:09:07 [MQTT Call: paho140732367419] INFO  c.s.Seminar1.services.MqttService - Gespeichert - Temperatur Soll: 27.23
2026-07-10 10:09:07 [MQTT Call: paho140732367419] INFO  c.s.Seminar1.services.MqttService - Gespeichert - Wago750 Status: 65280.0
2026-07-10 10:09:08 [MQTT Call: paho140732367419] INFO  c.s.Seminar1.services.MqttService - Gespeichert - Temperatur Differenz: -0.15
2026-07-10 10:09:08 [MQTT Call: paho140732367419] INFO  c.s.Seminar1.services.MqttService - Gespeichert - Wago750 Status: 255.0
2026-07-10 10:09:10 [MQTT Call: paho140732367419] INFO  c.s.Seminar1.services.MqttService - Gespeichert - Wago750 Status: 65280.0
2026-07-10 10:09:10 [MQTT Call: paho140732367419] INFO  c.s.Seminar1.services.MqttService - Gespeichert - Temperatur Differenz: -0.14
2026-07-10 10:09:11 [MQTT Call: paho140732367419] INFO  c.s.Seminar1.services.MqttService - Gespeichert - Wago750 Status: 255.0
2026-07-10 10:09:11 [MQTT Call: paho140732367419] INFO  c.s.Seminar1.services.MqttService - Gespeichert - Temperatur Differenz: -0.15
2026-07-10 10:09:12 [MQTT Call: paho140732367419] INFO  c.s.Seminar1.services.MqttService - Gespeichert - Wago750 Status: 65280.0
2026-07-10 10:09:13 [MQTT Call: paho140732367419] INFO  c.s.Seminar1.services.MqttService - Gespeichert - Wago750 Status: 255.0
2026-07-10 10:09:14 [MQTT Call: paho140732367419] INFO  c.s.Seminar1.services.MqttService - Gespeichert - Wago750 Status: 65280.0
2026-07-10 10:09:14 [MQTT Call: paho140732367419] INFO  c.s.Seminar1.services.MqttService - Gespeichert - Wago750 Control: 0
2026-07-10 10:09:15 [MQTT Call: paho140732367419] INFO  c.s.Seminar1.services.MqttService - Gespeichert - Wago750 Status: 0.0
2026-07-10 10:09:31 [MQTT Call: paho140732367419] INFO  c.s.Seminar1.services.MqttService - Gespeichert - Temperatur Differenz: -0.12
2026-07-10 10:09:32 [MQTT Call: paho140732367419] INFO  c.s.Seminar1.services.MqttService - Gespeichert - Temperatur Ist: 27.11
2026-07-10 10:10:06 [MQTT Call: paho140732367419] INFO  c.s.Seminar1.services.MqttService - Gespeichert - Wago750 Control: 1
2026-07-10 10:10:06 [MQTT Call: paho140732367419] INFO  c.s.Seminar1.services.MqttService - Gespeichert - Wago750 Status: 255.0
2026-07-10 10:10:07 [MQTT Call: paho140732367419] INFO  c.s.Seminar1.services.MqttService - Gespeichert - Temperatur Soll: 27.26
2026-07-10 10:10:07 [MQTT Call: paho140732367419] INFO  c.s.Seminar1.services.MqttService - Gespeichert - Wago750 Status: 65280.0
2026-07-10 10:10:08 [MQTT Call: paho140732367419] INFO  c.s.Seminar1.services.MqttService - Gespeichert - Temperatur Differenz: -0.15
2026-07-10 10:10:09 [MQTT Call: paho140732367419] INFO  c.s.Seminar1.services.MqttService - Gespeichert - Wago750 Status: 255.0
2026-07-10 10:10:10 [MQTT Call: paho140732367419] INFO  c.s.Seminar1.services.MqttService - Gespeichert - Wago750 Status: 65280.0
2026-07-10 10:10:10 [MQTT Call: paho140732367419] INFO  c.s.Seminar1.services.MqttService - Gespeichert - Temperatur Differenz: -0.14
2026-07-10 10:10:10 [MQTT Call: paho140732367419] INFO  c.s.Seminar1.services.MqttService - Gespeichert - Temperatur Ist: 27.12
2026-07-10 10:10:11 [MQTT Call: paho140732367419] INFO  c.s.Seminar1.services.MqttService - Gespeichert - Wago750 Status: 255.0
2026-07-10 10:10:11 [MQTT Call: paho140732367419] INFO  c.s.Seminar1.services.MqttService - Gespeichert - Wago750 Control: 2
2026-07-10 10:10:12 [MQTT Call: paho140732367419] INFO  c.s.Seminar1.services.MqttService - Gespeichert - Wago750 Status: 256.0
2026-07-10 10:10:12 [MQTT Call: paho140732367419] INFO  c.s.Seminar1.services.MqttService - Gespeichert - Temperatur Soll: 27.23
2026-07-10 10:10:13 [MQTT Call: paho140732367419] INFO  c.s.Seminar1.services.MqttService - Gespeichert - Wago750 Status: 1.0
2026-07-10 10:10:13 [MQTT Call: paho140732367419] INFO  c.s.Seminar1.services.MqttService - Gespeichert - Temperatur Differenz: -0.11
2026-07-10 10:10:13 [MQTT Call: paho140732367419] INFO  c.s.Seminar1.services.MqttService - Gespeichert - Temperatur Soll: 27.26
2026-07-10 10:10:14 [MQTT Call: paho140732367419] INFO  c.s.Seminar1.services.MqttService - Gespeichert - Wago750 Status: 2.0
2026-07-10 10:10:14 [MQTT Call: paho140732367419] INFO  c.s.Seminar1.services.MqttService - Gespeichert - Temperatur Differenz: -0.14
2026-07-10 10:10:15 [MQTT Call: paho140732367419] INFO  c.s.Seminar1.services.MqttService - Gespeichert - Wago750 Status: 4.0
2026-07-10 10:10:16 [MQTT Call: paho140732367419] INFO  c.s.Seminar1.services.MqttService - Gespeichert - Wago750 Status: 8.0
2026-07-10 10:10:17 [MQTT Call: paho140732367419] INFO  c.s.Seminar1.services.MqttService - Gespeichert - Wago750 Status: 16.0
2026-07-10 10:10:18 [MQTT Call: paho140732367419] INFO  c.s.Seminar1.services.MqttService - Gespeichert - Wago750 Status: 32.0
2026-07-10 10:10:19 [MQTT Call: paho140732367419] INFO  c.s.Seminar1.services.MqttService - Gespeichert - Wago750 Status: 64.0
2026-07-10 10:10:20 [MQTT Call: paho140732367419] INFO  c.s.Seminar1.services.MqttService - Gespeichert - Wago750 Status: 128.0
2026-07-10 10:10:21 [MQTT Call: paho140732367419] INFO  c.s.Seminar1.services.MqttService - Gespeichert - Wago750 Status: 32768.0
2026-07-10 10:10:21 [MQTT Call: paho140732367419] INFO  c.s.Seminar1.services.MqttService - Gespeichert - Wago750 Control: 3
2026-07-10 10:10:22 [MQTT Call: paho140732367419] INFO  c.s.Seminar1.services.MqttService - Gespeichert - Wago750 Status: 9252.0
2026-07-10 10:10:23 [MQTT Call: paho140732367419] INFO  c.s.Seminar1.services.MqttService - Gespeichert - Wago750 Status: 16962.0
2026-07-10 10:10:23 [MQTT Call: paho140732367419] INFO  c.s.Seminar1.services.MqttService - Gespeichert - Wago750 Status: 33153.0
2026-07-10 10:10:24 [MQTT Call: paho140732367419] INFO  c.s.Seminar1.services.MqttService - Gespeichert - Wago750 Status: 16962.0
2026-07-10 10:10:25 [MQTT Call: paho140732367419] INFO  c.s.Seminar1.services.MqttService - Gespeichert - Wago750 Status: 9252.0
2026-07-10 10:10:27 [MQTT Call: paho140732367419] INFO  c.s.Seminar1.services.MqttService - Gespeichert - Wago750 Status: 6168.0
2026-07-10 10:10:28 [MQTT Call: paho140732367419] INFO  c.s.Seminar1.services.MqttService - Gespeichert - Wago750 Status: 9252.0
2026-07-10 10:10:29 [MQTT Call: paho140732367419] INFO  c.s.Seminar1.services.MqttService - Gespeichert - Wago750 Status: 16962.0
2026-07-10 10:10:31 [MQTT Call: paho140732367419] INFO  c.s.Seminar1.services.MqttService - Gespeichert - Wago750 Status: 33153.0
2026-07-10 10:10:31 [MQTT Call: paho140732367419] INFO  c.s.Seminar1.services.MqttService - Gespeichert - Wago750 Status: 16962.0
2026-07-10 10:10:32 [MQTT Call: paho140732367419] INFO  c.s.Seminar1.services.MqttService - Gespeichert - Wago750 Status: 9252.0
2026-07-10 10:10:33 [MQTT Call: paho140732367419] INFO  c.s.Seminar1.services.MqttService - Gespeichert - Wago750 Status: 6168.0
2026-07-10 10:10:34 [MQTT Call: paho140732367419] INFO  c.s.Seminar1.services.MqttService - Gespeichert - Wago750 Status: 9252.0
2026-07-10 10:10:35 [MQTT Call: paho140732367419] INFO  c.s.Seminar1.services.MqttService - Gespeichert - Wago750 Status: 16962.0
2026-07-10 10:10:36 [MQTT Call: paho140732367419] INFO  c.s.Seminar1.services.MqttService - Gespeichert - Wago750 Status: 33153.0
2026-07-10 10:10:37 [MQTT Call: paho140732367419] INFO  c.s.Seminar1.services.MqttService - Gespeichert - Wago750 Status: 16962.0
2026-07-10 10:10:38 [MQTT Call: paho140732367419] INFO  c.s.Seminar1.services.MqttService - Gespeichert - Wago750 Status: 9252.0
2026-07-10 10:10:40 [MQTT Call: paho140732367419] INFO  c.s.Seminar1.services.MqttService - Gespeichert - Wago750 Status: 6168.0
2026-07-10 10:10:41 [MQTT Call: paho140732367419] INFO  c.s.Seminar1.services.MqttService - Gespeichert - Wago750 Status: 9252.0
2026-07-10 10:10:42 [MQTT Call: paho140732367419] INFO  c.s.Seminar1.services.MqttService - Gespeichert - Wago750 Status: 16962.0
2026-07-10 10:10:43 [MQTT Call: paho140732367419] INFO  c.s.Seminar1.services.MqttService - Gespeichert - Wago750 Status: 33153.0
2026-07-10 10:10:44 [MQTT Call: paho140732367419] INFO  c.s.Seminar1.services.MqttService - Gespeichert - Wago750 Status: 16962.0
2026-07-10 10:10:45 [MQTT Call: paho140732367419] INFO  c.s.Seminar1.services.MqttService - Gespeichert - Wago750 Status: 9252.0
2026-07-10 10:10:46 [MQTT Call: paho140732367419] INFO  c.s.Seminar1.services.MqttService - Gespeichert - Wago750 Status: 6168.0
2026-07-10 10:10:47 [MQTT Call: paho140732367419] INFO  c.s.Seminar1.services.MqttService - Gespeichert - Wago750 Status: 9252.0
2026-07-10 10:10:48 [MQTT Call: paho140732367419] INFO  c.s.Seminar1.services.MqttService - Gespeichert - Wago750 Status: 16962.0
2026-07-10 10:10:49 [MQTT Call: paho140732367419] INFO  c.s.Seminar1.services.MqttService - Gespeichert - Wago750 Status: 33153.0
2026-07-10 10:10:50 [MQTT Call: paho140732367419] INFO  c.s.Seminar1.services.MqttService - Gespeichert - Wago750 Status: 16962.0
2026-07-10 10:10:51 [MQTT Call: paho140732367419] INFO  c.s.Seminar1.services.MqttService - Gespeichert - Wago750 Status: 9252.0
2026-07-10 10:10:52 [MQTT Call: paho140732367419] INFO  c.s.Seminar1.services.MqttService - Gespeichert - Wago750 Status: 6168.0
2026-07-10 10:10:53 [MQTT Call: paho140732367419] INFO  c.s.Seminar1.services.MqttService - Gespeichert - Wago750 Status: 9252.0
2026-07-10 10:10:54 [MQTT Call: paho140732367419] INFO  c.s.Seminar1.services.MqttService - Gespeichert - Wago750 Status: 16962.0
2026-07-10 10:10:55 [MQTT Call: paho140732367419] INFO  c.s.Seminar1.services.MqttService - Gespeichert - Wago750 Status: 33153.0
2026-07-10 10:10:56 [MQTT Call: paho140732367419] INFO  c.s.Seminar1.services.MqttService - Gespeichert - Wago750 Status: 16962.0
2026-07-10 10:10:57 [MQTT Call: paho140732367419] INFO  c.s.Seminar1.services.MqttService - Gespeichert - Wago750 Status: 9252.0
2026-07-10 10:10:57 [MQTT Call: paho140732367419] INFO  c.s.Seminar1.services.MqttService - Gespeichert - Wago750 Control: 2
2026-07-10 10:10:58 [MQTT Call: paho140732367419] INFO  c.s.Seminar1.services.MqttService - Gespeichert - Wago750 Status: 8192.0
2026-07-10 10:10:59 [MQTT Call: paho140732367419] INFO  c.s.Seminar1.services.MqttService - Gespeichert - Wago750 Status: 4096.0
2026-07-10 10:11:00 [MQTT Call: paho140732367419] INFO  c.s.Seminar1.services.MqttService - Gespeichert - Wago750 Status: 2048.0
2026-07-10 10:11:00 [MQTT Call: paho140732367419] INFO  c.s.Seminar1.services.MqttService - Gespeichert - Wago750 Control: 1
2026-07-10 10:11:01 [MQTT Call: paho140732367419] INFO  c.s.Seminar1.services.MqttService - Gespeichert - Wago750 Status: 65280.0
2026-07-10 10:11:01 [MQTT Call: paho140732367419] INFO  c.s.Seminar1.services.MqttService - Gespeichert - Wago750 Status: 255.0
2026-07-10 10:11:03 [MQTT Call: paho140732367419] INFO  c.s.Seminar1.services.MqttService - Gespeichert - Wago750 Status: 65280.0
2026-07-10 10:11:04 [MQTT Call: paho140732367419] INFO  c.s.Seminar1.services.MqttService - Gespeichert - Wago750 Status: 255.0
2026-07-10 10:11:05 [MQTT Call: paho140732367419] INFO  c.s.Seminar1.services.MqttService - Gespeichert - Wago750 Status: 65280.0
2026-07-10 10:11:05 [MQTT Call: paho140732367419] INFO  c.s.Seminar1.services.MqttService - Gespeichert - Temperatur Differenz: -0.11
2026-07-10 10:11:05 [MQTT Call: paho140732367419] INFO  c.s.Seminar1.services.MqttService - Gespeichert - Temperatur Ist: 27.15
2026-07-10 10:11:05 [MQTT Call: paho140732367419] INFO  c.s.Seminar1.services.MqttService - Gespeichert - Wago750 Status: 255.0
2026-07-10 10:11:06 [MQTT Call: paho140732367419] INFO  c.s.Seminar1.services.MqttService - Gespeichert - Temperatur Differenz: -0.14
2026-07-10 10:11:06 [MQTT Call: paho140732367419] INFO  c.s.Seminar1.services.MqttService - Gespeichert - Temperatur Ist: 27.12
2026-07-10 10:11:08 [MQTT Call: paho140732367419] INFO  c.s.Seminar1.services.MqttService - Gespeichert - Wago750 Status: 65280.0
2026-07-10 10:11:08 [MQTT Call: paho140732367419] INFO  c.s.Seminar1.services.MqttService - Gespeichert - Wago750 Status: 255.0
2026-07-10 10:11:13 [MQTT Call: paho140732367419] INFO  c.s.Seminar1.services.MqttService - Gespeichert - Wago750 Status: 65280.0
2026-07-10 10:11:13 [MQTT Call: paho140732367419] INFO  c.s.Seminar1.services.MqttService - Gespeichert - Wago750 Status: 255.0
2026-07-10 10:11:13 [MQTT Call: paho140732367419] INFO  c.s.Seminar1.services.MqttService - Gespeichert - Temperatur Differenz: -0.11
2026-07-10 10:11:13 [MQTT Call: paho140732367419] INFO  c.s.Seminar1.services.MqttService - Gespeichert - Temperatur Ist: 27.15
2026-07-10 10:11:13 [MQTT Call: paho140732367419] INFO  c.s.Seminar1.services.MqttService - Gespeichert - Wago750 Control: 2
2026-07-10 10:11:13 [MQTT Call: paho140732367419] INFO  c.s.Seminar1.services.MqttService - Gespeichert - Wago750 Status: 512.0
2026-07-10 10:11:13 [MQTT Call: paho140732367419] INFO  c.s.Seminar1.services.MqttService - Gespeichert - Wago750 Status: 256.0
2026-07-10 10:11:14 [MQTT Call: paho140732367419] INFO  c.s.Seminar1.services.MqttService - Gespeichert - Wago750 Control: 0
2026-07-10 10:11:14 [MQTT Call: paho140732367419] INFO  c.s.Seminar1.services.MqttService - Gespeichert - Wago750 Status: 0.0
2026-07-10 10:11:14 [MQTT Call: paho140732367419] INFO  c.s.Seminar1.services.MqttService - Gespeichert - Temperatur Differenz: -0.14
2026-07-10 10:11:14 [MQTT Call: paho140732367419] INFO  c.s.Seminar1.services.MqttService - Gespeichert - Temperatur Ist: 27.12
2026-07-10 10:11:15 [MQTT Call: paho140732367419] INFO  c.s.Seminar1.services.MqttService - Gespeichert - Temperatur Differenz: -0.11
2026-07-10 10:11:15 [MQTT Call: paho140732367419] INFO  c.s.Seminar1.services.MqttService - Gespeichert - Temperatur Ist: 27.15
2026-07-10 10:11:16 [MQTT Call: paho140732367419] INFO  c.s.Seminar1.services.MqttService - Gespeichert - Temperatur Differenz: -0.14
2026-07-10 10:11:16 [MQTT Call: paho140732367419] INFO  c.s.Seminar1.services.MqttService - Gespeichert - Temperatur Ist: 27.12
2026-07-10 10:11:17 [MQTT Call: paho140732367419] INFO  c.s.Seminar1.services.MqttService - Gespeichert - Temperatur Differenz: -0.11
2026-07-10 10:11:17 [MQTT Call: paho140732367419] INFO  c.s.Seminar1.services.MqttService - Gespeichert - Temperatur Ist: 27.15
2026-07-10 10:11:33 [MQTT Call: paho140732367419] INFO  c.s.Seminar1.services.MqttService - Gespeichert - Temperatur Differenz: -0.08
2026-07-10 10:11:34 [MQTT Call: paho140732367419] INFO  c.s.Seminar1.services.MqttService - Gespeichert - Temperatur Soll: 27.23
2026-07-10 10:11:38 [MQTT Call: paho140732367419] INFO  c.s.Seminar1.services.MqttService - Gespeichert - Temperatur Soll: 27.26
2026-07-10 10:11:38 [MQTT Call: paho140732367419] INFO  c.s.Seminar1.services.MqttService - Gespeichert - Temperatur Differenz: -0.11
2026-07-10 10:11:50 [MQTT Call: paho140732367419] INFO  c.s.Seminar1.services.MqttService - Gespeichert - Wago750 Control: 1
2026-07-10 10:11:50 [MQTT Call: paho140732367419] INFO  c.s.Seminar1.services.MqttService - Gespeichert - Wago750 Status: 65280.0
2026-07-10 10:11:51 [MQTT Call: paho140732367419] INFO  c.s.Seminar1.services.MqttService - Gespeichert - Wago750 Status: 255.0
2026-07-10 10:11:52 [MQTT Call: paho140732367419] INFO  c.s.Seminar1.services.MqttService - Gespeichert - Wago750 Status: 65280.0
2026-07-10 10:11:53 [MQTT Call: paho140732367419] INFO  c.s.Seminar1.services.MqttService - Gespeichert - Wago750 Status: 255.0
2026-07-10 10:11:54 [MQTT Call: paho140732367419] INFO  c.s.Seminar1.services.MqttService - Gespeichert - Wago750 Status: 65280.0
2026-07-10 10:11:55 [MQTT Call: paho140732367419] INFO  c.s.Seminar1.services.MqttService - Gespeichert - Wago750 Status: 255.0
2026-07-10 10:11:56 [MQTT Call: paho140732367419] INFO  c.s.Seminar1.services.MqttService - Gespeichert - Wago750 Status: 65280.0
2026-07-10 10:11:57 [MQTT Call: paho140732367419] INFO  c.s.Seminar1.services.MqttService - Gespeichert - Wago750 Status: 255.0
2026-07-10 10:11:58 [MQTT Call: paho140732367419] INFO  c.s.Seminar1.services.MqttService - Gespeichert - Wago750 Status: 65280.0
2026-07-10 10:12:00 [MQTT Call: paho140732367419] INFO  c.s.Seminar1.services.MqttService - Gespeichert - Wago750 Status: 255.0
2026-07-10 10:12:01 [MQTT Call: paho140732367419] INFO  c.s.Seminar1.services.MqttService - Gespeichert - Wago750 Status: 65280.0
2026-07-10 10:12:01 [MQTT Call: paho140732367419] INFO  c.s.Seminar1.services.MqttService - Gespeichert - Wago750 Status: 255.0
2026-07-10 10:12:02 [MQTT Call: paho140732367419] INFO  c.s.Seminar1.services.MqttService - Gespeichert - Temperatur Soll: 27.28
2026-07-10 10:12:03 [MQTT Call: paho140732367419] INFO  c.s.Seminar1.services.MqttService - Gespeichert - Wago750 Status: 65280.0
2026-07-10 10:12:03 [MQTT Call: paho140732367419] INFO  c.s.Seminar1.services.MqttService - Gespeichert - Temperatur Differenz: -0.13
2026-07-10 10:12:03 [MQTT Call: paho140732367419] INFO  c.s.Seminar1.services.MqttService - Gespeichert - Wago750 Status: 255.0
2026-07-10 10:12:05 [MQTT Call: paho140732367419] INFO  c.s.Seminar1.services.MqttService - Gespeichert - Wago750 Status: 65280.0
2026-07-10 10:12:05 [MQTT Call: paho140732367419] INFO  c.s.Seminar1.services.MqttService - Gespeichert - Wago750 Status: 255.0
2026-07-10 10:12:06 [MQTT Call: paho140732367419] INFO  c.s.Seminar1.services.MqttService - Gespeichert - Wago750 Status: 65280.0
2026-07-10 10:12:06 [MQTT Call: paho140732367419] INFO  c.s.Seminar1.services.MqttService - Gespeichert - Temperatur Soll: 27.26
2026-07-10 10:12:06 [MQTT Call: paho140732367419] INFO  c.s.Seminar1.services.MqttService - Gespeichert - Temperatur Differenz: -0.11
2026-07-10 10:12:07 [MQTT Call: paho140732367419] INFO  c.s.Seminar1.services.MqttService - Gespeichert - Wago750 Status: 255.0
2026-07-10 10:12:07 [MQTT Call: paho140732367419] INFO  c.s.Seminar1.services.MqttService - Gespeichert - Temperatur Soll: 27.28
2026-07-10 10:12:07 [MQTT Call: paho140732367419] INFO  c.s.Seminar1.services.MqttService - Gespeichert - Temperatur Differenz: -0.13
2026-07-10 10:12:08 [MQTT Call: paho140732367419] INFO  c.s.Seminar1.services.MqttService - Gespeichert - Wago750 Status: 65280.0
2026-07-10 10:12:09 [MQTT Call: paho140732367419] INFO  c.s.Seminar1.services.MqttService - Gespeichert - Wago750 Status: 255.0
2026-07-10 10:12:11 [MQTT Call: paho140732367419] INFO  c.s.Seminar1.services.MqttService - Gespeichert - Wago750 Status: 65280.0
2026-07-10 10:12:12 [MQTT Call: paho140732367419] INFO  c.s.Seminar1.services.MqttService - Gespeichert - Wago750 Status: 255.0
2026-07-10 10:12:12 [MQTT Call: paho140732367419] INFO  c.s.Seminar1.services.MqttService - Gespeichert - Wago750 Status: 65280.0
2026-07-10 10:12:14 [MQTT Call: paho140732367419] INFO  c.s.Seminar1.services.MqttService - Gespeichert - Wago750 Status: 255.0
2026-07-10 10:12:14 [MQTT Call: paho140732367419] INFO  c.s.Seminar1.services.MqttService - Gespeichert - Temperatur Differenz: -0.12
2026-07-10 10:12:14 [MQTT Call: paho140732367419] INFO  c.s.Seminar1.services.MqttService - Gespeichert - Temperatur Ist: 27.16
2026-07-10 10:12:14 [MQTT Call: paho140732367419] INFO  c.s.Seminar1.services.MqttService - Gespeichert - Wago750 Control: 2
2026-07-10 10:12:15 [MQTT Call: paho140732367419] INFO  c.s.Seminar1.services.MqttService - Gespeichert - Wago750 Status: 1.0
2026-07-10 10:12:15 [MQTT Call: paho140732367419] INFO  c.s.Seminar1.services.MqttService - Gespeichert - Temperatur Differenz: -0.13
2026-07-10 10:12:15 [MQTT Call: paho140732367419] INFO  c.s.Seminar1.services.MqttService - Gespeichert - Temperatur Ist: 27.15
2026-07-10 10:12:16 [MQTT Call: paho140732367419] INFO  c.s.Seminar1.services.MqttService - Gespeichert - Wago750 Status: 2.0
2026-07-10 10:12:17 [MQTT Call: paho140732367419] INFO  c.s.Seminar1.services.MqttService - Gespeichert - Wago750 Status: 4.0
2026-07-10 10:12:18 [MQTT Call: paho140732367419] INFO  c.s.Seminar1.services.MqttService - Gespeichert - Wago750 Status: 8.0
2026-07-10 10:12:18 [MQTT Call: paho140732367419] INFO  c.s.Seminar1.services.MqttService - Gespeichert - Temperatur Differenz: -0.12
2026-07-10 10:12:18 [MQTT Call: paho140732367419] INFO  c.s.Seminar1.services.MqttService - Gespeichert - Temperatur Ist: 27.16
2026-07-10 10:12:19 [MQTT Call: paho140732367419] INFO  c.s.Seminar1.services.MqttService - Gespeichert - Wago750 Status: 16.0
2026-07-10 10:12:20 [MQTT Call: paho140732367419] INFO  c.s.Seminar1.services.MqttService - Gespeichert - Wago750 Status: 32.0
2026-07-10 10:12:21 [MQTT Call: paho140732367419] INFO  c.s.Seminar1.services.MqttService - Gespeichert - Wago750 Status: 64.0
2026-07-10 10:12:22 [MQTT Call: paho140732367419] INFO  c.s.Seminar1.services.MqttService - Gespeichert - Wago750 Status: 128.0
2026-07-10 10:12:23 [MQTT Call: paho140732367419] INFO  c.s.Seminar1.services.MqttService - Gespeichert - Wago750 Status: 32768.0
2026-07-10 10:12:24 [MQTT Call: paho140732367419] INFO  c.s.Seminar1.services.MqttService - Gespeichert - Wago750 Status: 16384.0
2026-07-10 10:12:25 [MQTT Call: paho140732367419] INFO  c.s.Seminar1.services.MqttService - Gespeichert - Wago750 Status: 8192.0
2026-07-10 10:12:26 [MQTT Call: paho140732367419] INFO  c.s.Seminar1.services.MqttService - Gespeichert - Wago750 Status: 4096.0
2026-07-10 10:12:27 [MQTT Call: paho140732367419] INFO  c.s.Seminar1.services.MqttService - Gespeichert - Wago750 Status: 2048.0
2026-07-10 10:12:28 [MQTT Call: paho140732367419] INFO  c.s.Seminar1.services.MqttService - Gespeichert - Wago750 Status: 1024.0
2026-07-10 10:12:29 [MQTT Call: paho140732367419] INFO  c.s.Seminar1.services.MqttService - Gespeichert - Wago750 Status: 512.0
2026-07-10 10:12:29 [MQTT Call: paho140732367419] INFO  c.s.Seminar1.services.MqttService - Gespeichert - Temperatur Soll: 27.31
2026-07-10 10:12:30 [MQTT Call: paho140732367419] INFO  c.s.Seminar1.services.MqttService - Gespeichert - Wago750 Status: 256.0
2026-07-10 10:12:30 [MQTT Call: paho140732367419] INFO  c.s.Seminar1.services.MqttService - Gespeichert - Temperatur Differenz: -0.15
2026-07-10 10:12:31 [MQTT Call: paho140732367419] INFO  c.s.Seminar1.services.MqttService - Gespeichert - Wago750 Status: 1.0
2026-07-10 10:12:32 [MQTT Call: paho140732367419] INFO  c.s.Seminar1.services.MqttService - Gespeichert - Wago750 Status: 2.0
2026-07-10 10:12:33 [MQTT Call: paho140732367419] INFO  c.s.Seminar1.services.MqttService - Gespeichert - Wago750 Status: 4.0
2026-07-10 10:12:33 [MQTT Call: paho140732367419] INFO  c.s.Seminar1.services.MqttService - Gespeichert - Wago750 Status: 8.0
2026-07-10 10:12:35 [MQTT Call: paho140732367419] INFO  c.s.Seminar1.services.MqttService - Gespeichert - Wago750 Status: 16.0
2026-07-10 10:12:36 [MQTT Call: paho140732367419] INFO  c.s.Seminar1.services.MqttService - Gespeichert - Wago750 Status: 32.0
2026-07-10 10:12:37 [MQTT Call: paho140732367419] INFO  c.s.Seminar1.services.MqttService - Gespeichert - Wago750 Status: 64.0
2026-07-10 10:12:37 [MQTT Call: paho140732367419] INFO  c.s.Seminar1.services.MqttService - Gespeichert - Wago750 Status: 128.0
2026-07-10 10:12:39 [MQTT Call: paho140732367419] INFO  c.s.Seminar1.services.MqttService - Gespeichert - Wago750 Status: 32768.0
2026-07-10 10:12:40 [MQTT Call: paho140732367419] INFO  c.s.Seminar1.services.MqttService - Gespeichert - Wago750 Status: 16384.0
2026-07-10 10:12:41 [MQTT Call: paho140732367419] INFO  c.s.Seminar1.services.MqttService - Gespeichert - Wago750 Status: 8192.0
2026-07-10 10:12:42 [MQTT Call: paho140732367419] INFO  c.s.Seminar1.services.MqttService - Gespeichert - Wago750 Status: 4096.0
2026-07-10 10:12:43 [MQTT Call: paho140732367419] INFO  c.s.Seminar1.services.MqttService - Gespeichert - Wago750 Status: 2048.0
2026-07-10 10:12:44 [MQTT Call: paho140732367419] INFO  c.s.Seminar1.services.MqttService - Gespeichert - Wago750 Status: 1024.0
2026-07-10 10:12:45 [MQTT Call: paho140732367419] INFO  c.s.Seminar1.services.MqttService - Gespeichert - Wago750 Status: 512.0
2026-07-10 10:12:46 [MQTT Call: paho140732367419] INFO  c.s.Seminar1.services.MqttService - Gespeichert - Wago750 Status: 256.0
2026-07-10 10:12:47 [MQTT Call: paho140732367419] INFO  c.s.Seminar1.services.MqttService - Gespeichert - Wago750 Status: 1.0
2026-07-10 10:12:48 [MQTT Call: paho140732367419] INFO  c.s.Seminar1.services.MqttService - Gespeichert - Wago750 Status: 2.0
2026-07-10 10:12:49 [MQTT Call: paho140732367419] INFO  c.s.Seminar1.services.MqttService - Gespeichert - Wago750 Status: 4.0
2026-07-10 10:12:50 [MQTT Call: paho140732367419] INFO  c.s.Seminar1.services.MqttService - Gespeichert - Wago750 Status: 8.0
2026-07-10 10:12:51 [MQTT Call: paho140732367419] INFO  c.s.Seminar1.services.MqttService - Gespeichert - Wago750 Status: 16.0
2026-07-10 10:12:52 [MQTT Call: paho140732367419] INFO  c.s.Seminar1.services.MqttService - Gespeichert - Wago750 Status: 32.0
2026-07-10 10:12:53 [MQTT Call: paho140732367419] INFO  c.s.Seminar1.services.MqttService - Gespeichert - Wago750 Status: 64.0
2026-07-10 10:12:54 [MQTT Call: paho140732367419] INFO  c.s.Seminar1.services.MqttService - Gespeichert - Wago750 Status: 128.0
2026-07-10 10:12:55 [MQTT Call: paho140732367419] INFO  c.s.Seminar1.services.MqttService - Gespeichert - Wago750 Status: 32768.0
2026-07-10 10:12:56 [MQTT Call: paho140732367419] INFO  c.s.Seminar1.services.MqttService - Gespeichert - Wago750 Status: 16384.0
2026-07-10 10:12:57 [MQTT Call: paho140732367419] INFO  c.s.Seminar1.services.MqttService - Gespeichert - Wago750 Status: 8192.0
2026-07-10 10:12:58 [MQTT Call: paho140732367419] INFO  c.s.Seminar1.services.MqttService - Gespeichert - Wago750 Status: 4096.0
2026-07-10 10:12:58 [MQTT Call: paho140732367419] INFO  c.s.Seminar1.services.MqttService - Gespeichert - Wago750 Status: 2048.0
2026-07-10 10:13:00 [MQTT Call: paho140732367419] INFO  c.s.Seminar1.services.MqttService - Gespeichert - Wago750 Status: 1024.0
2026-07-10 10:13:00 [MQTT Call: paho140732367419] INFO  c.s.Seminar1.services.MqttService - Gespeichert - Wago750 Status: 512.0
2026-07-10 10:13:02 [MQTT Call: paho140732367419] INFO  c.s.Seminar1.services.MqttService - Gespeichert - Wago750 Status: 256.0
2026-07-10 10:13:03 [MQTT Call: paho140732367419] INFO  c.s.Seminar1.services.MqttService - Gespeichert - Wago750 Status: 1.0
2026-07-10 10:13:03 [MQTT Call: paho140732367419] INFO  c.s.Seminar1.services.MqttService - Gespeichert - Temperatur Soll: 27.28
2026-07-10 10:13:04 [MQTT Call: paho140732367419] INFO  c.s.Seminar1.services.MqttService - Gespeichert - Wago750 Status: 2.0
2026-07-10 10:13:04 [MQTT Call: paho140732367419] INFO  c.s.Seminar1.services.MqttService - Gespeichert - Temperatur Differenz: -0.12
2026-07-10 10:13:04 [MQTT Call: paho140732367419] INFO  c.s.Seminar1.services.MqttService - Gespeichert - Temperatur Soll: 27.31
2026-07-10 10:13:04 [MQTT Call: paho140732367419] INFO  c.s.Seminar1.services.MqttService - Gespeichert - Wago750 Status: 4.0
2026-07-10 10:13:04 [MQTT Call: paho140732367419] INFO  c.s.Seminar1.services.MqttService - Gespeichert - Temperatur Differenz: -0.15
2026-07-10 10:13:05 [MQTT Call: paho140732367419] INFO  c.s.Seminar1.services.MqttService - Gespeichert - Temperatur Soll: 27.28
2026-07-10 10:13:05 [MQTT Call: paho140732367419] INFO  c.s.Seminar1.services.MqttService - Gespeichert - Wago750 Status: 8.0
2026-07-10 10:13:05 [MQTT Call: paho140732367419] INFO  c.s.Seminar1.services.MqttService - Gespeichert - Temperatur Differenz: -0.12
2026-07-10 10:13:06 [MQTT Call: paho140732367419] INFO  c.s.Seminar1.services.MqttService - Gespeichert - Temperatur Soll: 27.31
2026-07-10 10:13:07 [MQTT Call: paho140732367419] INFO  c.s.Seminar1.services.MqttService - Gespeichert - Wago750 Status: 16.0
2026-07-10 10:13:07 [MQTT Call: paho140732367419] INFO  c.s.Seminar1.services.MqttService - Gespeichert - Temperatur Differenz: -0.15
2026-07-10 10:13:07 [MQTT Call: paho140732367419] INFO  c.s.Seminar1.services.MqttService - Gespeichert - Temperatur Soll: 27.28
2026-07-10 10:13:08 [MQTT Call: paho140732367419] INFO  c.s.Seminar1.services.MqttService - Gespeichert - Wago750 Status: 32.0
2026-07-10 10:13:08 [MQTT Call: paho140732367419] INFO  c.s.Seminar1.services.MqttService - Gespeichert - Temperatur Differenz: -0.12
2026-07-10 10:13:09 [MQTT Call: paho140732367419] INFO  c.s.Seminar1.services.MqttService - Gespeichert - Wago750 Status: 64.0
2026-07-10 10:13:10 [MQTT Call: paho140732367419] INFO  c.s.Seminar1.services.MqttService - Gespeichert - Wago750 Status: 128.0
2026-07-10 10:13:10 [MQTT Call: paho140732367419] INFO  c.s.Seminar1.services.MqttService - Gespeichert - Wago750 Status: 32768.0
2026-07-10 10:13:11 [MQTT Call: paho140732367419] INFO  c.s.Seminar1.services.MqttService - Gespeichert - Wago750 Status: 16384.0
2026-07-10 10:13:12 [MQTT Call: paho140732367419] INFO  c.s.Seminar1.services.MqttService - Gespeichert - Wago750 Status: 8192.0
2026-07-10 10:13:13 [MQTT Call: paho140732367419] INFO  c.s.Seminar1.services.MqttService - Gespeichert - Wago750 Status: 4096.0
2026-07-10 10:13:14 [MQTT Call: paho140732367419] INFO  c.s.Seminar1.services.MqttService - Gespeichert - Temperatur Soll: 27.31
2026-07-10 10:13:14 [MQTT Call: paho140732367419] INFO  c.s.Seminar1.services.MqttService - Gespeichert - Temperatur Differenz: -0.15
2026-07-10 10:13:14 [MQTT Call: paho140732367419] INFO  c.s.Seminar1.services.MqttService - Gespeichert - Temperatur Soll: 27.28
2026-07-10 10:13:14 [MQTT Call: paho140732367419] INFO  c.s.Seminar1.services.MqttService - Gespeichert - Temperatur Differenz: -0.12
2026-07-10 10:13:15 [MQTT Call: paho140732367419] INFO  c.s.Seminar1.services.MqttService - Gespeichert - Wago750 Status: 1024.0
2026-07-10 10:13:16 [MQTT Call: paho140732367419] INFO  c.s.Seminar1.services.MqttService - Gespeichert - Wago750 Status: 512.0
2026-07-10 10:13:17 [MQTT Call: paho140732367419] INFO  c.s.Seminar1.services.MqttService - Gespeichert - Wago750 Status: 256.0
2026-07-10 10:13:18 [MQTT Call: paho140732367419] INFO  c.s.Seminar1.services.MqttService - Gespeichert - Wago750 Status: 1.0
2026-07-10 10:13:19 [MQTT Call: paho140732367419] INFO  c.s.Seminar1.services.MqttService - Gespeichert - Wago750 Status: 2.0
2026-07-10 10:13:20 [MQTT Call: paho140732367419] INFO  c.s.Seminar1.services.MqttService - Gespeichert - Wago750 Status: 4.0
2026-07-10 10:13:21 [MQTT Call: paho140732367419] INFO  c.s.Seminar1.services.MqttService - Gespeichert - Wago750 Status: 8.0
2026-07-10 10:13:22 [MQTT Call: paho140732367419] INFO  c.s.Seminar1.services.MqttService - Gespeichert - Wago750 Status: 16.0
2026-07-10 10:13:23 [MQTT Call: paho140732367419] INFO  c.s.Seminar1.services.MqttService - Gespeichert - Wago750 Status: 32.0
2026-07-10 10:13:23 [MQTT Call: paho140732367419] INFO  c.s.Seminar1.services.MqttService - Gespeichert - Temperatur Soll: 27.31
2026-07-10 10:13:23 [MQTT Call: paho140732367419] INFO  c.s.Seminar1.services.MqttService - Gespeichert - Temperatur Differenz: -0.15
2026-07-10 10:13:26 [MQTT Call: paho140732367419] INFO  c.s.Seminar1.services.MqttService - Gespeichert - Wago750 Status: 64.0
2026-07-10 10:13:26 [MQTT Call: paho140732367419] INFO  c.s.Seminar1.services.MqttService - Gespeichert - Temperatur Soll: 27.28
2026-07-10 10:13:26 [MQTT Call: paho140732367419] INFO  c.s.Seminar1.services.MqttService - Gespeichert - Temperatur Differenz: -0.12
2026-07-10 10:13:31 [MQTT Call: paho140732367419] INFO  c.s.Seminar1.services.MqttService - Gespeichert - Wago750 Status: 128.0
2026-07-10 10:13:31 [MQTT Call: paho140732367419] INFO  c.s.Seminar1.services.MqttService - Gespeichert - Wago750 Status: 32768.0
2026-07-10 10:13:31 [MQTT Call: paho140732367419] INFO  c.s.Seminar1.services.MqttService - Gespeichert - Wago750 Status: 16384.0
2026-07-10 10:13:31 [MQTT Call: paho140732367419] INFO  c.s.Seminar1.services.MqttService - Gespeichert - Temperatur Soll: 27.31
2026-07-10 10:13:31 [MQTT Call: paho140732367419] INFO  c.s.Seminar1.services.MqttService - Gespeichert - Temperatur Differenz: -0.15
2026-07-10 10:13:31 [MQTT Call: paho140732367419] INFO  c.s.Seminar1.services.MqttService - Gespeichert - Wago750 Status: 8192.0
2026-07-10 10:13:31 [MQTT Call: paho140732367419] INFO  c.s.Seminar1.services.MqttService - Gespeichert - Temperatur Differenz: -0.12
2026-07-10 10:13:31 [MQTT Call: paho140732367419] INFO  c.s.Seminar1.services.MqttService - Gespeichert - Wago750 Status: 4096.0
2026-07-10 10:13:31 [MQTT Call: paho140732367419] INFO  c.s.Seminar1.services.MqttService - Gespeichert - Temperatur Differenz: -0.15
2026-07-10 10:13:32 [MQTT Call: paho140732367419] INFO  c.s.Seminar1.services.MqttService - Gespeichert - Wago750 Status: 2048.0
2026-07-10 10:13:32 [MQTT Call: paho140732367419] INFO  c.s.Seminar1.services.MqttService - Gespeichert - Temperatur Soll: 27.28
2026-07-10 10:13:32 [MQTT Call: paho140732367419] INFO  c.s.Seminar1.services.MqttService - Gespeichert - Temperatur Differenz: -0.12
2026-07-10 10:13:32 [MQTT Call: paho140732367419] INFO  c.s.Seminar1.services.MqttService - Gespeichert - Wago750 Status: 1024.0
2026-07-10 10:13:34 [MQTT Call: paho140732367419] INFO  c.s.Seminar1.services.MqttService - Gespeichert - Wago750 Status: 512.0
2026-07-10 10:13:34 [MQTT Call: paho140732367419] INFO  c.s.Seminar1.services.MqttService - Gespeichert - Wago750 Status: 256.0
2026-07-10 10:13:35 [MQTT Call: paho140732367419] INFO  c.s.Seminar1.services.MqttService - Gespeichert - Wago750 Status: 1.0
2026-07-10 10:13:36 [MQTT Call: paho140732367419] INFO  c.s.Seminar1.services.MqttService - Gespeichert - Wago750 Status: 2.0
2026-07-10 10:13:37 [MQTT Call: paho140732367419] INFO  c.s.Seminar1.services.MqttService - Gespeichert - Wago750 Status: 4.0
2026-07-10 10:13:38 [MQTT Call: paho140732367419] INFO  c.s.Seminar1.services.MqttService - Gespeichert - Wago750 Status: 8.0
2026-07-10 10:13:39 [MQTT Call: paho140732367419] INFO  c.s.Seminar1.services.MqttService - Gespeichert - Wago750 Status: 16.0
2026-07-10 10:13:40 [MQTT Call: paho140732367419] INFO  c.s.Seminar1.services.MqttService - Gespeichert - Wago750 Status: 32.0
2026-07-10 10:13:42 [MQTT Call: paho140732367419] INFO  c.s.Seminar1.services.MqttService - Gespeichert - Wago750 Status: 64.0
2026-07-10 10:13:43 [MQTT Call: paho140732367419] INFO  c.s.Seminar1.services.MqttService - Gespeichert - Wago750 Status: 128.0
2026-07-10 10:13:44 [MQTT Call: paho140732367419] INFO  c.s.Seminar1.services.MqttService - Gespeichert - Wago750 Status: 32768.0
2026-07-10 10:13:45 [MQTT Call: paho140732367419] INFO  c.s.Seminar1.services.MqttService - Gespeichert - Wago750 Status: 16384.0
2026-07-10 10:13:46 [MQTT Call: paho140732367419] INFO  c.s.Seminar1.services.MqttService - Gespeichert - Wago750 Status: 8192.0
2026-07-10 10:13:46 [MQTT Call: paho140732367419] INFO  c.s.Seminar1.services.MqttService - Gespeichert - Temperatur Soll: 27.31
2026-07-10 10:13:46 [MQTT Call: paho140732367419] INFO  c.s.Seminar1.services.MqttService - Gespeichert - Temperatur Differenz: -0.15
2026-07-10 10:13:47 [MQTT Call: paho140732367419] INFO  c.s.Seminar1.services.MqttService - Gespeichert - Wago750 Status: 4096.0
2026-07-10 10:13:47 [MQTT Call: paho140732367419] INFO  c.s.Seminar1.services.MqttService - Gespeichert - Temperatur Soll: 27.28
2026-07-10 10:13:47 [MQTT Call: paho140732367419] INFO  c.s.Seminar1.services.MqttService - Gespeichert - Temperatur Differenz: -0.12
2026-07-10 10:13:48 [MQTT Call: paho140732367419] INFO  c.s.Seminar1.services.MqttService - Gespeichert - Wago750 Status: 2048.0
2026-07-10 10:13:48 [MQTT Call: paho140732367419] INFO  c.s.Seminar1.services.MqttService - Gespeichert - Temperatur Differenz: -0.15
2026-07-10 10:13:49 [MQTT Call: paho140732367419] INFO  c.s.Seminar1.services.MqttService - Gespeichert - Wago750 Status: 1024.0
2026-07-10 10:13:49 [MQTT Call: paho140732367419] INFO  c.s.Seminar1.services.MqttService - Gespeichert - Temperatur Soll: 27.31
2026-07-10 10:13:50 [MQTT Call: paho140732367419] INFO  c.s.Seminar1.services.MqttService - Gespeichert - Wago750 Status: 512.0
2026-07-10 10:13:50 [MQTT Call: paho140732367419] INFO  c.s.Seminar1.services.MqttService - Gespeichert - Temperatur Soll: 27.28
2026-07-10 10:13:50 [MQTT Call: paho140732367419] INFO  c.s.Seminar1.services.MqttService - Gespeichert - Temperatur Differenz: -0.12
2026-07-10 10:13:51 [MQTT Call: paho140732367419] INFO  c.s.Seminar1.services.MqttService - Gespeichert - Wago750 Status: 256.0
2026-07-10 10:13:51 [MQTT Call: paho140732367419] INFO  c.s.Seminar1.services.MqttService - Gespeichert - Temperatur Soll: 27.31
2026-07-10 10:13:51 [MQTT Call: paho140732367419] INFO  c.s.Seminar1.services.MqttService - Gespeichert - Temperatur Differenz: -0.15
2026-07-10 10:13:52 [MQTT Call: paho140732367419] INFO  c.s.Seminar1.services.MqttService - Gespeichert - Wago750 Status: 1.0
2026-07-10 10:13:52 [MQTT Call: paho140732367419] INFO  c.s.Seminar1.services.MqttService - Gespeichert - Temperatur Soll: 27.28
2026-07-10 10:13:52 [MQTT Call: paho140732367419] INFO  c.s.Seminar1.services.MqttService - Gespeichert - Temperatur Differenz: -0.12
2026-07-10 10:13:53 [MQTT Call: paho140732367419] INFO  c.s.Seminar1.services.MqttService - Gespeichert - Wago750 Status: 2.0
2026-07-10 10:13:54 [MQTT Call: paho140732367419] INFO  c.s.Seminar1.services.MqttService - Gespeichert - Wago750 Status: 4.0
2026-07-10 10:13:55 [MQTT Call: paho140732367419] INFO  c.s.Seminar1.services.MqttService - Gespeichert - Wago750 Status: 8.0
2026-07-10 10:13:56 [MQTT Call: paho140732367419] INFO  c.s.Seminar1.services.MqttService - Gespeichert - Wago750 Status: 16.0
2026-07-10 10:13:57 [MQTT Call: paho140732367419] INFO  c.s.Seminar1.services.MqttService - Gespeichert - Wago750 Status: 32.0
2026-07-10 10:13:57 [MQTT Call: paho140732367419] INFO  c.s.Seminar1.services.MqttService - Gespeichert - Wago750 Status: 64.0
2026-07-10 10:13:58 [MQTT Call: paho140732367419] INFO  c.s.Seminar1.services.MqttService - Gespeichert - Temperatur Differenz: -0.1
2026-07-10 10:13:58 [MQTT Call: paho140732367419] INFO  c.s.Seminar1.services.MqttService - Gespeichert - Temperatur Ist: 27.18
2026-07-10 10:13:58 [MQTT Call: paho140732367419] INFO  c.s.Seminar1.services.MqttService - Gespeichert - Wago750 Status: 128.0
2026-07-10 10:13:59 [MQTT Call: paho140732367419] INFO  c.s.Seminar1.services.MqttService - Gespeichert - Wago750 Status: 32768.0
2026-07-10 10:14:01 [MQTT Call: paho140732367419] INFO  c.s.Seminar1.services.MqttService - Gespeichert - Wago750 Status: 16384.0
2026-07-10 10:14:01 [MQTT Call: paho140732367419] INFO  c.s.Seminar1.services.MqttService - Gespeichert - Wago750 Status: 8192.0
2026-07-10 10:14:02 [MQTT Call: paho140732367419] INFO  c.s.Seminar1.services.MqttService - Gespeichert - Wago750 Status: 4096.0
2026-07-10 10:14:03 [MQTT Call: paho140732367419] INFO  c.s.Seminar1.services.MqttService - Gespeichert - Temperatur Soll: 27.31
2026-07-10 10:14:03 [MQTT Call: paho140732367419] INFO  c.s.Seminar1.services.MqttService - Gespeichert - Wago750 Status: 2048.0
2026-07-10 10:14:03 [MQTT Call: paho140732367419] INFO  c.s.Seminar1.services.MqttService - Gespeichert - Temperatur Differenz: -0.13
2026-07-10 10:14:04 [MQTT Call: paho140732367419] INFO  c.s.Seminar1.services.MqttService - Gespeichert - Wago750 Status: 1024.0
2026-07-10 10:14:04 [MQTT Call: paho140732367419] INFO  c.s.Seminar1.services.MqttService - Gespeichert - Temperatur Soll: 27.28
2026-07-10 10:14:04 [MQTT Call: paho140732367419] INFO  c.s.Seminar1.services.MqttService - Gespeichert - Temperatur Differenz: -0.1
2026-07-10 10:14:05 [MQTT Call: paho140732367419] INFO  c.s.Seminar1.services.MqttService - Gespeichert - Wago750 Status: 512.0
2026-07-10 10:14:06 [MQTT Call: paho140732367419] INFO  c.s.Seminar1.services.MqttService - Gespeichert - Wago750 Status: 256.0
2026-07-10 10:14:08 [MQTT Call: paho140732367419] INFO  c.s.Seminar1.services.MqttService - Gespeichert - Wago750 Status: 1.0
2026-07-10 10:14:09 [MQTT Call: paho140732367419] INFO  c.s.Seminar1.services.MqttService - Gespeichert - Wago750 Status: 2.0
2026-07-10 10:14:09 [MQTT Call: paho140732367419] INFO  c.s.Seminar1.services.MqttService - Gespeichert - Wago750 Status: 4.0
2026-07-10 10:14:11 [MQTT Call: paho140732367419] INFO  c.s.Seminar1.services.MqttService - Gespeichert - Wago750 Status: 8.0
2026-07-10 10:14:12 [MQTT Call: paho140732367419] INFO  c.s.Seminar1.services.MqttService - Gespeichert - Wago750 Status: 16.0
2026-07-10 10:14:13 [MQTT Call: paho140732367419] INFO  c.s.Seminar1.services.MqttService - Gespeichert - Wago750 Status: 32.0
2026-07-10 10:14:14 [MQTT Call: paho140732367419] INFO  c.s.Seminar1.services.MqttService - Gespeichert - Wago750 Status: 64.0
2026-07-10 10:14:15 [MQTT Call: paho140732367419] INFO  c.s.Seminar1.services.MqttService - Gespeichert - Wago750 Status: 128.0
2026-07-10 10:14:16 [MQTT Call: paho140732367419] INFO  c.s.Seminar1.services.MqttService - Gespeichert - Temperatur Differenz: -0.13
2026-07-10 10:14:17 [MQTT Call: paho140732367419] INFO  c.s.Seminar1.services.MqttService - Gespeichert - Wago750 Status: 16384.0
2026-07-10 10:14:17 [MQTT Call: paho140732367419] INFO  c.s.Seminar1.services.MqttService - Gespeichert - Temperatur Soll: 27.31
2026-07-10 10:14:18 [MQTT Call: paho140732367419] INFO  c.s.Seminar1.services.MqttService - Gespeichert - Wago750 Status: 8192.0
2026-07-10 10:14:19 [MQTT Call: paho140732367419] INFO  c.s.Seminar1.services.MqttService - Gespeichert - Wago750 Status: 4096.0
2026-07-10 10:14:19 [MQTT Call: paho140732367419] INFO  c.s.Seminar1.services.MqttService - Gespeichert - Temperatur Soll: 27.28
2026-07-10 10:14:19 [MQTT Call: paho140732367419] INFO  c.s.Seminar1.services.MqttService - Gespeichert - Temperatur Differenz: -0.1
2026-07-10 10:14:20 [MQTT Call: paho140732367419] INFO  c.s.Seminar1.services.MqttService - Gespeichert - Wago750 Status: 2048.0
2026-07-10 10:14:20 [MQTT Call: paho140732367419] INFO  c.s.Seminar1.services.MqttService - Gespeichert - Temperatur Soll: 27.31
2026-07-10 10:14:21 [MQTT Call: paho140732367419] INFO  c.s.Seminar1.services.MqttService - Gespeichert - Wago750 Status: 1024.0
2026-07-10 10:14:21 [MQTT Call: paho140732367419] INFO  c.s.Seminar1.services.MqttService - Gespeichert - Temperatur Soll: 27.28
2026-07-10 10:14:22 [MQTT Call: paho140732367419] INFO  c.s.Seminar1.services.MqttService - Gespeichert - Wago750 Status: 512.0
2026-07-10 10:14:22 [MQTT Call: paho140732367419] INFO  c.s.Seminar1.services.MqttService - Gespeichert - Wago750 Status: 256.0
2026-07-10 10:14:24 [MQTT Call: paho140732367419] INFO  c.s.Seminar1.services.MqttService - Gespeichert - Wago750 Status: 1.0
2026-07-10 10:14:25 [MQTT Call: paho140732367419] INFO  c.s.Seminar1.services.MqttService - Gespeichert - Wago750 Status: 2.0
2026-07-10 10:14:25 [MQTT Call: paho140732367419] INFO  c.s.Seminar1.services.MqttService - Gespeichert - Temperatur Soll: 27.31
2026-07-10 10:14:25 [MQTT Call: paho140732367419] INFO  c.s.Seminar1.services.MqttService - Gespeichert - Temperatur Differenz: -0.13
2026-07-10 10:14:25 [MQTT Call: paho140732367419] INFO  c.s.Seminar1.services.MqttService - Gespeichert - Wago750 Status: 4.0
2026-07-10 10:14:26 [MQTT Call: paho140732367419] INFO  c.s.Seminar1.services.MqttService - Gespeichert - Temperatur Soll: 27.28
2026-07-10 10:14:26 [MQTT Call: paho140732367419] INFO  c.s.Seminar1.services.MqttService - Gespeichert - Temperatur Differenz: -0.1
2026-07-10 10:14:26 [MQTT Call: paho140732367419] INFO  c.s.Seminar1.services.MqttService - Gespeichert - Wago750 Status: 8.0
2026-07-10 10:14:27 [MQTT Call: paho140732367419] INFO  c.s.Seminar1.services.MqttService - Gespeichert - Temperatur Soll: 27.31
2026-07-10 10:14:27 [MQTT Call: paho140732367419] INFO  c.s.Seminar1.services.MqttService - Gespeichert - Temperatur Differenz: -0.13
2026-07-10 10:14:28 [MQTT Call: paho140732367419] INFO  c.s.Seminar1.services.MqttService - Gespeichert - Wago750 Status: 16.0
2026-07-10 10:14:29 [MQTT Call: paho140732367419] INFO  c.s.Seminar1.services.MqttService - Gespeichert - Wago750 Status: 32.0
2026-07-10 10:14:30 [MQTT Call: paho140732367419] INFO  c.s.Seminar1.services.MqttService - Gespeichert - Wago750 Status: 64.0
2026-07-10 10:14:30 [MQTT Call: paho140732367419] INFO  c.s.Seminar1.services.MqttService - Gespeichert - Temperatur Soll: 27.28
2026-07-10 10:14:30 [MQTT Call: paho140732367419] INFO  c.s.Seminar1.services.MqttService - Gespeichert - Temperatur Differenz: -0.1
2026-07-10 10:14:33 [MQTT Call: paho140732367419] INFO  c.s.Seminar1.services.MqttService - Gespeichert - Wago750 Status: 128.0
2026-07-10 10:14:33 [MQTT Call: paho140732367419] INFO  c.s.Seminar1.services.MqttService - Gespeichert - Temperatur Soll: 27.31
2026-07-10 10:14:33 [MQTT Call: paho140732367419] INFO  c.s.Seminar1.services.MqttService - Gespeichert - Temperatur Differenz: -0.13
2026-07-10 10:14:33 [MQTT Call: paho140732367419] INFO  c.s.Seminar1.services.MqttService - Gespeichert - Wago750 Status: 32768.0
2026-07-10 10:14:33 [MQTT Call: paho140732367419] INFO  c.s.Seminar1.services.MqttService - Gespeichert - Wago750 Status: 16384.0
2026-07-10 10:14:33 [MQTT Call: paho140732367419] INFO  c.s.Seminar1.services.MqttService - Gespeichert - Wago750 Status: 8192.0
2026-07-10 10:14:34 [MQTT Call: paho140732367419] INFO  c.s.Seminar1.services.MqttService - Gespeichert - Wago750 Status: 4096.0
2026-07-10 10:14:35 [MQTT Call: paho140732367419] INFO  c.s.Seminar1.services.MqttService - Gespeichert - Wago750 Status: 2048.0
2026-07-10 10:14:36 [MQTT Call: paho140732367419] INFO  c.s.Seminar1.services.MqttService - Gespeichert - Wago750 Status: 1024.0
2026-07-10 10:14:37 [MQTT Call: paho140732367419] INFO  c.s.Seminar1.services.MqttService - Gespeichert - Wago750 Status: 512.0
2026-07-10 10:14:39 [MQTT Call: paho140732367419] INFO  c.s.Seminar1.services.MqttService - Gespeichert - Wago750 Status: 256.0
2026-07-10 10:14:39 [MQTT Call: paho140732367419] INFO  c.s.Seminar1.services.MqttService - Gespeichert - Wago750 Status: 1.0
2026-07-10 10:14:40 [MQTT Call: paho140732367419] INFO  c.s.Seminar1.services.MqttService - Gespeichert - Wago750 Status: 2.0
2026-07-10 10:14:42 [MQTT Call: paho140732367419] INFO  c.s.Seminar1.services.MqttService - Gespeichert - Wago750 Status: 4.0
2026-07-10 10:14:42 [MQTT Call: paho140732367419] INFO  c.s.Seminar1.services.MqttService - Gespeichert - Wago750 Control: 1
2026-07-10 10:14:43 [MQTT Call: paho140732367419] INFO  c.s.Seminar1.services.MqttService - Gespeichert - Wago750 Status: 255.0
2026-07-10 10:14:46 [MQTT Call: paho140732367419] INFO  c.s.Seminar1.services.MqttService - Gespeichert - Wago750 Status: 65280.0
2026-07-10 10:14:46 [MQTT Call: paho140732367419] INFO  c.s.Seminar1.services.MqttService - Gespeichert - Wago750 Status: 255.0
2026-07-10 10:14:46 [MQTT Call: paho140732367419] INFO  c.s.Seminar1.services.MqttService - Gespeichert - Wago750 Control: 2
2026-07-10 10:14:46 [MQTT Call: paho140732367419] INFO  c.s.Seminar1.services.MqttService - Gespeichert - Wago750 Status: 8.0
2026-07-10 10:14:47 [MQTT Call: paho140732367419] INFO  c.s.Seminar1.services.MqttService - Gespeichert - Wago750 Status: 16.0
2026-07-10 10:14:48 [MQTT Call: paho140732367419] INFO  c.s.Seminar1.services.MqttService - Gespeichert - Wago750 Status: 32.0
2026-07-10 10:14:48 [MQTT Call: paho140732367419] INFO  c.s.Seminar1.services.MqttService - Gespeichert - Wago750 Control: 3
2026-07-10 10:14:49 [MQTT Call: paho140732367419] INFO  c.s.Seminar1.services.MqttService - Gespeichert - Wago750 Status: 6168.0
2026-07-10 10:14:50 [MQTT Call: paho140732367419] INFO  c.s.Seminar1.services.MqttService - Gespeichert - Wago750 Status: 9252.0
2026-07-10 10:14:51 [MQTT Call: paho140732367419] INFO  c.s.Seminar1.services.MqttService - Gespeichert - Wago750 Status: 16962.0
2026-07-10 10:14:52 [MQTT Call: paho140732367419] INFO  c.s.Seminar1.services.MqttService - Gespeichert - Wago750 Status: 33153.0
2026-07-10 10:14:53 [MQTT Call: paho140732367419] INFO  c.s.Seminar1.services.MqttService - Gespeichert - Wago750 Status: 16962.0
2026-07-10 10:14:54 [MQTT Call: paho140732367419] INFO  c.s.Seminar1.services.MqttService - Gespeichert - Wago750 Status: 9252.0
2026-07-10 10:14:55 [MQTT Call: paho140732367419] INFO  c.s.Seminar1.services.MqttService - Gespeichert - Wago750 Status: 6168.0
2026-07-10 10:14:56 [MQTT Call: paho140732367419] INFO  c.s.Seminar1.services.MqttService - Gespeichert - Wago750 Status: 9252.0
2026-07-10 10:14:56 [MQTT Call: paho140732367419] INFO  c.s.Seminar1.services.MqttService - Gespeichert - Temperatur Soll: 27.32
2026-07-10 10:14:56 [MQTT Call: paho140732367419] INFO  c.s.Seminar1.services.MqttService - Gespeichert - Temperatur Differenz: -0.14
2026-07-10 10:14:57 [MQTT Call: paho140732367419] INFO  c.s.Seminar1.services.MqttService - Gespeichert - Wago750 Status: 16962.0
2026-07-10 10:14:57 [MQTT Call: paho140732367419] INFO  c.s.Seminar1.services.MqttService - Gespeichert - Temperatur Differenz: -0.11
2026-07-10 10:14:57 [MQTT Call: paho140732367419] INFO  c.s.Seminar1.services.MqttService - Gespeichert - Temperatur Ist: 27.21
2026-07-10 10:14:58 [MQTT Call: paho140732367419] INFO  c.s.Seminar1.services.MqttService - Gespeichert - Wago750 Status: 33153.0
2026-07-10 10:14:59 [MQTT Call: paho140732367419] INFO  c.s.Seminar1.services.MqttService - Gespeichert - Wago750 Status: 16962.0
2026-07-10 10:15:00 [MQTT Call: paho140732367419] INFO  c.s.Seminar1.services.MqttService - Gespeichert - Wago750 Status: 9252.0
2026-07-10 10:15:01 [MQTT Call: paho140732367419] INFO  c.s.Seminar1.services.MqttService - Gespeichert - Wago750 Status: 6168.0
2026-07-10 10:15:02 [MQTT Call: paho140732367419] INFO  c.s.Seminar1.services.MqttService - Gespeichert - Wago750 Status: 9252.0
2026-07-10 10:15:03 [MQTT Call: paho140732367419] INFO  c.s.Seminar1.services.MqttService - Gespeichert - Wago750 Status: 16962.0
2026-07-10 10:15:03 [MQTT Call: paho140732367419] INFO  c.s.Seminar1.services.MqttService - Gespeichert - Wago750 Status: 33153.0
2026-07-10 10:15:04 [MQTT Call: paho140732367419] INFO  c.s.Seminar1.services.MqttService - Gespeichert - Wago750 Status: 16962.0
2026-07-10 10:15:06 [MQTT Call: paho140732367419] INFO  c.s.Seminar1.services.MqttService - Gespeichert - Wago750 Status: 9252.0
2026-07-10 10:15:07 [MQTT Call: paho140732367419] INFO  c.s.Seminar1.services.MqttService - Gespeichert - Wago750 Status: 6168.0
2026-07-10 10:15:07 [MQTT Call: paho140732367419] INFO  c.s.Seminar1.services.MqttService - Gespeichert - Wago750 Status: 9252.0
2026-07-10 10:15:08 [MQTT Call: paho140732367419] INFO  c.s.Seminar1.services.MqttService - Gespeichert - Wago750 Status: 16962.0
2026-07-10 10:15:10 [MQTT Call: paho140732367419] INFO  c.s.Seminar1.services.MqttService - Gespeichert - Wago750 Status: 33153.0
2026-07-10 10:15:11 [MQTT Call: paho140732367419] INFO  c.s.Seminar1.services.MqttService - Gespeichert - Wago750 Status: 16962.0
2026-07-10 10:15:12 [MQTT Call: paho140732367419] INFO  c.s.Seminar1.services.MqttService - Gespeichert - Wago750 Status: 9252.0
2026-07-10 10:15:13 [MQTT Call: paho140732367419] INFO  c.s.Seminar1.services.MqttService - Gespeichert - Wago750 Status: 6168.0
2026-07-10 10:15:14 [MQTT Call: paho140732367419] INFO  c.s.Seminar1.services.MqttService - Gespeichert - Wago750 Status: 9252.0
2026-07-10 10:15:15 [MQTT Call: paho140732367419] INFO  c.s.Seminar1.services.MqttService - Gespeichert - Wago750 Status: 16962.0
2026-07-10 10:15:16 [MQTT Call: paho140732367419] INFO  c.s.Seminar1.services.MqttService - Gespeichert - Wago750 Status: 33153.0
2026-07-10 10:15:17 [MQTT Call: paho140732367419] INFO  c.s.Seminar1.services.MqttService - Gespeichert - Wago750 Status: 16962.0
2026-07-10 10:15:18 [MQTT Call: paho140732367419] INFO  c.s.Seminar1.services.MqttService - Gespeichert - Wago750 Status: 9252.0
2026-07-10 10:15:19 [MQTT Call: paho140732367419] INFO  c.s.Seminar1.services.MqttService - Gespeichert - Wago750 Status: 6168.0
2026-07-10 10:15:20 [MQTT Call: paho140732367419] INFO  c.s.Seminar1.services.MqttService - Gespeichert - Wago750 Status: 9252.0
2026-07-10 10:15:21 [MQTT Call: paho140732367419] INFO  c.s.Seminar1.services.MqttService - Gespeichert - Wago750 Status: 16962.0
2026-07-10 10:15:22 [MQTT Call: paho140732367419] INFO  c.s.Seminar1.services.MqttService - Gespeichert - Wago750 Status: 33153.0
2026-07-10 10:15:23 [MQTT Call: paho140732367419] INFO  c.s.Seminar1.services.MqttService - Gespeichert - Wago750 Status: 16962.0
2026-07-10 10:15:24 [MQTT Call: paho140732367419] INFO  c.s.Seminar1.services.MqttService - Gespeichert - Wago750 Status: 9252.0
2026-07-10 10:15:25 [MQTT Call: paho140732367419] INFO  c.s.Seminar1.services.MqttService - Gespeichert - Wago750 Status: 6168.0
2026-07-10 10:15:26 [MQTT Call: paho140732367419] INFO  c.s.Seminar1.services.MqttService - Gespeichert - Wago750 Status: 9252.0
2026-07-10 10:15:27 [MQTT Call: paho140732367419] INFO  c.s.Seminar1.services.MqttService - Gespeichert - Wago750 Status: 16962.0
2026-07-10 10:15:28 [MQTT Call: paho140732367419] INFO  c.s.Seminar1.services.MqttService - Gespeichert - Wago750 Status: 33153.0
2026-07-10 10:15:29 [MQTT Call: paho140732367419] INFO  c.s.Seminar1.services.MqttService - Gespeichert - Wago750 Status: 16962.0
2026-07-10 10:15:30 [MQTT Call: paho140732367419] INFO  c.s.Seminar1.services.MqttService - Gespeichert - Wago750 Status: 9252.0
2026-07-10 10:15:31 [MQTT Call: paho140732367419] INFO  c.s.Seminar1.services.MqttService - Gespeichert - Wago750 Status: 6168.0
2026-07-10 10:15:32 [MQTT Call: paho140732367419] INFO  c.s.Seminar1.services.MqttService - Gespeichert - Wago750 Status: 9252.0
2026-07-10 10:15:33 [MQTT Call: paho140732367419] INFO  c.s.Seminar1.services.MqttService - Gespeichert - Wago750 Status: 16962.0
2026-07-10 10:15:33 [MQTT Call: paho140732367419] INFO  c.s.Seminar1.services.MqttService - Gespeichert - Wago750 Status: 33153.0
2026-07-10 10:15:35 [MQTT Call: paho140732367419] INFO  c.s.Seminar1.services.MqttService - Gespeichert - Wago750 Status: 16962.0
2026-07-10 10:15:35 [MQTT Call: paho140732367419] INFO  c.s.Seminar1.services.MqttService - Gespeichert - Wago750 Status: 9252.0
2026-07-10 10:15:36 [MQTT Call: paho140732367419] INFO  c.s.Seminar1.services.MqttService - Gespeichert - Wago750 Status: 6168.0
2026-07-10 10:15:37 [MQTT Call: paho140732367419] INFO  c.s.Seminar1.services.MqttService - Gespeichert - Wago750 Status: 9252.0
2026-07-10 10:15:38 [MQTT Call: paho140732367419] INFO  c.s.Seminar1.services.MqttService - Gespeichert - Wago750 Status: 16962.0
2026-07-10 10:15:40 [MQTT Call: paho140732367419] INFO  c.s.Seminar1.services.MqttService - Gespeichert - Wago750 Status: 33153.0
2026-07-10 10:15:40 [MQTT Call: paho140732367419] INFO  c.s.Seminar1.services.MqttService - Gespeichert - Wago750 Status: 16962.0
2026-07-10 10:15:42 [MQTT Call: paho140732367419] INFO  c.s.Seminar1.services.MqttService - Gespeichert - Wago750 Status: 9252.0
2026-07-10 10:15:43 [MQTT Call: paho140732367419] INFO  c.s.Seminar1.services.MqttService - Gespeichert - Wago750 Status: 6168.0
2026-07-10 10:15:44 [MQTT Call: paho140732367419] INFO  c.s.Seminar1.services.MqttService - Gespeichert - Wago750 Status: 9252.0
2026-07-10 10:15:45 [MQTT Call: paho140732367419] INFO  c.s.Seminar1.services.MqttService - Gespeichert - Wago750 Status: 16962.0
2026-07-10 10:15:46 [MQTT Call: paho140732367419] INFO  c.s.Seminar1.services.MqttService - Gespeichert - Wago750 Status: 33153.0
2026-07-10 10:15:47 [MQTT Call: paho140732367419] INFO  c.s.Seminar1.services.MqttService - Gespeichert - Wago750 Status: 16962.0
2026-07-10 10:15:48 [MQTT Call: paho140732367419] INFO  c.s.Seminar1.services.MqttService - Gespeichert - Wago750 Status: 9252.0
2026-07-10 10:15:51 [MQTT Call: paho140732367419] INFO  c.s.Seminar1.services.MqttService - Gespeichert - Wago750 Status: 16962.0
2026-07-10 10:15:52 [MQTT Call: paho140732367419] INFO  c.s.Seminar1.services.MqttService - Gespeichert - Wago750 Status: 33153.0
2026-07-10 10:15:53 [MQTT Call: paho140732367419] INFO  c.s.Seminar1.services.MqttService - Gespeichert - Wago750 Status: 16962.0
2026-07-10 10:15:53 [MQTT Call: paho140732367419] INFO  c.s.Seminar1.services.MqttService - Gespeichert - Wago750 Status: 9252.0
2026-07-10 10:15:54 [MQTT Call: paho140732367419] INFO  c.s.Seminar1.services.MqttService - Gespeichert - Wago750 Status: 6168.0
2026-07-10 10:15:55 [MQTT Call: paho140732367419] INFO  c.s.Seminar1.services.MqttService - Gespeichert - Wago750 Status: 9252.0
2026-07-10 10:15:56 [MQTT Call: paho140732367419] INFO  c.s.Seminar1.services.MqttService - Gespeichert - Wago750 Status: 16962.0
2026-07-10 10:15:57 [MQTT Call: paho140732367419] INFO  c.s.Seminar1.services.MqttService - Gespeichert - Wago750 Status: 33153.0
2026-07-10 10:15:59 [MQTT Call: paho140732367419] INFO  c.s.Seminar1.services.MqttService - Gespeichert - Wago750 Status: 16962.0
2026-07-10 10:16:00 [MQTT Call: paho140732367419] INFO  c.s.Seminar1.services.MqttService - Gespeichert - Wago750 Status: 9252.0
2026-07-10 10:16:01 [MQTT Call: paho140732367419] INFO  c.s.Seminar1.services.MqttService - Gespeichert - Wago750 Status: 6168.0
2026-07-10 10:16:02 [MQTT Call: paho140732367419] INFO  c.s.Seminar1.services.MqttService - Gespeichert - Wago750 Status: 9252.0
2026-07-10 10:16:04 [MQTT Call: paho140732367419] INFO  c.s.Seminar1.services.MqttService - Gespeichert - Wago750 Status: 16962.0
2026-07-10 10:16:04 [MQTT Call: paho140732367419] INFO  c.s.Seminar1.services.MqttService - Gespeichert - Temperatur Differenz: -0.1
2026-07-10 10:16:04 [MQTT Call: paho140732367419] INFO  c.s.Seminar1.services.MqttService - Gespeichert - Temperatur Ist: 27.22
2026-07-10 10:16:05 [MQTT Call: paho140732367419] INFO  c.s.Seminar1.services.MqttService - Gespeichert - Wago750 Status: 33153.0
2026-07-10 10:16:05 [MQTT Call: paho140732367419] INFO  c.s.Seminar1.services.MqttService - Gespeichert - Wago750 Status: 16962.0
2026-07-10 10:16:06 [MQTT Call: paho140732367419] INFO  c.s.Seminar1.services.MqttService - Gespeichert - Wago750 Status: 9252.0
2026-07-10 10:16:07 [MQTT Call: paho140732367419] INFO  c.s.Seminar1.services.MqttService - Gespeichert - Wago750 Status: 6168.0
2026-07-10 10:16:09 [MQTT Call: paho140732367419] INFO  c.s.Seminar1.services.MqttService - Gespeichert - Wago750 Status: 9252.0
2026-07-10 10:16:09 [MQTT Call: paho140732367419] INFO  c.s.Seminar1.services.MqttService - Gespeichert - Wago750 Status: 16962.0
2026-07-10 10:16:11 [MQTT Call: paho140732367419] INFO  c.s.Seminar1.services.MqttService - Gespeichert - Wago750 Status: 33153.0
2026-07-10 10:16:11 [MQTT Call: paho140732367419] INFO  c.s.Seminar1.services.MqttService - Gespeichert - Temperatur Soll: 27.33
2026-07-10 10:16:11 [MQTT Call: paho140732367419] INFO  c.s.Seminar1.services.MqttService - Gespeichert - Temperatur Differenz: -0.11
2026-07-10 10:16:11 [MQTT Call: paho140732367419] INFO  c.s.Seminar1.services.MqttService - Gespeichert - Wago750 Status: 16962.0
2026-07-10 10:16:12 [MQTT Call: paho140732367419] INFO  c.s.Seminar1.services.MqttService - Gespeichert - Temperatur Soll: 27.32
2026-07-10 10:16:13 [MQTT Call: paho140732367419] INFO  c.s.Seminar1.services.MqttService - Gespeichert - Wago750 Status: 9252.0
2026-07-10 10:16:13 [MQTT Call: paho140732367419] INFO  c.s.Seminar1.services.MqttService - Gespeichert - Temperatur Differenz: -0.1
2026-07-10 10:16:14 [MQTT Call: paho140732367419] INFO  c.s.Seminar1.services.MqttService - Gespeichert - Wago750 Status: 6168.0
2026-07-10 10:16:15 [MQTT Call: paho140732367419] INFO  c.s.Seminar1.services.MqttService - Gespeichert - Wago750 Status: 9252.0
2026-07-10 10:16:15 [MQTT Call: paho140732367419] INFO  c.s.Seminar1.services.MqttService - Gespeichert - Temperatur Soll: 27.33
2026-07-10 10:16:15 [MQTT Call: paho140732367419] INFO  c.s.Seminar1.services.MqttService - Gespeichert - Temperatur Differenz: -0.11
2026-07-10 10:16:16 [MQTT Call: paho140732367419] INFO  c.s.Seminar1.services.MqttService - Gespeichert - Wago750 Status: 16962.0
2026-07-10 10:16:17 [MQTT Call: paho140732367419] INFO  c.s.Seminar1.services.MqttService - Gespeichert - Wago750 Status: 33153.0
2026-07-10 10:16:18 [MQTT Call: paho140732367419] INFO  c.s.Seminar1.services.MqttService - Gespeichert - Wago750 Status: 16962.0
2026-07-10 10:16:19 [MQTT Call: paho140732367419] INFO  c.s.Seminar1.services.MqttService - Gespeichert - Wago750 Status: 9252.0
2026-07-10 10:16:20 [MQTT Call: paho140732367419] INFO  c.s.Seminar1.services.MqttService - Gespeichert - Wago750 Status: 6168.0
2026-07-10 10:16:20 [MQTT Call: paho140732367419] INFO  c.s.Seminar1.services.MqttService - Gespeichert - Temperatur Soll: 27.32
2026-07-10 10:16:20 [MQTT Call: paho140732367419] INFO  c.s.Seminar1.services.MqttService - Gespeichert - Temperatur Differenz: -0.1
2026-07-10 10:16:21 [MQTT Call: paho140732367419] INFO  c.s.Seminar1.services.MqttService - Gespeichert - Wago750 Status: 9252.0
2026-07-10 10:16:22 [MQTT Call: paho140732367419] INFO  c.s.Seminar1.services.MqttService - Gespeichert - Wago750 Status: 16962.0
2026-07-10 10:16:22 [MQTT Call: paho140732367419] INFO  c.s.Seminar1.services.MqttService - Gespeichert - Temperatur Soll: 27.33
2026-07-10 10:16:22 [MQTT Call: paho140732367419] INFO  c.s.Seminar1.services.MqttService - Gespeichert - Temperatur Differenz: -0.11
2026-07-10 10:16:23 [MQTT Call: paho140732367419] INFO  c.s.Seminar1.services.MqttService - Gespeichert - Wago750 Status: 33153.0
2026-07-10 10:16:24 [MQTT Call: paho140732367419] INFO  c.s.Seminar1.services.MqttService - Gespeichert - Wago750 Status: 16962.0
2026-07-10 10:16:24 [MQTT Call: paho140732367419] INFO  c.s.Seminar1.services.MqttService - Gespeichert - Wago750 Control: 2
2026-07-10 10:16:25 [MQTT Call: paho140732367419] INFO  c.s.Seminar1.services.MqttService - Gespeichert - Wago750 Status: 128.0
2026-07-10 10:16:26 [MQTT Call: paho140732367419] INFO  c.s.Seminar1.services.MqttService - Gespeichert - Wago750 Status: 32768.0
2026-07-10 10:16:26 [MQTT Call: paho140732367419] INFO  c.s.Seminar1.services.MqttService - Gespeichert - Wago750 Status: 16384.0
2026-07-10 10:16:28 [MQTT Call: paho140732367419] INFO  c.s.Seminar1.services.MqttService - Gespeichert - Wago750 Status: 8192.0
2026-07-10 10:16:29 [MQTT Call: paho140732367419] INFO  c.s.Seminar1.services.MqttService - Gespeichert - Wago750 Status: 4096.0
2026-07-10 10:16:30 [MQTT Call: paho140732367419] INFO  c.s.Seminar1.services.MqttService - Gespeichert - Wago750 Status: 2048.0
2026-07-10 10:16:31 [MQTT Call: paho140732367419] INFO  c.s.Seminar1.services.MqttService - Gespeichert - Wago750 Status: 1024.0
2026-07-10 10:16:32 [MQTT Call: paho140732367419] INFO  c.s.Seminar1.services.MqttService - Gespeichert - Wago750 Status: 512.0
2026-07-10 10:16:32 [MQTT Call: paho140732367419] INFO  c.s.Seminar1.services.MqttService - Gespeichert - Wago750 Status: 256.0
2026-07-10 10:16:33 [MQTT Call: paho140732367419] INFO  c.s.Seminar1.services.MqttService - Gespeichert - Wago750 Status: 1.0
2026-07-10 10:16:35 [MQTT Call: paho140732367419] INFO  c.s.Seminar1.services.MqttService - Gespeichert - Wago750 Status: 2.0
2026-07-10 10:16:35 [MQTT Call: paho140732367419] INFO  c.s.Seminar1.services.MqttService - Gespeichert - Wago750 Status: 4.0
2026-07-10 10:16:37 [MQTT Call: paho140732367419] INFO  c.s.Seminar1.services.MqttService - Gespeichert - Wago750 Status: 8.0
2026-07-10 10:16:37 [MQTT Call: paho140732367419] INFO  c.s.Seminar1.services.MqttService - Gespeichert - Wago750 Status: 16.0
2026-07-10 10:16:38 [MQTT Call: paho140732367419] INFO  c.s.Seminar1.services.MqttService - Gespeichert - Wago750 Status: 32.0
2026-07-10 10:16:40 [MQTT Call: paho140732367419] INFO  c.s.Seminar1.services.MqttService - Gespeichert - Wago750 Status: 64.0
2026-07-10 10:16:41 [MQTT Call: paho140732367419] INFO  c.s.Seminar1.services.MqttService - Gespeichert - Wago750 Status: 128.0
2026-07-10 10:16:42 [MQTT Call: paho140732367419] INFO  c.s.Seminar1.services.MqttService - Gespeichert - Wago750 Status: 32768.0
2026-07-10 10:16:43 [MQTT Call: paho140732367419] INFO  c.s.Seminar1.services.MqttService - Gespeichert - Wago750 Status: 16384.0
2026-07-10 10:16:44 [MQTT Call: paho140732367419] INFO  c.s.Seminar1.services.MqttService - Gespeichert - Wago750 Status: 8192.0
2026-07-10 10:16:45 [MQTT Call: paho140732367419] INFO  c.s.Seminar1.services.MqttService - Gespeichert - Wago750 Status: 4096.0
2026-07-10 10:16:46 [MQTT Call: paho140732367419] INFO  c.s.Seminar1.services.MqttService - Gespeichert - Wago750 Status: 2048.0
2026-07-10 10:16:47 [MQTT Call: paho140732367419] INFO  c.s.Seminar1.services.MqttService - Gespeichert - Wago750 Status: 1024.0
2026-07-10 10:16:48 [MQTT Call: paho140732367419] INFO  c.s.Seminar1.services.MqttService - Gespeichert - Wago750 Status: 512.0
2026-07-10 10:16:49 [MQTT Call: paho140732367419] INFO  c.s.Seminar1.services.MqttService - Gespeichert - Wago750 Status: 256.0
2026-07-10 10:16:49 [MQTT Call: paho140732367419] INFO  c.s.Seminar1.services.MqttService - Gespeichert - Wago750 Control: 0
2026-07-10 10:16:50 [MQTT Call: paho140732367419] INFO  c.s.Seminar1.services.MqttService - Gespeichert - Wago750 Status: 0.0
2026-07-10 10:16:55 [MQTT Call: paho140732367419] INFO  c.s.Seminar1.services.MqttService - Gespeichert - Wago750 Control: 3
2026-07-10 10:17:04 [MQTT Call: paho140732367419] INFO  c.s.Seminar1.services.MqttService - Gespeichert - Wago750 Status: 6168.0
2026-07-10 10:17:05 [MQTT Call: paho140732367419] INFO  c.s.Seminar1.services.MqttService - Gespeichert - Wago750 Status: 9252.0
2026-07-10 10:17:05 [MQTT Call: paho140732367419] INFO  c.s.Seminar1.services.MqttService - Gespeichert - Wago750 Status: 16962.0
2026-07-10 10:17:05 [MQTT Call: paho140732367419] INFO  c.s.Seminar1.services.MqttService - Gespeichert - Wago750 Status: 33153.0
2026-07-10 10:17:05 [MQTT Call: paho140732367419] INFO  c.s.Seminar1.services.MqttService - Gespeichert - Wago750 Status: 16962.0
2026-07-10 10:17:05 [MQTT Call: paho140732367419] INFO  c.s.Seminar1.services.MqttService - Gespeichert - Wago750 Status: 9252.0
2026-07-10 10:17:05 [MQTT Call: paho140732367419] INFO  c.s.Seminar1.services.MqttService - Gespeichert - Wago750 Status: 6168.0
2026-07-10 10:17:05 [MQTT Call: paho140732367419] INFO  c.s.Seminar1.services.MqttService - Gespeichert - Wago750 Status: 9252.0
2026-07-10 10:17:05 [MQTT Call: paho140732367419] INFO  c.s.Seminar1.services.MqttService - Gespeichert - Wago750 Status: 16962.0
2026-07-10 10:17:05 [MQTT Call: paho140732367419] INFO  c.s.Seminar1.services.MqttService - Gespeichert - Wago750 Status: 33153.0
2026-07-10 10:17:06 [MQTT Call: paho140732367419] INFO  c.s.Seminar1.services.MqttService - Gespeichert - Wago750 Status: 16962.0
2026-07-10 10:17:07 [MQTT Call: paho140732367419] INFO  c.s.Seminar1.services.MqttService - Gespeichert - Wago750 Status: 9252.0
2026-07-10 10:17:13 [MQTT Call: paho140732367419] INFO  c.s.Seminar1.services.MqttService - Gespeichert - Wago750 Status: 6168.0
2026-07-10 10:17:13 [MQTT Call: paho140732367419] INFO  c.s.Seminar1.services.MqttService - Gespeichert - Wago750 Status: 9252.0
2026-07-10 10:17:13 [MQTT Call: paho140732367419] INFO  c.s.Seminar1.services.MqttService - Gespeichert - Wago750 Status: 16962.0
2026-07-10 10:17:13 [MQTT Call: paho140732367419] INFO  c.s.Seminar1.services.MqttService - Gespeichert - Wago750 Status: 33153.0
2026-07-10 10:17:13 [MQTT Call: paho140732367419] INFO  c.s.Seminar1.services.MqttService - Gespeichert - Wago750 Status: 16962.0
2026-07-10 10:17:13 [MQTT Call: paho140732367419] INFO  c.s.Seminar1.services.MqttService - Gespeichert - Wago750 Status: 9252.0
2026-07-10 10:17:13 [MQTT Call: paho140732367419] INFO  c.s.Seminar1.services.MqttService - Gespeichert - Wago750 Status: 6168.0
2026-07-10 10:17:15 [MQTT Call: paho140732367419] INFO  c.s.Seminar1.services.MqttService - Gespeichert - Wago750 Status: 9252.0
2026-07-10 10:17:15 [MQTT Call: paho140732367419] INFO  c.s.Seminar1.services.MqttService - Gespeichert - Wago750 Status: 16962.0
2026-07-10 10:17:16 [MQTT Call: paho140732367419] INFO  c.s.Seminar1.services.MqttService - Gespeichert - Wago750 Status: 33153.0
2026-07-10 10:17:17 [MQTT Call: paho140732367419] INFO  c.s.Seminar1.services.MqttService - Gespeichert - Wago750 Status: 16962.0
2026-07-10 10:17:18 [MQTT Call: paho140732367419] INFO  c.s.Seminar1.services.MqttService - Gespeichert - Wago750 Status: 9252.0
2026-07-10 10:17:19 [MQTT Call: paho140732367419] INFO  c.s.Seminar1.services.MqttService - Gespeichert - Wago750 Status: 6168.0
2026-07-10 10:17:20 [MQTT Call: paho140732367419] INFO  c.s.Seminar1.services.MqttService - Gespeichert - Wago750 Status: 9252.0
2026-07-10 10:17:21 [MQTT Call: paho140732367419] INFO  c.s.Seminar1.services.MqttService - Gespeichert - Wago750 Status: 16962.0
2026-07-10 10:17:23 [MQTT Call: paho140732367419] INFO  c.s.Seminar1.services.MqttService - Gespeichert - Wago750 Status: 33153.0
2026-07-10 10:17:23 [MQTT Call: paho140732367419] INFO  c.s.Seminar1.services.MqttService - Gespeichert - Wago750 Status: 16962.0
2026-07-10 10:17:24 [MQTT Call: paho140732367419] INFO  c.s.Seminar1.services.MqttService - Gespeichert - Wago750 Status: 9252.0
2026-07-10 10:17:24 [MQTT Call: paho140732367419] INFO  c.s.Seminar1.services.MqttService - Gespeichert - Temperatur Differenz: -0.1
2026-07-10 10:17:24 [MQTT Call: paho140732367419] INFO  c.s.Seminar1.services.MqttService - Gespeichert - Temperatur Ist: 27.23
2026-07-10 10:17:25 [MQTT Call: paho140732367419] INFO  c.s.Seminar1.services.MqttService - Gespeichert - Wago750 Status: 6168.0
2026-07-10 10:17:25 [MQTT Call: paho140732367419] INFO  c.s.Seminar1.services.MqttService - Gespeichert - Temperatur Differenz: -0.11
2026-07-10 10:17:25 [MQTT Call: paho140732367419] INFO  c.s.Seminar1.services.MqttService - Gespeichert - Temperatur Ist: 27.22
2026-07-10 10:17:27 [MQTT Call: paho140732367419] INFO  c.s.Seminar1.services.MqttService - Gespeichert - Wago750 Status: 9252.0
2026-07-10 10:17:27 [MQTT Call: paho140732367419] INFO  c.s.Seminar1.services.MqttService - Gespeichert - Wago750 Status: 16962.0
2026-07-10 10:17:29 [MQTT Call: paho140732367419] INFO  c.s.Seminar1.services.MqttService - Gespeichert - Wago750 Status: 33153.0
2026-07-10 10:17:29 [MQTT Call: paho140732367419] INFO  c.s.Seminar1.services.MqttService - Gespeichert - Temperatur Differenz: -0.1
2026-07-10 10:17:29 [MQTT Call: paho140732367419] INFO  c.s.Seminar1.services.MqttService - Gespeichert - Temperatur Ist: 27.23
2026-07-10 10:17:30 [MQTT Call: paho140732367419] INFO  c.s.Seminar1.services.MqttService - Gespeichert - Wago750 Status: 16962.0
2026-07-10 10:17:30 [MQTT Call: paho140732367419] INFO  c.s.Seminar1.services.MqttService - Gespeichert - Temperatur Differenz: -0.11
2026-07-10 10:17:30 [MQTT Call: paho140732367419] INFO  c.s.Seminar1.services.MqttService - Gespeichert - Temperatur Ist: 27.22
2026-07-10 10:17:30 [MQTT Call: paho140732367419] INFO  c.s.Seminar1.services.MqttService - Gespeichert - Wago750 Control: 2
2026-07-10 10:17:31 [MQTT Call: paho140732367419] INFO  c.s.Seminar1.services.MqttService - Gespeichert - Wago750 Status: 1.0
2026-07-10 10:17:31 [MQTT Call: paho140732367419] INFO  c.s.Seminar1.services.MqttService - Gespeichert - Temperatur Differenz: -0.1
2026-07-10 10:17:31 [MQTT Call: paho140732367419] INFO  c.s.Seminar1.services.MqttService - Gespeichert - Temperatur Ist: 27.23
2026-07-10 10:17:32 [MQTT Call: paho140732367419] INFO  c.s.Seminar1.services.MqttService - Gespeichert - Wago750 Status: 2.0
2026-07-10 10:17:33 [MQTT Call: paho140732367419] INFO  c.s.Seminar1.services.MqttService - Gespeichert - Wago750 Status: 4.0
2026-07-10 10:17:34 [MQTT Call: paho140732367419] INFO  c.s.Seminar1.services.MqttService - Gespeichert - Wago750 Status: 8.0
2026-07-10 10:17:35 [MQTT Call: paho140732367419] INFO  c.s.Seminar1.services.MqttService - Gespeichert - Wago750 Status: 16.0
2026-07-10 10:17:36 [MQTT Call: paho140732367419] INFO  c.s.Seminar1.services.MqttService - Gespeichert - Wago750 Status: 32.0
2026-07-10 10:17:37 [MQTT Call: paho140732367419] INFO  c.s.Seminar1.services.MqttService - Gespeichert - Wago750 Status: 64.0
2026-07-10 10:17:38 [MQTT Call: paho140732367419] INFO  c.s.Seminar1.services.MqttService - Gespeichert - Wago750 Status: 128.0
2026-07-10 10:17:39 [MQTT Call: paho140732367419] INFO  c.s.Seminar1.services.MqttService - Gespeichert - Wago750 Status: 32768.0
2026-07-10 10:17:40 [MQTT Call: paho140732367419] INFO  c.s.Seminar1.services.MqttService - Gespeichert - Wago750 Status: 16384.0
2026-07-10 10:17:41 [MQTT Call: paho140732367419] INFO  c.s.Seminar1.services.MqttService - Gespeichert - Wago750 Status: 8192.0
2026-07-10 10:17:42 [MQTT Call: paho140732367419] INFO  c.s.Seminar1.services.MqttService - Gespeichert - Wago750 Status: 4096.0
2026-07-10 10:17:43 [MQTT Call: paho140732367419] INFO  c.s.Seminar1.services.MqttService - Gespeichert - Wago750 Status: 2048.0
2026-07-10 10:17:44 [MQTT Call: paho140732367419] INFO  c.s.Seminar1.services.MqttService - Gespeichert - Wago750 Status: 1024.0
2026-07-10 10:17:45 [MQTT Call: paho140732367419] INFO  c.s.Seminar1.services.MqttService - Gespeichert - Wago750 Status: 512.0
2026-07-10 10:17:46 [MQTT Call: paho140732367419] INFO  c.s.Seminar1.services.MqttService - Gespeichert - Wago750 Status: 256.0
2026-07-10 10:17:47 [MQTT Call: paho140732367419] INFO  c.s.Seminar1.services.MqttService - Gespeichert - Wago750 Status: 1.0
2026-07-10 10:17:48 [MQTT Call: paho140732367419] INFO  c.s.Seminar1.services.MqttService - Gespeichert - Wago750 Status: 2.0
2026-07-10 10:17:49 [MQTT Call: paho140732367419] INFO  c.s.Seminar1.services.MqttService - Gespeichert - Wago750 Status: 4.0
2026-07-10 10:17:50 [MQTT Call: paho140732367419] INFO  c.s.Seminar1.services.MqttService - Gespeichert - Wago750 Status: 8.0
2026-07-10 10:17:51 [MQTT Call: paho140732367419] INFO  c.s.Seminar1.services.MqttService - Gespeichert - Wago750 Status: 16.0
2026-07-10 10:17:52 [MQTT Call: paho140732367419] INFO  c.s.Seminar1.services.MqttService - Gespeichert - Temperatur Soll: 27.32
2026-07-10 10:17:52 [MQTT Call: paho140732367419] INFO  c.s.Seminar1.services.MqttService - Gespeichert - Wago750 Status: 32.0
2026-07-10 10:17:52 [MQTT Call: paho140732367419] INFO  c.s.Seminar1.services.MqttService - Gespeichert - Temperatur Differenz: -0.09
2026-07-10 10:17:53 [MQTT Call: paho140732367419] INFO  c.s.Seminar1.services.MqttService - Gespeichert - Temperatur Soll: 27.33
2026-07-10 10:17:53 [MQTT Call: paho140732367419] INFO  c.s.Seminar1.services.MqttService - Gespeichert - Wago750 Status: 64.0
2026-07-10 10:17:54 [MQTT Call: paho140732367419] INFO  c.s.Seminar1.services.MqttService - Gespeichert - Temperatur Soll: 27.32
2026-07-10 10:17:54 [MQTT Call: paho140732367419] INFO  c.s.Seminar1.services.MqttService - Gespeichert - Wago750 Status: 128.0
2026-07-10 10:17:55 [MQTT Call: paho140732367419] INFO  c.s.Seminar1.services.MqttService - Gespeichert - Temperatur Soll: 27.33
2026-07-10 10:17:55 [MQTT Call: paho140732367419] INFO  c.s.Seminar1.services.MqttService - Gespeichert - Wago750 Status: 32768.0
2026-07-10 10:17:55 [MQTT Call: paho140732367419] INFO  c.s.Seminar1.services.MqttService - Gespeichert - Temperatur Differenz: -0.1
2026-07-10 10:17:56 [MQTT Call: paho140732367419] INFO  c.s.Seminar1.services.MqttService - Gespeichert - Wago750 Status: 16384.0
2026-07-10 10:17:57 [MQTT Call: paho140732367419] INFO  c.s.Seminar1.services.MqttService - Gespeichert - Wago750 Status: 8192.0
2026-07-10 10:17:58 [MQTT Call: paho140732367419] INFO  c.s.Seminar1.services.MqttService - Gespeichert - Wago750 Status: 4096.0
2026-07-10 10:17:59 [MQTT Call: paho140732367419] INFO  c.s.Seminar1.services.MqttService - Gespeichert - Wago750 Status: 2048.0
2026-07-10 10:17:59 [MQTT Call: paho140732367419] INFO  c.s.Seminar1.services.MqttService - Gespeichert - Wago750 Status: 1024.0
2026-07-10 10:18:00 [MQTT Call: paho140732367419] INFO  c.s.Seminar1.services.MqttService - Gespeichert - Temperatur Soll: 27.32
2026-07-10 10:18:00 [MQTT Call: paho140732367419] INFO  c.s.Seminar1.services.MqttService - Gespeichert - Temperatur Differenz: -0.09
2026-07-10 10:18:01 [MQTT Call: paho140732367419] INFO  c.s.Seminar1.services.MqttService - Gespeichert - Wago750 Status: 512.0
2026-07-10 10:18:01 [MQTT Call: paho140732367419] INFO  c.s.Seminar1.services.MqttService - Gespeichert - Temperatur Soll: 27.33
2026-07-10 10:18:01 [MQTT Call: paho140732367419] INFO  c.s.Seminar1.services.MqttService - Gespeichert - Temperatur Differenz: -0.1
2026-07-10 10:18:01 [MQTT Call: paho140732367419] INFO  c.s.Seminar1.services.MqttService - Gespeichert - Wago750 Control: 1
2026-07-10 10:18:02 [MQTT Call: paho140732367419] INFO  c.s.Seminar1.services.MqttService - Gespeichert - Wago750 Status: 65280.0
2026-07-10 10:18:02 [MQTT Call: paho140732367419] INFO  c.s.Seminar1.services.MqttService - Gespeichert - Wago750 Control: 0
2026-07-10 10:18:03 [MQTT Call: paho140732367419] INFO  c.s.Seminar1.services.MqttService - Gespeichert - Wago750 Status: 0.0
2026-07-10 10:18:03 [MQTT Call: paho140732367419] INFO  c.s.Seminar1.services.MqttService - Gespeichert - Wago750 Control: 1
2026-07-10 10:18:03 [MQTT Call: paho140732367419] INFO  c.s.Seminar1.services.MqttService - Gespeichert - Wago750 Status: 255.0
2026-07-10 10:18:05 [MQTT Call: paho140732367419] INFO  c.s.Seminar1.services.MqttService - Gespeichert - Wago750 Status: 65280.0
2026-07-10 10:18:05 [MQTT Call: paho140732367419] INFO  c.s.Seminar1.services.MqttService - Gespeichert - Temperatur Soll: 27.32
2026-07-10 10:18:05 [MQTT Call: paho140732367419] INFO  c.s.Seminar1.services.MqttService - Gespeichert - Temperatur Differenz: -0.09
2026-07-10 10:18:05 [MQTT Call: paho140732367419] INFO  c.s.Seminar1.services.MqttService - Gespeichert - Wago750 Status: 255.0
2026-07-10 10:18:06 [MQTT Call: paho140732367419] INFO  c.s.Seminar1.services.MqttService - Gespeichert - Temperatur Soll: 27.33
2026-07-10 10:18:06 [MQTT Call: paho140732367419] INFO  c.s.Seminar1.services.MqttService - Gespeichert - Temperatur Differenz: -0.1
2026-07-10 10:18:07 [MQTT Call: paho140732367419] INFO  c.s.Seminar1.services.MqttService - Gespeichert - Wago750 Status: 65280.0
2026-07-10 10:18:07 [MQTT Call: paho140732367419] INFO  c.s.Seminar1.services.MqttService - Gespeichert - Wago750 Status: 255.0
2026-07-10 10:18:09 [MQTT Call: paho140732367419] INFO  c.s.Seminar1.services.MqttService - Gespeichert - Wago750 Status: 65280.0
2026-07-10 10:18:09 [MQTT Call: paho140732367419] INFO  c.s.Seminar1.services.MqttService - Gespeichert - Wago750 Status: 255.0
2026-07-10 10:18:11 [MQTT Call: paho140732367419] INFO  c.s.Seminar1.services.MqttService - Gespeichert - Wago750 Status: 65280.0
2026-07-10 10:18:12 [MQTT Call: paho140732367419] INFO  c.s.Seminar1.services.MqttService - Gespeichert - Wago750 Status: 255.0
2026-07-10 10:18:13 [MQTT Call: paho140732367419] INFO  c.s.Seminar1.services.MqttService - Gespeichert - Wago750 Status: 65280.0
2026-07-10 10:18:14 [MQTT Call: paho140732367419] INFO  c.s.Seminar1.services.MqttService - Gespeichert - Wago750 Status: 255.0
2026-07-10 10:18:15 [MQTT Call: paho140732367419] INFO  c.s.Seminar1.services.MqttService - Gespeichert - Wago750 Status: 65280.0
2026-07-10 10:18:16 [MQTT Call: paho140732367419] INFO  c.s.Seminar1.services.MqttService - Gespeichert - Wago750 Status: 255.0
2026-07-10 10:18:17 [MQTT Call: paho140732367419] INFO  c.s.Seminar1.services.MqttService - Gespeichert - Wago750 Status: 65280.0
2026-07-10 10:18:18 [MQTT Call: paho140732367419] INFO  c.s.Seminar1.services.MqttService - Gespeichert - Wago750 Status: 255.0
2026-07-10 10:18:19 [MQTT Call: paho140732367419] INFO  c.s.Seminar1.services.MqttService - Gespeichert - Wago750 Status: 65280.0
2026-07-10 10:18:20 [MQTT Call: paho140732367419] INFO  c.s.Seminar1.services.MqttService - Gespeichert - Wago750 Status: 255.0
2026-07-10 10:18:21 [MQTT Call: paho140732367419] INFO  c.s.Seminar1.services.MqttService - Gespeichert - Wago750 Status: 65280.0
2026-07-10 10:18:22 [MQTT Call: paho140732367419] INFO  c.s.Seminar1.services.MqttService - Gespeichert - Wago750 Status: 255.0
2026-07-10 10:18:23 [MQTT Call: paho140732367419] INFO  c.s.Seminar1.services.MqttService - Gespeichert - Wago750 Status: 65280.0
2026-07-10 10:18:24 [MQTT Call: paho140732367419] INFO  c.s.Seminar1.services.MqttService - Gespeichert - Wago750 Status: 255.0
2026-07-10 10:18:25 [MQTT Call: paho140732367419] INFO  c.s.Seminar1.services.MqttService - Gespeichert - Wago750 Status: 65280.0
2026-07-10 10:18:26 [MQTT Call: paho140732367419] INFO  c.s.Seminar1.services.MqttService - Gespeichert - Wago750 Status: 255.0
2026-07-10 10:18:27 [MQTT Call: paho140732367419] INFO  c.s.Seminar1.services.MqttService - Gespeichert - Wago750 Status: 65280.0
2026-07-10 10:18:28 [MQTT Call: paho140732367419] INFO  c.s.Seminar1.services.MqttService - Gespeichert - Wago750 Status: 255.0
2026-07-10 10:18:29 [MQTT Call: paho140732367419] INFO  c.s.Seminar1.services.MqttService - Gespeichert - Wago750 Status: 65280.0
2026-07-10 10:18:30 [MQTT Call: paho140732367419] INFO  c.s.Seminar1.services.MqttService - Gespeichert - Wago750 Status: 255.0
2026-07-10 10:18:30 [MQTT Call: paho140732367419] INFO  c.s.Seminar1.services.MqttService - Gespeichert - Wago750 Status: 65280.0
2026-07-10 10:18:32 [MQTT Call: paho140732367419] INFO  c.s.Seminar1.services.MqttService - Gespeichert - Wago750 Status: 255.0
2026-07-10 10:18:33 [MQTT Call: paho140732367419] INFO  c.s.Seminar1.services.MqttService - Gespeichert - Wago750 Status: 65280.0
2026-07-10 10:18:35 [MQTT Call: paho140732367419] INFO  c.s.Seminar1.services.MqttService - Gespeichert - Wago750 Status: 255.0
2026-07-10 10:18:35 [MQTT Call: paho140732367419] INFO  c.s.Seminar1.services.MqttService - Gespeichert - Wago750 Status: 65280.0
2026-07-10 10:18:35 [MQTT Call: paho140732367419] INFO  c.s.Seminar1.services.MqttService - Gespeichert - Wago750 Status: 255.0
2026-07-10 10:18:37 [MQTT Call: paho140732367419] INFO  c.s.Seminar1.services.MqttService - Gespeichert - Wago750 Status: 65280.0
2026-07-10 10:18:38 [MQTT Call: paho140732367419] INFO  c.s.Seminar1.services.MqttService - Gespeichert - Wago750 Status: 255.0
2026-07-10 10:18:38 [MQTT Call: paho140732367419] INFO  c.s.Seminar1.services.MqttService - Gespeichert - Wago750 Status: 65280.0
2026-07-10 10:18:40 [MQTT Call: paho140732367419] INFO  c.s.Seminar1.services.MqttService - Gespeichert - Wago750 Status: 255.0
2026-07-10 10:18:41 [MQTT Call: paho140732367419] INFO  c.s.Seminar1.services.MqttService - Gespeichert - Wago750 Status: 65280.0
2026-07-10 10:18:42 [MQTT Call: paho140732367419] INFO  c.s.Seminar1.services.MqttService - Gespeichert - Wago750 Status: 255.0
2026-07-10 10:18:43 [MQTT Call: paho140732367419] INFO  c.s.Seminar1.services.MqttService - Gespeichert - Wago750 Status: 65280.0
2026-07-10 10:18:44 [MQTT Call: paho140732367419] INFO  c.s.Seminar1.services.MqttService - Gespeichert - Wago750 Status: 255.0
2026-07-10 10:18:45 [MQTT Call: paho140732367419] INFO  c.s.Seminar1.services.MqttService - Gespeichert - Wago750 Status: 65280.0
2026-07-10 10:18:46 [MQTT Call: paho140732367419] INFO  c.s.Seminar1.services.MqttService - Gespeichert - Wago750 Status: 255.0
2026-07-10 10:18:47 [MQTT Call: paho140732367419] INFO  c.s.Seminar1.services.MqttService - Gespeichert - Wago750 Status: 65280.0
2026-07-10 10:18:48 [MQTT Call: paho140732367419] INFO  c.s.Seminar1.services.MqttService - Gespeichert - Wago750 Status: 255.0
2026-07-10 10:18:49 [MQTT Call: paho140732367419] INFO  c.s.Seminar1.services.MqttService - Gespeichert - Wago750 Status: 65280.0
2026-07-10 10:18:50 [MQTT Call: paho140732367419] INFO  c.s.Seminar1.services.MqttService - Gespeichert - Wago750 Status: 255.0
2026-07-10 10:18:50 [MQTT Call: paho140732367419] INFO  c.s.Seminar1.services.MqttService - Gespeichert - Temperatur Differenz: -0.07
2026-07-10 10:18:50 [MQTT Call: paho140732367419] INFO  c.s.Seminar1.services.MqttService - Gespeichert - Temperatur Ist: 27.26
2026-07-10 10:18:51 [MQTT Call: paho140732367419] INFO  c.s.Seminar1.services.MqttService - Gespeichert - Wago750 Status: 65280.0
2026-07-10 10:18:51 [MQTT Call: paho140732367419] INFO  c.s.Seminar1.services.MqttService - Gespeichert - Temperatur Differenz: -0.1
2026-07-10 10:18:51 [MQTT Call: paho140732367419] INFO  c.s.Seminar1.services.MqttService - Gespeichert - Temperatur Ist: 27.23
2026-07-10 10:18:52 [MQTT Call: paho140732367419] INFO  c.s.Seminar1.services.MqttService - Gespeichert - Wago750 Status: 255.0
2026-07-10 10:18:52 [MQTT Call: paho140732367419] INFO  c.s.Seminar1.services.MqttService - Gespeichert - Temperatur Differenz: -0.07
2026-07-10 10:18:52 [MQTT Call: paho140732367419] INFO  c.s.Seminar1.services.MqttService - Gespeichert - Temperatur Ist: 27.26
2026-07-10 10:18:53 [MQTT Call: paho140732367419] INFO  c.s.Seminar1.services.MqttService - Gespeichert - Wago750 Status: 65280.0
2026-07-10 10:18:54 [MQTT Call: paho140732367419] INFO  c.s.Seminar1.services.MqttService - Gespeichert - Wago750 Status: 255.0
2026-07-10 10:18:55 [MQTT Call: paho140732367419] INFO  c.s.Seminar1.services.MqttService - Gespeichert - Wago750 Status: 65280.0
2026-07-10 10:18:56 [MQTT Call: paho140732367419] INFO  c.s.Seminar1.services.MqttService - Gespeichert - Wago750 Status: 255.0
2026-07-10 10:18:57 [MQTT Call: paho140732367419] INFO  c.s.Seminar1.services.MqttService - Gespeichert - Wago750 Status: 65280.0
2026-07-10 10:18:58 [MQTT Call: paho140732367419] INFO  c.s.Seminar1.services.MqttService - Gespeichert - Wago750 Status: 255.0
2026-07-10 10:18:59 [MQTT Call: paho140732367419] INFO  c.s.Seminar1.services.MqttService - Gespeichert - Wago750 Status: 65280.0
2026-07-10 10:19:00 [MQTT Call: paho140732367419] INFO  c.s.Seminar1.services.MqttService - Gespeichert - Wago750 Status: 255.0
2026-07-10 10:19:01 [MQTT Call: paho140732367419] INFO  c.s.Seminar1.services.MqttService - Gespeichert - Wago750 Status: 65280.0
2026-07-10 10:19:02 [MQTT Call: paho140732367419] INFO  c.s.Seminar1.services.MqttService - Gespeichert - Wago750 Status: 255.0
2026-07-10 10:19:03 [MQTT Call: paho140732367419] INFO  c.s.Seminar1.services.MqttService - Gespeichert - Wago750 Status: 65280.0
2026-07-10 10:19:06 [MQTT Call: paho140732367419] INFO  c.s.Seminar1.services.MqttService - Gespeichert - Wago750 Status: 255.0
2026-07-10 10:19:07 [MQTT Call: paho140732367419] INFO  c.s.Seminar1.services.MqttService - Gespeichert - Wago750 Status: 65280.0
2026-07-10 10:19:08 [MQTT Call: paho140732367419] INFO  c.s.Seminar1.services.MqttService - Gespeichert - Wago750 Status: 255.0
2026-07-10 10:19:08 [MQTT Call: paho140732367419] INFO  c.s.Seminar1.services.MqttService - Gespeichert - Wago750 Status: 65280.0
2026-07-10 10:19:10 [MQTT Call: paho140732367419] INFO  c.s.Seminar1.services.MqttService - Gespeichert - Wago750 Status: 255.0
2026-07-10 10:19:11 [MQTT Call: paho140732367419] INFO  c.s.Seminar1.services.MqttService - Gespeichert - Wago750 Status: 65280.0
2026-07-10 10:19:12 [MQTT Call: paho140732367419] INFO  c.s.Seminar1.services.MqttService - Gespeichert - Wago750 Status: 255.0
2026-07-10 10:19:13 [MQTT Call: paho140732367419] INFO  c.s.Seminar1.services.MqttService - Gespeichert - Wago750 Status: 65280.0
2026-07-10 10:19:14 [MQTT Call: paho140732367419] INFO  c.s.Seminar1.services.MqttService - Gespeichert - Wago750 Status: 255.0
2026-07-10 10:19:15 [MQTT Call: paho140732367419] INFO  c.s.Seminar1.services.MqttService - Gespeichert - Wago750 Status: 65280.0
2026-07-10 10:19:16 [MQTT Call: paho140732367419] INFO  c.s.Seminar1.services.MqttService - Gespeichert - Wago750 Status: 255.0
2026-07-10 10:19:17 [MQTT Call: paho140732367419] INFO  c.s.Seminar1.services.MqttService - Gespeichert - Wago750 Status: 65280.0
2026-07-10 10:19:18 [MQTT Call: paho140732367419] INFO  c.s.Seminar1.services.MqttService - Gespeichert - Wago750 Status: 255.0
2026-07-10 10:19:18 [MQTT Call: paho140732367419] INFO  c.s.Seminar1.services.MqttService - Gespeichert - Wago750 Control: 3
2026-07-10 10:19:19 [MQTT Call: paho140732367419] INFO  c.s.Seminar1.services.MqttService - Gespeichert - Wago750 Status: 9252.0
2026-07-10 10:19:20 [MQTT Call: paho140732367419] INFO  c.s.Seminar1.services.MqttService - Gespeichert - Wago750 Status: 6168.0
2026-07-10 10:19:21 [MQTT Call: paho140732367419] INFO  c.s.Seminar1.services.MqttService - Gespeichert - Wago750 Status: 9252.0
2026-07-10 10:19:21 [MQTT Call: paho140732367419] INFO  c.s.Seminar1.services.MqttService - Gespeichert - Temperatur Soll: 27.36
2026-07-10 10:19:21 [MQTT Call: paho140732367419] INFO  c.s.Seminar1.services.MqttService - Gespeichert - Temperatur Differenz: -0.1
2026-07-10 10:19:22 [MQTT Call: paho140732367419] INFO  c.s.Seminar1.services.MqttService - Gespeichert - Wago750 Status: 16962.0
2026-07-10 10:19:22 [MQTT Call: paho140732367419] INFO  c.s.Seminar1.services.MqttService - Gespeichert - Temperatur Soll: 27.33
2026-07-10 10:19:22 [MQTT Call: paho140732367419] INFO  c.s.Seminar1.services.MqttService - Gespeichert - Temperatur Differenz: -0.07
2026-07-10 10:19:23 [MQTT Call: paho140732367419] INFO  c.s.Seminar1.services.MqttService - Gespeichert - Wago750 Status: 33153.0
2026-07-10 10:19:24 [MQTT Call: paho140732367419] INFO  c.s.Seminar1.services.MqttService - Gespeichert - Wago750 Status: 16962.0
2026-07-10 10:19:25 [MQTT Call: paho140732367419] INFO  c.s.Seminar1.services.MqttService - Gespeichert - Wago750 Status: 9252.0
2026-07-10 10:19:26 [MQTT Call: paho140732367419] INFO  c.s.Seminar1.services.MqttService - Gespeichert - Wago750 Status: 6168.0
2026-07-10 10:19:26 [MQTT Call: paho140732367419] INFO  c.s.Seminar1.services.MqttService - Gespeichert - Temperatur Soll: 27.36
2026-07-10 10:19:27 [MQTT Call: paho140732367419] INFO  c.s.Seminar1.services.MqttService - Gespeichert - Wago750 Status: 9252.0
2026-07-10 10:19:27 [MQTT Call: paho140732367419] INFO  c.s.Seminar1.services.MqttService - Gespeichert - Temperatur Soll: 27.33
2026-07-10 10:19:28 [MQTT Call: paho140732367419] INFO  c.s.Seminar1.services.MqttService - Gespeichert - Wago750 Status: 16962.0
2026-07-10 10:19:28 [MQTT Call: paho140732367419] INFO  c.s.Seminar1.services.MqttService - Gespeichert - Temperatur Soll: 27.36
2026-07-10 10:19:28 [MQTT Call: paho140732367419] INFO  c.s.Seminar1.services.MqttService - Gespeichert - Temperatur Differenz: -0.1
2026-07-10 10:19:29 [MQTT Call: paho140732367419] INFO  c.s.Seminar1.services.MqttService - Gespeichert - Wago750 Status: 33153.0
2026-07-10 10:19:30 [MQTT Call: paho140732367419] INFO  c.s.Seminar1.services.MqttService - Gespeichert - Wago750 Status: 16962.0
2026-07-10 10:19:31 [MQTT Call: paho140732367419] INFO  c.s.Seminar1.services.MqttService - Gespeichert - Wago750 Status: 9252.0
2026-07-10 10:19:32 [MQTT Call: paho140732367419] INFO  c.s.Seminar1.services.MqttService - Gespeichert - Wago750 Status: 6168.0
2026-07-10 10:19:33 [MQTT Call: paho140732367419] INFO  c.s.Seminar1.services.MqttService - Gespeichert - Wago750 Status: 9252.0
2026-07-10 10:19:34 [MQTT Call: paho140732367419] INFO  c.s.Seminar1.services.MqttService - Gespeichert - Wago750 Status: 16962.0
2026-07-10 10:19:34 [MQTT Call: paho140732367419] INFO  c.s.Seminar1.services.MqttService - Gespeichert - Wago750 Status: 33153.0
2026-07-10 10:19:36 [MQTT Call: paho140732367419] INFO  c.s.Seminar1.services.MqttService - Gespeichert - Wago750 Status: 16962.0
2026-07-10 10:19:37 [MQTT Call: paho140732367419] INFO  c.s.Seminar1.services.MqttService - Gespeichert - Wago750 Status: 9252.0
2026-07-10 10:19:37 [MQTT Call: paho140732367419] INFO  c.s.Seminar1.services.MqttService - Gespeichert - Wago750 Status: 6168.0
2026-07-10 10:19:38 [MQTT Call: paho140732367419] INFO  c.s.Seminar1.services.MqttService - Gespeichert - Wago750 Status: 9252.0
2026-07-10 10:19:40 [MQTT Call: paho140732367419] INFO  c.s.Seminar1.services.MqttService - Gespeichert - Wago750 Status: 16962.0
2026-07-10 10:19:41 [MQTT Call: paho140732367419] INFO  c.s.Seminar1.services.MqttService - Gespeichert - Wago750 Status: 33153.0
2026-07-10 10:19:42 [MQTT Call: paho140732367419] INFO  c.s.Seminar1.services.MqttService - Gespeichert - Wago750 Status: 16962.0
2026-07-10 10:19:43 [MQTT Call: paho140732367419] INFO  c.s.Seminar1.services.MqttService - Gespeichert - Wago750 Status: 9252.0
2026-07-10 10:19:44 [MQTT Call: paho140732367419] INFO  c.s.Seminar1.services.MqttService - Gespeichert - Wago750 Status: 6168.0
2026-07-10 10:19:45 [MQTT Call: paho140732367419] INFO  c.s.Seminar1.services.MqttService - Gespeichert - Wago750 Status: 9252.0
2026-07-10 10:19:46 [MQTT Call: paho140732367419] INFO  c.s.Seminar1.services.MqttService - Gespeichert - Wago750 Status: 16962.0
2026-07-10 10:19:47 [MQTT Call: paho140732367419] INFO  c.s.Seminar1.services.MqttService - Gespeichert - Wago750 Status: 33153.0
2026-07-10 10:19:48 [MQTT Call: paho140732367419] INFO  c.s.Seminar1.services.MqttService - Gespeichert - Wago750 Status: 16962.0
2026-07-10 10:19:49 [MQTT Call: paho140732367419] INFO  c.s.Seminar1.services.MqttService - Gespeichert - Wago750 Status: 9252.0
2026-07-10 10:19:50 [MQTT Call: paho140732367419] INFO  c.s.Seminar1.services.MqttService - Gespeichert - Wago750 Status: 6168.0
2026-07-10 10:19:51 [MQTT Call: paho140732367419] INFO  c.s.Seminar1.services.MqttService - Gespeichert - Wago750 Status: 9252.0
2026-07-10 10:19:52 [MQTT Call: paho140732367419] INFO  c.s.Seminar1.services.MqttService - Gespeichert - Wago750 Status: 16962.0
2026-07-10 10:19:53 [MQTT Call: paho140732367419] INFO  c.s.Seminar1.services.MqttService - Gespeichert - Wago750 Status: 33153.0
2026-07-10 10:19:54 [MQTT Call: paho140732367419] INFO  c.s.Seminar1.services.MqttService - Gespeichert - Wago750 Status: 16962.0
2026-07-10 10:19:55 [MQTT Call: paho140732367419] INFO  c.s.Seminar1.services.MqttService - Gespeichert - Wago750 Status: 9252.0
2026-07-10 10:19:56 [MQTT Call: paho140732367419] INFO  c.s.Seminar1.services.MqttService - Gespeichert - Wago750 Status: 6168.0
2026-07-10 10:19:56 [MQTT Call: paho140732367419] INFO  c.s.Seminar1.services.MqttService - Gespeichert - Temperatur Differenz: -0.08
2026-07-10 10:19:56 [MQTT Call: paho140732367419] INFO  c.s.Seminar1.services.MqttService - Gespeichert - Temperatur Ist: 27.28
2026-07-10 10:19:57 [MQTT Call: paho140732367419] INFO  c.s.Seminar1.services.MqttService - Gespeichert - Wago750 Status: 9252.0
2026-07-10 10:19:58 [MQTT Call: paho140732367419] INFO  c.s.Seminar1.services.MqttService - Gespeichert - Wago750 Status: 16962.0
2026-07-10 10:19:59 [MQTT Call: paho140732367419] INFO  c.s.Seminar1.services.MqttService - Gespeichert - Wago750 Status: 33153.0
2026-07-10 10:20:00 [MQTT Call: paho140732367419] INFO  c.s.Seminar1.services.MqttService - Gespeichert - Wago750 Status: 16962.0
2026-07-10 10:20:00 [MQTT Call: paho140732367419] INFO  c.s.Seminar1.services.MqttService - Gespeichert - Temperatur Differenz: -0.1
2026-07-10 10:20:00 [MQTT Call: paho140732367419] INFO  c.s.Seminar1.services.MqttService - Gespeichert - Temperatur Ist: 27.26
2026-07-10 10:20:01 [MQTT Call: paho140732367419] INFO  c.s.Seminar1.services.MqttService - Gespeichert - Wago750 Status: 9252.0
2026-07-10 10:20:01 [MQTT Call: paho140732367419] INFO  c.s.Seminar1.services.MqttService - Gespeichert - Temperatur Differenz: -0.08
2026-07-10 10:20:01 [MQTT Call: paho140732367419] INFO  c.s.Seminar1.services.MqttService - Gespeichert - Temperatur Ist: 27.28
2026-07-10 10:20:02 [MQTT Call: paho140732367419] INFO  c.s.Seminar1.services.MqttService - Gespeichert - Wago750 Status: 6168.0
2026-07-10 10:20:03 [MQTT Call: paho140732367419] INFO  c.s.Seminar1.services.MqttService - Gespeichert - Wago750 Status: 9252.0
2026-07-10 10:20:03 [MQTT Call: paho140732367419] INFO  c.s.Seminar1.services.MqttService - Gespeichert - Wago750 Status: 16962.0
2026-07-10 10:20:05 [MQTT Call: paho140732367419] INFO  c.s.Seminar1.services.MqttService - Gespeichert - Wago750 Status: 33153.0
2026-07-10 10:20:06 [MQTT Call: paho140732367419] INFO  c.s.Seminar1.services.MqttService - Gespeichert - Wago750 Status: 16962.0
2026-07-10 10:20:07 [MQTT Call: paho140732367419] INFO  c.s.Seminar1.services.MqttService - Gespeichert - Wago750 Status: 9252.0
2026-07-10 10:20:07 [MQTT Call: paho140732367419] INFO  c.s.Seminar1.services.MqttService - Gespeichert - Wago750 Status: 6168.0
2026-07-10 10:20:09 [MQTT Call: paho140732367419] INFO  c.s.Seminar1.services.MqttService - Gespeichert - Wago750 Status: 9252.0
2026-07-10 10:20:10 [MQTT Call: paho140732367419] INFO  c.s.Seminar1.services.MqttService - Gespeichert - Wago750 Status: 16962.0
2026-07-10 10:20:11 [MQTT Call: paho140732367419] INFO  c.s.Seminar1.services.MqttService - Gespeichert - Wago750 Status: 33153.0
2026-07-10 10:20:12 [MQTT Call: paho140732367419] INFO  c.s.Seminar1.services.MqttService - Gespeichert - Wago750 Status: 16962.0
2026-07-10 10:20:13 [MQTT Call: paho140732367419] INFO  c.s.Seminar1.services.MqttService - Gespeichert - Wago750 Status: 9252.0
2026-07-10 10:20:14 [MQTT Call: paho140732367419] INFO  c.s.Seminar1.services.MqttService - Gespeichert - Wago750 Status: 6168.0
2026-07-10 10:20:15 [MQTT Call: paho140732367419] INFO  c.s.Seminar1.services.MqttService - Gespeichert - Wago750 Status: 9252.0
2026-07-10 10:20:16 [MQTT Call: paho140732367419] INFO  c.s.Seminar1.services.MqttService - Gespeichert - Wago750 Status: 16962.0
2026-07-10 10:20:17 [MQTT Call: paho140732367419] INFO  c.s.Seminar1.services.MqttService - Gespeichert - Wago750 Status: 33153.0
2026-07-10 10:20:18 [MQTT Call: paho140732367419] INFO  c.s.Seminar1.services.MqttService - Gespeichert - Wago750 Status: 16962.0
2026-07-10 10:20:20 [MQTT Call: paho140732367419] INFO  c.s.Seminar1.services.MqttService - Gespeichert - Wago750 Status: 6168.0
2026-07-10 10:20:20 [MQTT Call: paho140732367419] INFO  c.s.Seminar1.services.MqttService - Gespeichert - Temperatur Soll: 27.38
2026-07-10 10:20:20 [MQTT Call: paho140732367419] INFO  c.s.Seminar1.services.MqttService - Gespeichert - Temperatur Differenz: -0.1
2026-07-10 10:20:20 [MQTT Call: paho140732367419] INFO  c.s.Seminar1.services.MqttService - Gespeichert - Wago750 Control: 2
2026-07-10 10:20:21 [MQTT Call: paho140732367419] INFO  c.s.Seminar1.services.MqttService - Gespeichert - Wago750 Status: 1.0
2026-07-10 10:20:22 [MQTT Call: paho140732367419] INFO  c.s.Seminar1.services.MqttService - Gespeichert - Wago750 Status: 2.0
2026-07-10 10:20:23 [MQTT Call: paho140732367419] INFO  c.s.Seminar1.services.MqttService - Gespeichert - Wago750 Status: 4.0
2026-07-10 10:20:24 [MQTT Call: paho140732367419] INFO  c.s.Seminar1.services.MqttService - Gespeichert - Wago750 Status: 8.0
2026-07-10 10:20:25 [MQTT Call: paho140732367419] INFO  c.s.Seminar1.services.MqttService - Gespeichert - Wago750 Status: 16.0
2026-07-10 10:20:26 [MQTT Call: paho140732367419] INFO  c.s.Seminar1.services.MqttService - Gespeichert - Wago750 Status: 32.0
2026-07-10 10:20:27 [MQTT Call: paho140732367419] INFO  c.s.Seminar1.services.MqttService - Gespeichert - Wago750 Status: 64.0
2026-07-10 10:20:28 [MQTT Call: paho140732367419] INFO  c.s.Seminar1.services.MqttService - Gespeichert - Wago750 Status: 128.0
2026-07-10 10:20:29 [MQTT Call: paho140732367419] INFO  c.s.Seminar1.services.MqttService - Gespeichert - Wago750 Status: 32768.0
2026-07-10 10:20:30 [MQTT Call: paho140732367419] INFO  c.s.Seminar1.services.MqttService - Gespeichert - Wago750 Status: 16384.0
2026-07-10 10:20:30 [MQTT Call: paho140732367419] INFO  c.s.Seminar1.services.MqttService - Gespeichert - Wago750 Status: 8192.0
2026-07-10 10:20:31 [MQTT Call: paho140732367419] INFO  c.s.Seminar1.services.MqttService - Gespeichert - Wago750 Status: 4096.0
2026-07-10 10:20:32 [MQTT Call: paho140732367419] INFO  c.s.Seminar1.services.MqttService - Gespeichert - Wago750 Status: 2048.0
2026-07-10 10:20:33 [MQTT Call: paho140732367419] INFO  c.s.Seminar1.services.MqttService - Gespeichert - Wago750 Status: 1024.0
2026-07-10 10:20:35 [MQTT Call: paho140732367419] INFO  c.s.Seminar1.services.MqttService - Gespeichert - Wago750 Status: 512.0
2026-07-10 10:20:35 [MQTT Call: paho140732367419] INFO  c.s.Seminar1.services.MqttService - Gespeichert - Wago750 Status: 256.0
2026-07-10 10:20:36 [MQTT Call: paho140732367419] INFO  c.s.Seminar1.services.MqttService - Gespeichert - Wago750 Status: 1.0
2026-07-10 10:20:37 [MQTT Call: paho140732367419] INFO  c.s.Seminar1.services.MqttService - Gespeichert - Wago750 Control: 0
2026-07-10 10:20:37 [MQTT Call: paho140732367419] INFO  c.s.Seminar1.services.MqttService - Gespeichert - Wago750 Status: 0.0
2026-07-10 10:20:44 [MQTT Call: paho140732367419] INFO  c.s.Seminar1.services.MqttService - Gespeichert - Temperatur Differenz: -0.07
2026-07-10 10:20:44 [MQTT Call: paho140732367419] INFO  c.s.Seminar1.services.MqttService - Gespeichert - Temperatur Ist: 27.31
2026-07-10 10:20:48 [MQTT Call: paho140732367419] INFO  c.s.Seminar1.services.MqttService - Gespeichert - Temperatur Differenz: -0.1
2026-07-10 10:20:48 [MQTT Call: paho140732367419] INFO  c.s.Seminar1.services.MqttService - Gespeichert - Temperatur Ist: 27.28
2026-07-10 10:20:49 [MQTT Call: paho140732367419] INFO  c.s.Seminar1.services.MqttService - Gespeichert - Temperatur Differenz: -0.07
2026-07-10 10:20:49 [MQTT Call: paho140732367419] INFO  c.s.Seminar1.services.MqttService - Gespeichert - Temperatur Ist: 27.31
2026-07-10 10:20:54 [MQTT Call: paho140732367419] INFO  c.s.Seminar1.services.MqttService - Gespeichert - Temperatur Soll: 27.39
2026-07-10 10:20:54 [MQTT Call: paho140732367419] INFO  c.s.Seminar1.services.MqttService - Gespeichert - Temperatur Differenz: -0.08
2026-07-10 10:20:55 [MQTT Call: paho140732367419] INFO  c.s.Seminar1.services.MqttService - Gespeichert - Temperatur Soll: 27.38
2026-07-10 10:20:55 [MQTT Call: paho140732367419] INFO  c.s.Seminar1.services.MqttService - Gespeichert - Temperatur Differenz: -0.07
2026-07-10 10:20:56 [MQTT Call: paho140732367419] INFO  c.s.Seminar1.services.MqttService - Gespeichert - Temperatur Soll: 27.39
2026-07-10 10:20:56 [MQTT Call: paho140732367419] INFO  c.s.Seminar1.services.MqttService - Gespeichert - Temperatur Differenz: -0.08
2026-07-10 10:21:03 [MQTT Call: paho140732367419] INFO  c.s.Seminar1.services.MqttService - Gespeichert - Wago750 Control: 1
2026-07-10 10:21:03 [MQTT Call: paho140732367419] INFO  c.s.Seminar1.services.MqttService - Gespeichert - Wago750 Status: 65280.0
2026-07-10 10:21:04 [MQTT Call: paho140732367419] INFO  c.s.Seminar1.services.MqttService - Gespeichert - Wago750 Status: 255.0
2026-07-10 10:21:05 [MQTT Call: paho140732367419] INFO  c.s.Seminar1.services.MqttService - Gespeichert - Wago750 Status: 65280.0
2026-07-10 10:21:06 [MQTT Call: paho140732367419] INFO  c.s.Seminar1.services.MqttService - Gespeichert - Wago750 Status: 255.0
2026-07-10 10:21:07 [MQTT Call: paho140732367419] INFO  c.s.Seminar1.services.MqttService - Gespeichert - Wago750 Status: 65280.0
2026-07-10 10:21:08 [MQTT Call: paho140732367419] INFO  c.s.Seminar1.services.MqttService - Gespeichert - Wago750 Status: 255.0
2026-07-10 10:21:10 [MQTT Call: paho140732367419] INFO  c.s.Seminar1.services.MqttService - Gespeichert - Wago750 Status: 65280.0
2026-07-10 10:21:11 [MQTT Call: paho140732367419] INFO  c.s.Seminar1.services.MqttService - Gespeichert - Wago750 Status: 255.0
2026-07-10 10:21:12 [MQTT Call: paho140732367419] INFO  c.s.Seminar1.services.MqttService - Gespeichert - Wago750 Status: 65280.0
2026-07-10 10:21:13 [MQTT Call: paho140732367419] INFO  c.s.Seminar1.services.MqttService - Gespeichert - Wago750 Status: 255.0
2026-07-10 10:21:14 [MQTT Call: paho140732367419] INFO  c.s.Seminar1.services.MqttService - Gespeichert - Wago750 Status: 65280.0
2026-07-10 10:21:15 [MQTT Call: paho140732367419] INFO  c.s.Seminar1.services.MqttService - Gespeichert - Wago750 Status: 255.0
2026-07-10 10:21:16 [MQTT Call: paho140732367419] INFO  c.s.Seminar1.services.MqttService - Gespeichert - Wago750 Status: 65280.0
2026-07-10 10:21:16 [MQTT Call: paho140732367419] INFO  c.s.Seminar1.services.MqttService - Gespeichert - Wago750 Control: 2
2026-07-10 10:21:17 [MQTT Call: paho140732367419] INFO  c.s.Seminar1.services.MqttService - Gespeichert - Wago750 Status: 2.0
2026-07-10 10:21:18 [MQTT Call: paho140732367419] INFO  c.s.Seminar1.services.MqttService - Gespeichert - Wago750 Status: 4.0
2026-07-10 10:21:19 [MQTT Call: paho140732367419] INFO  c.s.Seminar1.services.MqttService - Gespeichert - Wago750 Status: 8.0
2026-07-10 10:21:20 [MQTT Call: paho140732367419] INFO  c.s.Seminar1.services.MqttService - Gespeichert - Wago750 Status: 16.0
2026-07-10 10:21:21 [MQTT Call: paho140732367419] INFO  c.s.Seminar1.services.MqttService - Gespeichert - Wago750 Status: 32.0
2026-07-10 10:21:22 [MQTT Call: paho140732367419] INFO  c.s.Seminar1.services.MqttService - Gespeichert - Wago750 Status: 64.0
2026-07-10 10:21:23 [MQTT Call: paho140732367419] INFO  c.s.Seminar1.services.MqttService - Gespeichert - Wago750 Status: 128.0
2026-07-10 10:21:23 [MQTT Call: paho140732367419] INFO  c.s.Seminar1.services.MqttService - Gespeichert - Wago750 Control: 3
2026-07-10 10:21:24 [MQTT Call: paho140732367419] INFO  c.s.Seminar1.services.MqttService - Gespeichert - Wago750 Status: 16962.0
2026-07-10 10:21:25 [MQTT Call: paho140732367419] INFO  c.s.Seminar1.services.MqttService - Gespeichert - Wago750 Status: 33153.0
2026-07-10 10:21:26 [MQTT Call: paho140732367419] INFO  c.s.Seminar1.services.MqttService - Gespeichert - Wago750 Status: 16962.0
2026-07-10 10:21:27 [MQTT Call: paho140732367419] INFO  c.s.Seminar1.services.MqttService - Gespeichert - Wago750 Status: 9252.0
2026-07-10 10:21:27 [MQTT Call: paho140732367419] INFO  c.s.Seminar1.services.MqttService - Gespeichert - Temperatur Differenz: -0.07
2026-07-10 10:21:27 [MQTT Call: paho140732367419] INFO  c.s.Seminar1.services.MqttService - Gespeichert - Temperatur Ist: 27.32
2026-07-10 10:21:28 [MQTT Call: paho140732367419] INFO  c.s.Seminar1.services.MqttService - Gespeichert - Wago750 Status: 6168.0
2026-07-10 10:21:29 [MQTT Call: paho140732367419] INFO  c.s.Seminar1.services.MqttService - Gespeichert - Wago750 Status: 9252.0
2026-07-10 10:21:30 [MQTT Call: paho140732367419] INFO  c.s.Seminar1.services.MqttService - Gespeichert - Wago750 Status: 16962.0
2026-07-10 10:21:30 [MQTT Call: paho140732367419] INFO  c.s.Seminar1.services.MqttService - Gespeichert - Temperatur Differenz: -0.08
2026-07-10 10:21:30 [MQTT Call: paho140732367419] INFO  c.s.Seminar1.services.MqttService - Gespeichert - Temperatur Ist: 27.31
2026-07-10 10:21:30 [MQTT Call: paho140732367419] INFO  c.s.Seminar1.services.MqttService - Gespeichert - Wago750 Status: 33153.0
2026-07-10 10:21:31 [MQTT Call: paho140732367419] INFO  c.s.Seminar1.services.MqttService - Gespeichert - Temperatur Differenz: -0.07
2026-07-10 10:21:31 [MQTT Call: paho140732367419] INFO  c.s.Seminar1.services.MqttService - Gespeichert - Temperatur Ist: 27.32
2026-07-10 10:21:31 [MQTT Call: paho140732367419] INFO  c.s.Seminar1.services.MqttService - Gespeichert - Wago750 Status: 16962.0
2026-07-10 10:21:32 [MQTT Call: paho140732367419] INFO  c.s.Seminar1.services.MqttService - Gespeichert - Wago750 Status: 9252.0
2026-07-10 10:21:33 [MQTT Call: paho140732367419] INFO  c.s.Seminar1.services.MqttService - Gespeichert - Wago750 Status: 6168.0
2026-07-10 10:21:34 [MQTT Call: paho140732367419] INFO  c.s.Seminar1.services.MqttService - Gespeichert - Wago750 Control: 0
2026-07-10 10:21:34 [MQTT Call: paho140732367419] INFO  c.s.Seminar1.services.MqttService - Gespeichert - Wago750 Status: 0.0
2026-07-10 10:21:48 [MQTT Call: paho140732367419] INFO  c.s.Seminar1.services.MqttService - Gespeichert - Temperatur Soll: 27.42
2026-07-10 10:21:48 [MQTT Call: paho140732367419] INFO  c.s.Seminar1.services.MqttService - Gespeichert - Temperatur Differenz: -0.1
2026-07-10 10:21:49 [MQTT Call: paho140732367419] INFO  c.s.Seminar1.services.MqttService - Gespeichert - Temperatur Soll: 27.39
2026-07-10 10:21:49 [MQTT Call: paho140732367419] INFO  c.s.Seminar1.services.MqttService - Gespeichert - Temperatur Differenz: -0.07
2026-07-10 10:21:50 [MQTT Call: paho140732367419] INFO  c.s.Seminar1.services.MqttService - Gespeichert - Temperatur Soll: 27.42
2026-07-10 10:21:51 [MQTT Call: paho140732367419] INFO  c.s.Seminar1.services.MqttService - Gespeichert - Temperatur Soll: 27.39
2026-07-10 10:21:52 [MQTT Call: paho140732367419] INFO  c.s.Seminar1.services.MqttService - Gespeichert - Temperatur Soll: 27.42
2026-07-10 10:21:52 [MQTT Call: paho140732367419] INFO  c.s.Seminar1.services.MqttService - Gespeichert - Temperatur Differenz: -0.1
2026-07-10 10:21:54 [MQTT Call: paho140732367419] INFO  c.s.Seminar1.services.MqttService - Gespeichert - Temperatur Soll: 27.39
2026-07-10 10:21:55 [MQTT Call: paho140732367419] INFO  c.s.Seminar1.services.MqttService - Gespeichert - Temperatur Soll: 27.42
2026-07-10 10:21:57 [MQTT Call: paho140732367419] INFO  c.s.Seminar1.services.MqttService - Gespeichert - Temperatur Soll: 27.39
2026-07-10 10:21:57 [MQTT Call: paho140732367419] INFO  c.s.Seminar1.services.MqttService - Gespeichert - Temperatur Differenz: -0.07
2026-07-10 10:21:58 [MQTT Call: paho140732367419] INFO  c.s.Seminar1.services.MqttService - Gespeichert - Temperatur Soll: 27.42
2026-07-10 10:21:58 [MQTT Call: paho140732367419] INFO  c.s.Seminar1.services.MqttService - Gespeichert - Temperatur Differenz: -0.1
2026-07-10 10:22:04 [MQTT Call: paho140732367419] INFO  c.s.Seminar1.services.MqttService - Gespeichert - Temperatur Soll: 27.39
2026-07-10 10:22:04 [MQTT Call: paho140732367419] INFO  c.s.Seminar1.services.MqttService - Gespeichert - Temperatur Differenz: -0.07
2026-07-10 10:22:05 [MQTT Call: paho140732367419] INFO  c.s.Seminar1.services.MqttService - Gespeichert - Temperatur Soll: 27.42
2026-07-10 10:22:05 [MQTT Call: paho140732367419] INFO  c.s.Seminar1.services.MqttService - Gespeichert - Temperatur Differenz: -0.1
2026-07-10 10:22:08 [MQTT Call: paho140732367419] INFO  c.s.Seminar1.services.MqttService - Gespeichert - Temperatur Soll: 27.39
2026-07-10 10:22:09 [MQTT Call: paho140732367419] INFO  c.s.Seminar1.services.MqttService - Gespeichert - Temperatur Soll: 27.42
2026-07-10 10:22:15 [MQTT Call: paho140732367419] INFO  c.s.Seminar1.services.MqttService - Gespeichert - Temperatur Soll: 27.39
2026-07-10 10:22:15 [MQTT Call: paho140732367419] INFO  c.s.Seminar1.services.MqttService - Gespeichert - Temperatur Differenz: -0.07
2026-07-10 10:22:16 [MQTT Call: paho140732367419] INFO  c.s.Seminar1.services.MqttService - Gespeichert - Temperatur Soll: 27.42
2026-07-10 10:22:17 [MQTT Call: paho140732367419] INFO  c.s.Seminar1.services.MqttService - Gespeichert - Temperatur Differenz: -0.1
2026-07-10 10:22:19 [MQTT Call: paho140732367419] INFO  c.s.Seminar1.services.MqttService - Gespeichert - Temperatur Differenz: -0.07
2026-07-10 10:22:20 [MQTT Call: paho140732367419] INFO  c.s.Seminar1.services.MqttService - Gespeichert - Temperatur Differenz: -0.09
2026-07-10 10:22:20 [MQTT Call: paho140732367419] INFO  c.s.Seminar1.services.MqttService - Gespeichert - Temperatur Ist: 27.33
2026-07-10 10:22:21 [MQTT Call: paho140732367419] INFO  c.s.Seminar1.services.MqttService - Gespeichert - Temperatur Differenz: -0.1
2026-07-10 10:22:21 [MQTT Call: paho140732367419] INFO  c.s.Seminar1.services.MqttService - Gespeichert - Temperatur Ist: 27.32
2026-07-10 10:22:23 [MQTT Call: paho140732367419] INFO  c.s.Seminar1.services.MqttService - Gespeichert - Temperatur Differenz: -0.09
2026-07-10 10:22:23 [MQTT Call: paho140732367419] INFO  c.s.Seminar1.services.MqttService - Gespeichert - Temperatur Ist: 27.33
2026-07-10 10:22:33 [MQTT Rec: paho140732367419] WARN  c.s.Seminar1.services.MqttService - MQTT-Verbindung unterbrochen: Connection lost
2026-07-10 10:23:58 [SpringApplicationShutdownHook] INFO  o.s.boot.tomcat.GracefulShutdown - Commencing graceful shutdown. Waiting for active requests to complete
2026-07-10 10:23:58 [tomcat-shutdown] INFO  o.s.boot.tomcat.GracefulShutdown - Graceful shutdown complete
2026-07-10 10:24:18 [background-preinit] INFO  o.h.validator.internal.util.Version - HV000001: Hibernate Validator 9.0.1.Final
2026-07-10 10:24:19 [main] INFO  c.s.Seminar1.SeminarTeil1Application - Starting SeminarTeil1Application v0.0.1-SNAPSHOT using Java 17.0.19 with PID 1 (/app.jar started by root in /)
2026-07-10 10:24:19 [main] INFO  c.s.Seminar1.SeminarTeil1Application - No active profile set, falling back to 1 default profile: "default"
2026-07-10 10:24:20 [main] INFO  o.s.d.r.c.RepositoryConfigurationDelegate - Bootstrapping Spring Data MongoDB repositories in DEFAULT mode.
2026-07-10 10:24:20 [main] INFO  o.s.d.r.c.RepositoryConfigurationDelegate - Finished Spring Data repository scanning in 19 ms. Found 0 MongoDB repository interfaces.
2026-07-10 10:24:20 [main] INFO  o.s.boot.tomcat.TomcatWebServer - Tomcat initialized with port 80 (http)
2026-07-10 10:24:21 [main] INFO  o.a.coyote.http11.Http11NioProtocol - Initializing ProtocolHandler ["http-nio-80"]
2026-07-10 10:24:21 [main] INFO  o.a.catalina.core.StandardService - Starting service [Tomcat]
2026-07-10 10:24:21 [main] INFO  o.a.catalina.core.StandardEngine - Starting Servlet engine: [Apache Tomcat/11.0.21]
2026-07-10 10:24:21 [main] INFO  o.s.b.w.c.s.WebApplicationContextInitializer - Root WebApplicationContext: initialization completed in 1882 ms
2026-07-10 10:24:21 [main] INFO  i.m.c.i.push.PushMeterRegistry - publishing metrics for InfluxMeterRegistry every 15s
2026-07-10 10:24:21 [main] INFO  i.m.influx.InfluxMeterRegistry - Using InfluxDB API version V1 to write metrics
2026-07-10 10:24:21 [main] INFO  org.mongodb.driver.client - MongoClient with metadata {"driver": {"name": "mongo-java-driver|spring-boot|sync", "version": "5.6.5"}, "os": {"type": "Linux", "name": "Linux", "architecture": "amd64", "version": "5.15.153.1-microsoft-standard-WSL2"}, "platform": "Java/Eclipse Adoptium/17.0.19+10", "env": {"container": {"runtime": "docker"}}} created with settings MongoClientSettings{readPreference=primary, writeConcern=WriteConcern{w=null, wTimeout=null ms, journal=null}, retryWrites=true, retryReads=true, readConcern=ReadConcern{level=null}, credential=null, transportSettings=null, commandListeners=[io.micrometer.core.instrument.binder.mongodb.MongoMetricsCommandListener@dbed7fd], codecRegistry=ProvidersCodecRegistry{codecProviders=[ValueCodecProvider{}, BsonValueCodecProvider{}, DBRefCodecProvider{}, DBObjectCodecProvider{}, DocumentCodecProvider{}, CollectionCodecProvider{}, IterableCodecProvider{}, MapCodecProvider{}, GeoJsonCodecProvider{}, GridFSFileCodecProvider{}, Jsr310CodecProvider{}, JsonObjectCodecProvider{}, BsonCodecProvider{}, com.mongodb.client.model.mql.ExpressionCodecProvider@250d440, com.mongodb.Jep395RecordCodecProvider@76c86567, com.mongodb.KotlinCodecProvider@7e5efcab, EnumCodecProvider{}]}, loggerSettings=LoggerSettings{maxDocumentLength=1000}, clusterSettings={hosts=[mongodb:27017], srvServiceName=mongodb, mode=SINGLE, requiredClusterType=UNKNOWN, requiredReplicaSetName='null', serverSelector='null', clusterListeners='[]', serverSelectionTimeout='30000 ms', localThreshold='15 ms'}, socketSettings=SocketSettings{connectTimeoutMS=10000, readTimeoutMS=0, receiveBufferSize=0, proxySettings=ProxySettings{host=null, port=null, username=null, password=null}}, heartbeatSocketSettings=SocketSettings{connectTimeoutMS=10000, readTimeoutMS=10000, receiveBufferSize=0, proxySettings=ProxySettings{host=null, port=null, username=null, password=null}}, connectionPoolSettings=ConnectionPoolSettings{maxSize=100, minSize=0, maxWaitTimeMS=120000, maxConnectionLifeTimeMS=0, maxConnectionIdleTimeMS=0, maintenanceInitialDelayMS=0, maintenanceFrequencyMS=60000, connectionPoolListeners=[io.micrometer.core.instrument.binder.mongodb.MongoMetricsConnectionPoolListener@5a4dda2], maxConnecting=2}, serverSettings=ServerSettings{heartbeatFrequencyMS=10000, minHeartbeatFrequencyMS=500, serverMonitoringMode=AUTO, serverListeners='[]', serverMonitorListeners='[]'}, sslSettings=SslSettings{enabled=false, invalidHostNameAllowed=false, context=null}, applicationName='null', compressorList=[], uuidRepresentation=UNSPECIFIED, serverApi=null, autoEncryptionSettings=null, dnsClient=null, inetAddressResolver=null, contextProvider=null, timeoutMS=null}
2026-07-10 10:24:21 [cluster-ClusterId{value='6a50c855e25fd2847790c3f9', description='null'}-mongodb:27017] INFO  org.mongodb.driver.cluster - Monitor thread successfully connected to server with description ServerDescription{address=mongodb:27017, type=REPLICA_SET_PRIMARY, cryptd=false, state=CONNECTED, ok=true, minWireVersion=0, maxWireVersion=21, maxDocumentSize=16777216, logicalSessionTimeoutMinutes=30, roundTripTimeNanos=25019428, minRoundTripTimeNanos=0, setName='rs0', canonicalAddress=mongodb:27017, hosts=[mongodb:27017], passives=[], arbiters=[], primary='mongodb:27017', tagSet=TagSet{[]}, electionId=7fffffff0000000000000046, setVersion=1, topologyVersion=TopologyVersion{processId=6a50c8504d11db3f88346706, counter=6}, lastWriteDate=Fri Jul 10 10:24:18 UTC 2026, lastUpdateTimeNanos=2144780910683}
2026-07-10 10:24:22 [MQTT Call: paho2145044059066] INFO  o.s.b.f.s.DefaultListableBeanFactory - Obtaining singleton bean 'startupTimeMetrics' in thread "MQTT Call: paho2145044059066" while other thread holds singleton lock for other beans [mqttService, wagoController]
2026-07-10 10:24:22 [MQTT Call: paho2145044059066] INFO  o.s.b.f.s.DefaultListableBeanFactory - Obtaining singleton bean 'org.springframework.boot.micrometer.metrics.autoconfigure.startup.StartupTimeMetricsListenerAutoConfiguration' in thread "MQTT Call: paho2145044059066" while other thread holds singleton lock for other beans [mqttService, wagoController]
2026-07-10 10:24:22 [MQTT Call: paho2145044059066] INFO  c.s.Seminar1.services.MqttService - Gespeichert - Temperatur Soll: 27.42
2026-07-10 10:24:22 [MQTT Call: paho2145044059066] INFO  c.s.Seminar1.services.MqttService - Gespeichert - Temperatur Ist: 27.36
2026-07-10 10:24:22 [MQTT Call: paho2145044059066] INFO  c.s.Seminar1.services.MqttService - Gespeichert - Temperatur Differenz: -0.06
2026-07-10 10:24:22 [MQTT Call: paho2145044059066] INFO  c.s.Seminar1.services.MqttService - Gespeichert - GPS Position
2026-07-10 10:24:22 [MQTT Call: paho2145044059066] INFO  c.s.Seminar1.services.MqttService - Gespeichert - Wago750 Status: 0.0
2026-07-10 10:24:22 [main] INFO  c.s.Seminar1.services.MqttService - MQTT-Microservice gestartet und mit Broker verbunden: tcp://sr-labor.ddns.net:1883
2026-07-10 10:24:22 [MQTT Call: paho2145044059066] INFO  c.s.Seminar1.services.MqttService - Gespeichert - Wago750 Control: 3
2026-07-10 10:24:23 [main] INFO  o.s.b.a.e.web.EndpointLinksResolver - Exposing 3 endpoints beneath base path '/actuator'
2026-07-10 10:24:23 [main] INFO  o.a.coyote.http11.Http11NioProtocol - Starting ProtocolHandler ["http-nio-80"]
2026-07-10 10:24:23 [main] INFO  o.s.boot.tomcat.TomcatWebServer - Tomcat started on port 80 (http) with context path '/'
2026-07-10 10:24:23 [main] INFO  c.s.Seminar1.SeminarTeil1Application - Started SeminarTeil1Application in 5.186 seconds (process running for 6.169)
2026-07-10 10:24:23 [main] INFO  c.s.Seminar1.SeminarTeil1Application - MQTT-Microservice gestartet.
2026-07-10 10:24:46 [MQTT Call: paho2145044059066] INFO  c.s.Seminar1.services.MqttService - Gespeichert - Temperatur Soll: 27.39
2026-07-10 10:24:46 [MQTT Call: paho2145044059066] INFO  c.s.Seminar1.services.MqttService - Gespeichert - Temperatur Differenz: -0.03
2026-07-10 10:26:02 [MQTT Call: paho2145044059066] INFO  c.s.Seminar1.services.MqttService - Gespeichert - Temperatur Differenz: -0.02
2026-07-10 10:26:03 [MQTT Call: paho2145044059066] INFO  c.s.Seminar1.services.MqttService - Gespeichert - Temperatur Differenz: -0.03
2026-07-10 10:26:06 [MQTT Call: paho2145044059066] INFO  c.s.Seminar1.services.MqttService - Gespeichert - Temperatur Soll: 27.38
2026-07-10 10:26:06 [MQTT Call: paho2145044059066] INFO  c.s.Seminar1.services.MqttService - Gespeichert - Temperatur Differenz: -0.02
2026-07-10 10:26:07 [MQTT Call: paho2145044059066] INFO  c.s.Seminar1.services.MqttService - Gespeichert - Temperatur Soll: 27.39
2026-07-10 10:26:07 [MQTT Call: paho2145044059066] INFO  c.s.Seminar1.services.MqttService - Gespeichert - Temperatur Differenz: -0.03
2026-07-10 10:26:08 [MQTT Call: paho2145044059066] INFO  c.s.Seminar1.services.MqttService - Gespeichert - Temperatur Soll: 27.38
2026-07-10 10:26:08 [MQTT Call: paho2145044059066] INFO  c.s.Seminar1.services.MqttService - Gespeichert - Temperatur Differenz: -0.02
2026-07-10 10:26:10 [MQTT Call: paho2145044059066] INFO  c.s.Seminar1.services.MqttService - Gespeichert - Wago750 Control: 1
2026-07-10 10:26:11 [MQTT Call: paho2145044059066] INFO  c.s.Seminar1.services.MqttService - Gespeichert - Wago750 Status: 65280.0
2026-07-10 10:26:12 [MQTT Call: paho2145044059066] INFO  c.s.Seminar1.services.MqttService - Gespeichert - Wago750 Status: 255.0
2026-07-10 10:26:13 [MQTT Call: paho2145044059066] INFO  c.s.Seminar1.services.MqttService - Gespeichert - Wago750 Status: 65280.0
2026-07-10 10:26:14 [MQTT Call: paho2145044059066] INFO  c.s.Seminar1.services.MqttService - Gespeichert - Wago750 Status: 255.0
2026-07-10 10:26:15 [MQTT Call: paho2145044059066] INFO  c.s.Seminar1.services.MqttService - Gespeichert - Wago750 Status: 65280.0
2026-07-10 10:26:16 [MQTT Call: paho2145044059066] INFO  c.s.Seminar1.services.MqttService - Gespeichert - Wago750 Status: 255.0
2026-07-10 10:26:17 [MQTT Call: paho2145044059066] INFO  c.s.Seminar1.services.MqttService - Gespeichert - Wago750 Status: 65280.0
2026-07-10 10:26:18 [MQTT Call: paho2145044059066] INFO  c.s.Seminar1.services.MqttService - Gespeichert - Wago750 Status: 255.0
2026-07-10 10:26:19 [MQTT Call: paho2145044059066] INFO  c.s.Seminar1.services.MqttService - Gespeichert - Wago750 Status: 65280.0
2026-07-10 10:26:19 [MQTT Call: paho2145044059066] INFO  c.s.Seminar1.services.MqttService - Gespeichert - Wago750 Control: 3
2026-07-10 10:26:20 [MQTT Call: paho2145044059066] INFO  c.s.Seminar1.services.MqttService - Gespeichert - Wago750 Status: 9252.0
2026-07-10 10:26:21 [MQTT Call: paho2145044059066] INFO  c.s.Seminar1.services.MqttService - Gespeichert - Wago750 Control: 2
2026-07-10 10:26:21 [MQTT Call: paho2145044059066] INFO  c.s.Seminar1.services.MqttService - Gespeichert - Wago750 Status: 32768.0
2026-07-10 10:26:22 [MQTT Call: paho2145044059066] INFO  c.s.Seminar1.services.MqttService - Gespeichert - Wago750 Status: 16384.0
2026-07-10 10:26:23 [MQTT Call: paho2145044059066] INFO  c.s.Seminar1.services.MqttService - Gespeichert - Wago750 Status: 8192.0
2026-07-10 10:26:24 [MQTT Call: paho2145044059066] INFO  c.s.Seminar1.services.MqttService - Gespeichert - Wago750 Status: 4096.0
2026-07-10 10:26:25 [MQTT Call: paho2145044059066] INFO  c.s.Seminar1.services.MqttService - Gespeichert - Wago750 Status: 2048.0
2026-07-10 10:26:26 [MQTT Call: paho2145044059066] INFO  c.s.Seminar1.services.MqttService - Gespeichert - Wago750 Status: 1024.0
2026-07-10 10:26:27 [MQTT Call: paho2145044059066] INFO  c.s.Seminar1.services.MqttService - Gespeichert - Wago750 Status: 512.0
2026-07-10 10:26:28 [MQTT Call: paho2145044059066] INFO  c.s.Seminar1.services.MqttService - Gespeichert - Wago750 Status: 256.0
2026-07-10 10:26:30 [MQTT Call: paho2145044059066] INFO  c.s.Seminar1.services.MqttService - Gespeichert - Wago750 Status: 1.0
2026-07-10 10:26:30 [MQTT Call: paho2145044059066] INFO  c.s.Seminar1.services.MqttService - Gespeichert - Wago750 Control: 3
2026-07-10 10:26:31 [MQTT Call: paho2145044059066] INFO  c.s.Seminar1.services.MqttService - Gespeichert - Wago750 Status: 33153.0
2026-07-10 10:26:32 [MQTT Call: paho2145044059066] INFO  c.s.Seminar1.services.MqttService - Gespeichert - Wago750 Status: 16962.0
2026-07-10 10:26:33 [MQTT Call: paho2145044059066] INFO  c.s.Seminar1.services.MqttService - Gespeichert - Wago750 Status: 9252.0
2026-07-10 10:26:34 [MQTT Call: paho2145044059066] INFO  c.s.Seminar1.services.MqttService - Gespeichert - Wago750 Status: 6168.0
2026-07-10 10:26:35 [MQTT Call: paho2145044059066] INFO  c.s.Seminar1.services.MqttService - Gespeichert - Wago750 Status: 9252.0
2026-07-10 10:26:36 [MQTT Call: paho2145044059066] INFO  c.s.Seminar1.services.MqttService - Gespeichert - Wago750 Status: 16962.0
2026-07-10 10:26:37 [MQTT Call: paho2145044059066] INFO  c.s.Seminar1.services.MqttService - Gespeichert - Wago750 Status: 33153.0
2026-07-10 10:26:38 [MQTT Call: paho2145044059066] INFO  c.s.Seminar1.services.MqttService - Gespeichert - Wago750 Status: 16962.0
2026-07-10 10:26:39 [MQTT Call: paho2145044059066] INFO  c.s.Seminar1.services.MqttService - Gespeichert - Wago750 Status: 9252.0
2026-07-10 10:26:40 [MQTT Call: paho2145044059066] INFO  c.s.Seminar1.services.MqttService - Gespeichert - Wago750 Status: 6168.0
2026-07-10 10:26:41 [MQTT Call: paho2145044059066] INFO  c.s.Seminar1.services.MqttService - Gespeichert - Wago750 Status: 9252.0
2026-07-10 10:26:42 [MQTT Call: paho2145044059066] INFO  c.s.Seminar1.services.MqttService - Gespeichert - Wago750 Status: 16962.0
2026-07-10 10:26:43 [MQTT Call: paho2145044059066] INFO  c.s.Seminar1.services.MqttService - Gespeichert - Wago750 Status: 33153.0
2026-07-10 10:26:44 [MQTT Call: paho2145044059066] INFO  c.s.Seminar1.services.MqttService - Gespeichert - Wago750 Status: 16962.0
2026-07-10 10:26:45 [MQTT Call: paho2145044059066] INFO  c.s.Seminar1.services.MqttService - Gespeichert - Wago750 Status: 9252.0
2026-07-10 10:26:46 [MQTT Call: paho2145044059066] INFO  c.s.Seminar1.services.MqttService - Gespeichert - Wago750 Status: 6168.0
2026-07-10 10:26:47 [MQTT Call: paho2145044059066] INFO  c.s.Seminar1.services.MqttService - Gespeichert - Wago750 Status: 9252.0
2026-07-10 10:26:48 [MQTT Call: paho2145044059066] INFO  c.s.Seminar1.services.MqttService - Gespeichert - Wago750 Status: 16962.0
2026-07-10 10:26:49 [MQTT Call: paho2145044059066] INFO  c.s.Seminar1.services.MqttService - Gespeichert - Wago750 Status: 33153.0
2026-07-10 10:26:50 [MQTT Call: paho2145044059066] INFO  c.s.Seminar1.services.MqttService - Gespeichert - Wago750 Status: 16962.0
2026-07-10 10:26:50 [MQTT Call: paho2145044059066] INFO  c.s.Seminar1.services.MqttService - Gespeichert - Temperatur Differenz: 0.0
2026-07-10 10:26:50 [MQTT Call: paho2145044059066] INFO  c.s.Seminar1.services.MqttService - Gespeichert - Temperatur Ist: 27.38
2026-07-10 10:26:51 [MQTT Call: paho2145044059066] INFO  c.s.Seminar1.services.MqttService - Gespeichert - Wago750 Status: 9252.0
2026-07-10 10:26:52 [MQTT Call: paho2145044059066] INFO  c.s.Seminar1.services.MqttService - Gespeichert - Wago750 Status: 6168.0
2026-07-10 10:26:52 [MQTT Call: paho2145044059066] INFO  c.s.Seminar1.services.MqttService - Gespeichert - Temperatur Differenz: -0.02
2026-07-10 10:26:52 [MQTT Call: paho2145044059066] INFO  c.s.Seminar1.services.MqttService - Gespeichert - Temperatur Ist: 27.36
2026-07-10 10:26:53 [MQTT Call: paho2145044059066] INFO  c.s.Seminar1.services.MqttService - Gespeichert - Wago750 Status: 9252.0
2026-07-10 10:26:54 [MQTT Call: paho2145044059066] INFO  c.s.Seminar1.services.MqttService - Gespeichert - Wago750 Status: 16962.0
2026-07-10 10:26:55 [MQTT Call: paho2145044059066] INFO  c.s.Seminar1.services.MqttService - Gespeichert - Wago750 Status: 33153.0
2026-07-10 10:26:56 [MQTT Call: paho2145044059066] INFO  c.s.Seminar1.services.MqttService - Gespeichert - Wago750 Status: 16962.0
2026-07-10 10:26:57 [MQTT Call: paho2145044059066] INFO  c.s.Seminar1.services.MqttService - Gespeichert - Wago750 Status: 9252.0
2026-07-10 10:26:58 [MQTT Call: paho2145044059066] INFO  c.s.Seminar1.services.MqttService - Gespeichert - Wago750 Status: 6168.0
2026-07-10 10:26:59 [MQTT Call: paho2145044059066] INFO  c.s.Seminar1.services.MqttService - Gespeichert - Wago750 Status: 9252.0
2026-07-10 10:27:00 [MQTT Call: paho2145044059066] INFO  c.s.Seminar1.services.MqttService - Gespeichert - Wago750 Status: 16962.0
2026-07-10 10:27:01 [MQTT Call: paho2145044059066] INFO  c.s.Seminar1.services.MqttService - Gespeichert - Wago750 Status: 33153.0
2026-07-10 10:27:02 [MQTT Call: paho2145044059066] INFO  c.s.Seminar1.services.MqttService - Gespeichert - Wago750 Status: 16962.0
2026-07-10 10:27:03 [MQTT Call: paho2145044059066] INFO  c.s.Seminar1.services.MqttService - Gespeichert - Wago750 Status: 9252.0
2026-07-10 10:27:03 [MQTT Call: paho2145044059066] INFO  c.s.Seminar1.services.MqttService - Gespeichert - Temperatur Differenz: 0.0
2026-07-10 10:27:03 [MQTT Call: paho2145044059066] INFO  c.s.Seminar1.services.MqttService - Gespeichert - Temperatur Ist: 27.38
2026-07-10 10:27:04 [MQTT Call: paho2145044059066] INFO  c.s.Seminar1.services.MqttService - Gespeichert - Wago750 Status: 6168.0
2026-07-10 10:27:04 [MQTT Call: paho2145044059066] INFO  c.s.Seminar1.services.MqttService - Gespeichert - Temperatur Differenz: -0.02
2026-07-10 10:27:04 [MQTT Call: paho2145044059066] INFO  c.s.Seminar1.services.MqttService - Gespeichert - Temperatur Ist: 27.36
2026-07-10 10:27:05 [MQTT Call: paho2145044059066] INFO  c.s.Seminar1.services.MqttService - Gespeichert - Wago750 Status: 9252.0
2026-07-10 10:27:05 [MQTT Call: paho2145044059066] INFO  c.s.Seminar1.services.MqttService - Gespeichert - Temperatur Differenz: 0.0
2026-07-10 10:27:05 [MQTT Call: paho2145044059066] INFO  c.s.Seminar1.services.MqttService - Gespeichert - Temperatur Ist: 27.38
2026-07-10 10:27:06 [MQTT Call: paho2145044059066] INFO  c.s.Seminar1.services.MqttService - Gespeichert - Wago750 Status: 16962.0
2026-07-10 10:27:06 [MQTT Call: paho2145044059066] INFO  c.s.Seminar1.services.MqttService - Gespeichert - Temperatur Differenz: -0.02
2026-07-10 10:27:06 [MQTT Call: paho2145044059066] INFO  c.s.Seminar1.services.MqttService - Gespeichert - Temperatur Ist: 27.36
2026-07-10 10:27:07 [MQTT Call: paho2145044059066] INFO  c.s.Seminar1.services.MqttService - Gespeichert - Wago750 Status: 33153.0
2026-07-10 10:27:07 [MQTT Call: paho2145044059066] INFO  c.s.Seminar1.services.MqttService - Gespeichert - Temperatur Differenz: 0.0
2026-07-10 10:27:07 [MQTT Call: paho2145044059066] INFO  c.s.Seminar1.services.MqttService - Gespeichert - Temperatur Ist: 27.38
2026-07-10 10:27:08 [MQTT Call: paho2145044059066] INFO  c.s.Seminar1.services.MqttService - Gespeichert - Wago750 Status: 16962.0
2026-07-10 10:27:08 [MQTT Call: paho2145044059066] INFO  c.s.Seminar1.services.MqttService - Gespeichert - Temperatur Differenz: -0.02
2026-07-10 10:27:08 [MQTT Call: paho2145044059066] INFO  c.s.Seminar1.services.MqttService - Gespeichert - Temperatur Ist: 27.36
2026-07-10 10:27:09 [MQTT Call: paho2145044059066] INFO  c.s.Seminar1.services.MqttService - Gespeichert - Wago750 Status: 9252.0
2026-07-10 10:27:10 [MQTT Call: paho2145044059066] INFO  c.s.Seminar1.services.MqttService - Gespeichert - Wago750 Status: 6168.0
2026-07-10 10:27:11 [MQTT Call: paho2145044059066] INFO  c.s.Seminar1.services.MqttService - Gespeichert - Wago750 Status: 9252.0
2026-07-10 10:27:11 [MQTT Call: paho2145044059066] INFO  c.s.Seminar1.services.MqttService - Gespeichert - Temperatur Differenz: 0.0
2026-07-10 10:27:11 [MQTT Call: paho2145044059066] INFO  c.s.Seminar1.services.MqttService - Gespeichert - Temperatur Ist: 27.38
2026-07-10 10:27:12 [MQTT Call: paho2145044059066] INFO  c.s.Seminar1.services.MqttService - Gespeichert - Wago750 Status: 16962.0
2026-07-10 10:27:12 [MQTT Call: paho2145044059066] INFO  c.s.Seminar1.services.MqttService - Gespeichert - Temperatur Differenz: -0.02
2026-07-10 10:27:12 [MQTT Call: paho2145044059066] INFO  c.s.Seminar1.services.MqttService - Gespeichert - Temperatur Ist: 27.36
2026-07-10 10:27:13 [MQTT Call: paho2145044059066] INFO  c.s.Seminar1.services.MqttService - Gespeichert - Wago750 Status: 33153.0
2026-07-10 10:27:13 [MQTT Call: paho2145044059066] INFO  c.s.Seminar1.services.MqttService - Gespeichert - Temperatur Differenz: 0.0
2026-07-10 10:27:13 [MQTT Call: paho2145044059066] INFO  c.s.Seminar1.services.MqttService - Gespeichert - Temperatur Ist: 27.38
2026-07-10 10:27:14 [MQTT Call: paho2145044059066] INFO  c.s.Seminar1.services.MqttService - Gespeichert - Wago750 Status: 16962.0
2026-07-10 10:27:14 [MQTT Call: paho2145044059066] INFO  c.s.Seminar1.services.MqttService - Gespeichert - Temperatur Differenz: -0.02
2026-07-10 10:27:14 [MQTT Call: paho2145044059066] INFO  c.s.Seminar1.services.MqttService - Gespeichert - Temperatur Ist: 27.36
2026-07-10 10:27:15 [MQTT Call: paho2145044059066] INFO  c.s.Seminar1.services.MqttService - Gespeichert - Wago750 Status: 9252.0
2026-07-10 10:27:16 [MQTT Call: paho2145044059066] INFO  c.s.Seminar1.services.MqttService - Gespeichert - Wago750 Status: 6168.0
2026-07-10 10:27:16 [MQTT Call: paho2145044059066] INFO  c.s.Seminar1.services.MqttService - Gespeichert - Temperatur Differenz: 0.0
2026-07-10 10:27:16 [MQTT Call: paho2145044059066] INFO  c.s.Seminar1.services.MqttService - Gespeichert - Temperatur Ist: 27.38
2026-07-10 10:27:17 [MQTT Call: paho2145044059066] INFO  c.s.Seminar1.services.MqttService - Gespeichert - Wago750 Status: 9252.0
2026-07-10 10:27:18 [MQTT Call: paho2145044059066] INFO  c.s.Seminar1.services.MqttService - Gespeichert - Wago750 Status: 16962.0
2026-07-10 10:27:19 [MQTT Call: paho2145044059066] INFO  c.s.Seminar1.services.MqttService - Gespeichert - Wago750 Status: 33153.0
2026-07-10 10:27:19 [MQTT Call: paho2145044059066] INFO  c.s.Seminar1.services.MqttService - Gespeichert - Temperatur Differenz: -0.02
2026-07-10 10:27:19 [MQTT Call: paho2145044059066] INFO  c.s.Seminar1.services.MqttService - Gespeichert - Temperatur Ist: 27.36
2026-07-10 10:27:20 [MQTT Call: paho2145044059066] INFO  c.s.Seminar1.services.MqttService - Gespeichert - Temperatur Soll: 27.36
2026-07-10 10:27:20 [MQTT Call: paho2145044059066] INFO  c.s.Seminar1.services.MqttService - Gespeichert - Wago750 Status: 16962.0
2026-07-10 10:27:20 [MQTT Call: paho2145044059066] INFO  c.s.Seminar1.services.MqttService - Gespeichert - Temperatur Differenz: 0.0
2026-07-10 10:27:21 [MQTT Call: paho2145044059066] INFO  c.s.Seminar1.services.MqttService - Gespeichert - Temperatur Soll: 27.38
2026-07-10 10:27:21 [MQTT Call: paho2145044059066] INFO  c.s.Seminar1.services.MqttService - Gespeichert - Wago750 Status: 9252.0
2026-07-10 10:27:21 [MQTT Call: paho2145044059066] INFO  c.s.Seminar1.services.MqttService - Gespeichert - Temperatur Ist: 27.38
2026-07-10 10:27:22 [MQTT Call: paho2145044059066] INFO  c.s.Seminar1.services.MqttService - Gespeichert - Wago750 Status: 6168.0
2026-07-10 10:27:22 [MQTT Call: paho2145044059066] INFO  c.s.Seminar1.services.MqttService - Gespeichert - Wago750 Control: 1
2026-07-10 10:27:23 [MQTT Call: paho2145044059066] INFO  c.s.Seminar1.services.MqttService - Gespeichert - Wago750 Status: 255.0
2026-07-10 10:27:24 [MQTT Call: paho2145044059066] INFO  c.s.Seminar1.services.MqttService - Gespeichert - Wago750 Status: 65280.0
2026-07-10 10:27:24 [MQTT Call: paho2145044059066] INFO  c.s.Seminar1.services.MqttService - Gespeichert - Temperatur Differenz: -0.02
2026-07-10 10:27:24 [MQTT Call: paho2145044059066] INFO  c.s.Seminar1.services.MqttService - Gespeichert - Temperatur Ist: 27.36
2026-07-10 10:27:25 [MQTT Call: paho2145044059066] INFO  c.s.Seminar1.services.MqttService - Gespeichert - Temperatur Soll: 27.36
2026-07-10 10:27:25 [MQTT Call: paho2145044059066] INFO  c.s.Seminar1.services.MqttService - Gespeichert - Wago750 Status: 255.0
2026-07-10 10:27:25 [MQTT Call: paho2145044059066] INFO  c.s.Seminar1.services.MqttService - Gespeichert - Temperatur Differenz: 0.02
2026-07-10 10:27:25 [MQTT Call: paho2145044059066] INFO  c.s.Seminar1.services.MqttService - Gespeichert - Temperatur Ist: 27.38
2026-07-10 10:27:26 [MQTT Call: paho2145044059066] INFO  c.s.Seminar1.services.MqttService - Gespeichert - Temperatur Soll: 27.38
2026-07-10 10:27:26 [MQTT Call: paho2145044059066] INFO  c.s.Seminar1.services.MqttService - Gespeichert - Wago750 Status: 65280.0
2026-07-10 10:27:26 [MQTT Call: paho2145044059066] INFO  c.s.Seminar1.services.MqttService - Gespeichert - Temperatur Differenz: 0.0
2026-07-10 10:27:27 [MQTT Call: paho2145044059066] INFO  c.s.Seminar1.services.MqttService - Gespeichert - Temperatur Soll: 27.36
2026-07-10 10:27:27 [MQTT Call: paho2145044059066] INFO  c.s.Seminar1.services.MqttService - Gespeichert - Wago750 Status: 255.0
2026-07-10 10:27:27 [MQTT Call: paho2145044059066] INFO  c.s.Seminar1.services.MqttService - Gespeichert - Temperatur Ist: 27.36
2026-07-10 10:27:28 [MQTT Call: paho2145044059066] INFO  c.s.Seminar1.services.MqttService - Gespeichert - Wago750 Status: 65280.0
2026-07-10 10:27:28 [MQTT Call: paho2145044059066] INFO  c.s.Seminar1.services.MqttService - Gespeichert - Temperatur Differenz: 0.02
2026-07-10 10:27:28 [MQTT Call: paho2145044059066] INFO  c.s.Seminar1.services.MqttService - Gespeichert - Temperatur Ist: 27.38
2026-07-10 10:27:29 [MQTT Call: paho2145044059066] INFO  c.s.Seminar1.services.MqttService - Gespeichert - Wago750 Status: 255.0
2026-07-10 10:27:30 [MQTT Call: paho2145044059066] INFO  c.s.Seminar1.services.MqttService - Gespeichert - Temperatur Soll: 27.38
2026-07-10 10:27:30 [MQTT Call: paho2145044059066] INFO  c.s.Seminar1.services.MqttService - Gespeichert - Wago750 Status: 65280.0
2026-07-10 10:27:30 [MQTT Call: paho2145044059066] INFO  c.s.Seminar1.services.MqttService - Gespeichert - Temperatur Differenz: 0.0
2026-07-10 10:27:31 [MQTT Call: paho2145044059066] INFO  c.s.Seminar1.services.MqttService - Gespeichert - Temperatur Soll: 27.36
2026-07-10 10:27:31 [MQTT Call: paho2145044059066] INFO  c.s.Seminar1.services.MqttService - Gespeichert - Wago750 Status: 255.0
2026-07-10 10:27:31 [MQTT Call: paho2145044059066] INFO  c.s.Seminar1.services.MqttService - Gespeichert - Temperatur Differenz: 0.02
2026-07-10 10:27:32 [MQTT Call: paho2145044059066] INFO  c.s.Seminar1.services.MqttService - Gespeichert - Temperatur Soll: 27.38
2026-07-10 10:27:32 [MQTT Call: paho2145044059066] INFO  c.s.Seminar1.services.MqttService - Gespeichert - Wago750 Status: 65280.0
2026-07-10 10:27:33 [MQTT Call: paho2145044059066] INFO  c.s.Seminar1.services.MqttService - Gespeichert - Temperatur Soll: 27.36
2026-07-10 10:27:33 [MQTT Call: paho2145044059066] INFO  c.s.Seminar1.services.MqttService - Gespeichert - Wago750 Status: 255.0
2026-07-10 10:27:34 [MQTT Call: paho2145044059066] INFO  c.s.Seminar1.services.MqttService - Gespeichert - Temperatur Soll: 27.38
2026-07-10 10:27:34 [MQTT Call: paho2145044059066] INFO  c.s.Seminar1.services.MqttService - Gespeichert - Wago750 Status: 65280.0
2026-07-10 10:27:34 [MQTT Call: paho2145044059066] INFO  c.s.Seminar1.services.MqttService - Gespeichert - Temperatur Differenz: 0.0
2026-07-10 10:27:35 [MQTT Call: paho2145044059066] INFO  c.s.Seminar1.services.MqttService - Gespeichert - Wago750 Status: 255.0
2026-07-10 10:27:35 [MQTT Call: paho2145044059066] INFO  c.s.Seminar1.services.MqttService - Gespeichert - Wago750 Control: 3
2026-07-10 10:27:36 [MQTT Call: paho2145044059066] INFO  c.s.Seminar1.services.MqttService - Gespeichert - Temperatur Soll: 27.36
2026-07-10 10:27:36 [MQTT Call: paho2145044059066] INFO  c.s.Seminar1.services.MqttService - Gespeichert - Wago750 Status: 9252.0
2026-07-10 10:27:37 [MQTT Call: paho2145044059066] INFO  c.s.Seminar1.services.MqttService - Gespeichert - Temperatur Soll: 27.38
2026-07-10 10:27:37 [MQTT Call: paho2145044059066] INFO  c.s.Seminar1.services.MqttService - Gespeichert - Wago750 Status: 16962.0
2026-07-10 10:27:38 [MQTT Call: paho2145044059066] INFO  c.s.Seminar1.services.MqttService - Gespeichert - Wago750 Status: 33153.0
2026-07-10 10:27:39 [MQTT Call: paho2145044059066] INFO  c.s.Seminar1.services.MqttService - Gespeichert - Wago750 Status: 16962.0
2026-07-10 10:27:40 [MQTT Call: paho2145044059066] INFO  c.s.Seminar1.services.MqttService - Gespeichert - Wago750 Status: 9252.0
2026-07-10 10:27:41 [MQTT Call: paho2145044059066] INFO  c.s.Seminar1.services.MqttService - Gespeichert - Wago750 Status: 6168.0
2026-07-10 10:27:42 [MQTT Call: paho2145044059066] INFO  c.s.Seminar1.services.MqttService - Gespeichert - Wago750 Status: 9252.0
2026-07-10 10:27:43 [MQTT Call: paho2145044059066] INFO  c.s.Seminar1.services.MqttService - Gespeichert - Wago750 Status: 16962.0
2026-07-10 10:27:44 [MQTT Call: paho2145044059066] INFO  c.s.Seminar1.services.MqttService - Gespeichert - Wago750 Status: 33153.0
2026-07-10 10:27:45 [MQTT Call: paho2145044059066] INFO  c.s.Seminar1.services.MqttService - Gespeichert - Wago750 Status: 16962.0
2026-07-10 10:27:46 [MQTT Call: paho2145044059066] INFO  c.s.Seminar1.services.MqttService - Gespeichert - Wago750 Status: 9252.0
2026-07-10 10:27:47 [MQTT Call: paho2145044059066] INFO  c.s.Seminar1.services.MqttService - Gespeichert - Wago750 Status: 6168.0
2026-07-10 10:27:48 [MQTT Call: paho2145044059066] INFO  c.s.Seminar1.services.MqttService - Gespeichert - Wago750 Status: 9252.0
2026-07-10 10:27:49 [MQTT Call: paho2145044059066] INFO  c.s.Seminar1.services.MqttService - Gespeichert - Wago750 Status: 16962.0
2026-07-10 10:27:50 [MQTT Call: paho2145044059066] INFO  c.s.Seminar1.services.MqttService - Gespeichert - Wago750 Status: 33153.0
2026-07-10 10:27:51 [MQTT Call: paho2145044059066] INFO  c.s.Seminar1.services.MqttService - Gespeichert - Wago750 Status: 16962.0
2026-07-10 10:27:52 [MQTT Call: paho2145044059066] INFO  c.s.Seminar1.services.MqttService - Gespeichert - Wago750 Status: 9252.0
2026-07-10 10:27:53 [MQTT Call: paho2145044059066] INFO  c.s.Seminar1.services.MqttService - Gespeichert - Wago750 Status: 6168.0
2026-07-10 10:27:54 [MQTT Call: paho2145044059066] INFO  c.s.Seminar1.services.MqttService - Gespeichert - Wago750 Status: 9252.0
2026-07-10 10:27:55 [MQTT Call: paho2145044059066] INFO  c.s.Seminar1.services.MqttService - Gespeichert - Wago750 Status: 16962.0
2026-07-10 10:27:56 [MQTT Call: paho2145044059066] INFO  c.s.Seminar1.services.MqttService - Gespeichert - Wago750 Status: 33153.0
2026-07-10 10:27:57 [MQTT Call: paho2145044059066] INFO  c.s.Seminar1.services.MqttService - Gespeichert - Wago750 Status: 16962.0
2026-07-10 10:27:58 [MQTT Call: paho2145044059066] INFO  c.s.Seminar1.services.MqttService - Gespeichert - Wago750 Status: 9252.0
2026-07-10 10:27:59 [MQTT Call: paho2145044059066] INFO  c.s.Seminar1.services.MqttService - Gespeichert - Wago750 Status: 6168.0
2026-07-10 10:28:00 [MQTT Call: paho2145044059066] INFO  c.s.Seminar1.services.MqttService - Gespeichert - Wago750 Status: 9252.0
2026-07-10 10:28:01 [MQTT Call: paho2145044059066] INFO  c.s.Seminar1.services.MqttService - Gespeichert - Wago750 Status: 16962.0
2026-07-10 10:28:02 [MQTT Call: paho2145044059066] INFO  c.s.Seminar1.services.MqttService - Gespeichert - Wago750 Status: 33153.0
2026-07-10 10:28:03 [MQTT Call: paho2145044059066] INFO  c.s.Seminar1.services.MqttService - Gespeichert - Wago750 Status: 16962.0
2026-07-10 10:28:04 [MQTT Call: paho2145044059066] INFO  c.s.Seminar1.services.MqttService - Gespeichert - Wago750 Status: 9252.0
2026-07-10 10:28:05 [MQTT Call: paho2145044059066] INFO  c.s.Seminar1.services.MqttService - Gespeichert - Wago750 Status: 6168.0
2026-07-10 10:28:06 [MQTT Call: paho2145044059066] INFO  c.s.Seminar1.services.MqttService - Gespeichert - Wago750 Status: 9252.0
2026-07-10 10:28:07 [MQTT Call: paho2145044059066] INFO  c.s.Seminar1.services.MqttService - Gespeichert - Wago750 Status: 16962.0
2026-07-10 10:28:08 [MQTT Call: paho2145044059066] INFO  c.s.Seminar1.services.MqttService - Gespeichert - Wago750 Status: 33153.0
2026-07-10 10:28:09 [MQTT Call: paho2145044059066] INFO  c.s.Seminar1.services.MqttService - Gespeichert - Wago750 Status: 16962.0
2026-07-10 10:28:10 [MQTT Call: paho2145044059066] INFO  c.s.Seminar1.services.MqttService - Gespeichert - Wago750 Status: 9252.0
2026-07-10 10:28:11 [MQTT Call: paho2145044059066] INFO  c.s.Seminar1.services.MqttService - Gespeichert - Wago750 Status: 6168.0
2026-07-10 10:28:12 [MQTT Call: paho2145044059066] INFO  c.s.Seminar1.services.MqttService - Gespeichert - Wago750 Status: 9252.0
2026-07-10 10:28:13 [MQTT Call: paho2145044059066] INFO  c.s.Seminar1.services.MqttService - Gespeichert - Wago750 Status: 16962.0
2026-07-10 10:28:14 [MQTT Call: paho2145044059066] INFO  c.s.Seminar1.services.MqttService - Gespeichert - Wago750 Status: 33153.0
2026-07-10 10:28:15 [MQTT Call: paho2145044059066] INFO  c.s.Seminar1.services.MqttService - Gespeichert - Wago750 Status: 16962.0
2026-07-10 10:28:16 [MQTT Call: paho2145044059066] INFO  c.s.Seminar1.services.MqttService - Gespeichert - Wago750 Status: 9252.0
2026-07-10 10:28:17 [MQTT Call: paho2145044059066] INFO  c.s.Seminar1.services.MqttService - Gespeichert - Wago750 Status: 6168.0
2026-07-10 10:28:18 [MQTT Call: paho2145044059066] INFO  c.s.Seminar1.services.MqttService - Gespeichert - Wago750 Status: 9252.0
2026-07-10 10:28:19 [MQTT Call: paho2145044059066] INFO  c.s.Seminar1.services.MqttService - Gespeichert - Wago750 Status: 16962.0
2026-07-10 10:28:20 [MQTT Call: paho2145044059066] INFO  c.s.Seminar1.services.MqttService - Gespeichert - Wago750 Status: 33153.0
2026-07-10 10:28:21 [MQTT Call: paho2145044059066] INFO  c.s.Seminar1.services.MqttService - Gespeichert - Wago750 Status: 16962.0
2026-07-10 10:28:22 [MQTT Call: paho2145044059066] INFO  c.s.Seminar1.services.MqttService - Gespeichert - Temperatur Soll: 27.36
2026-07-10 10:28:22 [MQTT Call: paho2145044059066] INFO  c.s.Seminar1.services.MqttService - Gespeichert - Wago750 Status: 9252.0
2026-07-10 10:28:22 [MQTT Call: paho2145044059066] INFO  c.s.Seminar1.services.MqttService - Gespeichert - Temperatur Differenz: 0.02
2026-07-10 10:28:23 [MQTT Call: paho2145044059066] INFO  c.s.Seminar1.services.MqttService - Gespeichert - Temperatur Soll: 27.38
2026-07-10 10:28:23 [MQTT Call: paho2145044059066] INFO  c.s.Seminar1.services.MqttService - Gespeichert - Wago750 Status: 6168.0
2026-07-10 10:28:23 [MQTT Call: paho2145044059066] INFO  c.s.Seminar1.services.MqttService - Gespeichert - Temperatur Differenz: 0.0
2026-07-10 10:28:24 [MQTT Call: paho2145044059066] INFO  c.s.Seminar1.services.MqttService - Gespeichert - Wago750 Status: 9252.0
2026-07-10 10:28:25 [MQTT Call: paho2145044059066] INFO  c.s.Seminar1.services.MqttService - Gespeichert - Wago750 Status: 16962.0
2026-07-10 10:28:25 [MQTT Call: paho2145044059066] INFO  c.s.Seminar1.services.MqttService - Gespeichert - Wago750 Control: 1
2026-07-10 10:28:26 [MQTT Call: paho2145044059066] INFO  c.s.Seminar1.services.MqttService - Gespeichert - Wago750 Status: 65280.0
2026-07-10 10:28:26 [MQTT Call: paho2145044059066] INFO  c.s.Seminar1.services.MqttService - Gespeichert - Temperatur Differenz: 0.02
2026-07-10 10:28:27 [MQTT Call: paho2145044059066] INFO  c.s.Seminar1.services.MqttService - Gespeichert - Wago750 Status: 255.0
2026-07-10 10:28:27 [MQTT Call: paho2145044059066] INFO  c.s.Seminar1.services.MqttService - Gespeichert - Temperatur Differenz: 0.0
2026-07-10 10:28:28 [MQTT Call: paho2145044059066] INFO  c.s.Seminar1.services.MqttService - Gespeichert - Wago750 Status: 65280.0
2026-07-10 10:28:29 [MQTT Call: paho2145044059066] INFO  c.s.Seminar1.services.MqttService - Gespeichert - Wago750 Status: 255.0
2026-07-10 10:28:30 [MQTT Call: paho2145044059066] INFO  c.s.Seminar1.services.MqttService - Gespeichert - Wago750 Status: 65280.0
2026-07-10 10:28:31 [MQTT Call: paho2145044059066] INFO  c.s.Seminar1.services.MqttService - Gespeichert - Wago750 Status: 255.0
2026-07-10 10:28:32 [MQTT Call: paho2145044059066] INFO  c.s.Seminar1.services.MqttService - Gespeichert - Wago750 Status: 65280.0
2026-07-10 10:28:33 [MQTT Call: paho2145044059066] INFO  c.s.Seminar1.services.MqttService - Gespeichert - Wago750 Status: 255.0
2026-07-10 10:28:34 [MQTT Call: paho2145044059066] INFO  c.s.Seminar1.services.MqttService - Gespeichert - Temperatur Soll: 27.36
2026-07-10 10:28:34 [MQTT Call: paho2145044059066] INFO  c.s.Seminar1.services.MqttService - Gespeichert - Wago750 Status: 65280.0
2026-07-10 10:28:35 [MQTT Call: paho2145044059066] INFO  c.s.Seminar1.services.MqttService - Gespeichert - Temperatur Soll: 27.38
2026-07-10 10:28:35 [MQTT Call: paho2145044059066] INFO  c.s.Seminar1.services.MqttService - Gespeichert - Wago750 Status: 255.0
2026-07-10 10:28:36 [MQTT Call: paho2145044059066] INFO  c.s.Seminar1.services.MqttService - Gespeichert - Wago750 Status: 65280.0
2026-07-10 10:28:37 [MQTT Call: paho2145044059066] INFO  c.s.Seminar1.services.MqttService - Gespeichert - Wago750 Status: 255.0
2026-07-10 10:28:37 [MQTT Call: paho2145044059066] INFO  c.s.Seminar1.services.MqttService - Gespeichert - Temperatur Differenz: 0.02
2026-07-10 10:28:38 [MQTT Call: paho2145044059066] INFO  c.s.Seminar1.services.MqttService - Gespeichert - Wago750 Status: 65280.0
2026-07-10 10:28:38 [MQTT Call: paho2145044059066] INFO  c.s.Seminar1.services.MqttService - Gespeichert - Temperatur Differenz: 0.0
2026-07-10 10:28:39 [MQTT Call: paho2145044059066] INFO  c.s.Seminar1.services.MqttService - Gespeichert - Temperatur Soll: 27.36
2026-07-10 10:28:39 [MQTT Call: paho2145044059066] INFO  c.s.Seminar1.services.MqttService - Gespeichert - Wago750 Status: 255.0
2026-07-10 10:28:39 [MQTT Call: paho2145044059066] INFO  c.s.Seminar1.services.MqttService - Gespeichert - Temperatur Differenz: 0.02
2026-07-10 10:28:39 [MQTT Call: paho2145044059066] INFO  c.s.Seminar1.services.MqttService - Gespeichert - Temperatur Soll: 27.38
2026-07-10 10:28:40 [MQTT Call: paho2145044059066] INFO  c.s.Seminar1.services.MqttService - Gespeichert - Wago750 Status: 65280.0
2026-07-10 10:28:40 [MQTT Call: paho2145044059066] INFO  c.s.Seminar1.services.MqttService - Gespeichert - Temperatur Differenz: 0.0
2026-07-10 10:28:41 [MQTT Call: paho2145044059066] INFO  c.s.Seminar1.services.MqttService - Gespeichert - Wago750 Status: 255.0
2026-07-10 10:28:42 [MQTT Call: paho2145044059066] INFO  c.s.Seminar1.services.MqttService - Gespeichert - Temperatur Soll: 27.36
2026-07-10 10:28:42 [MQTT Call: paho2145044059066] INFO  c.s.Seminar1.services.MqttService - Gespeichert - Wago750 Status: 65280.0
2026-07-10 10:28:42 [MQTT Call: paho2145044059066] INFO  c.s.Seminar1.services.MqttService - Gespeichert - Temperatur Differenz: 0.02
2026-07-10 10:28:43 [MQTT Call: paho2145044059066] INFO  c.s.Seminar1.services.MqttService - Gespeichert - Temperatur Soll: 27.38
2026-07-10 10:28:43 [MQTT Call: paho2145044059066] INFO  c.s.Seminar1.services.MqttService - Gespeichert - Wago750 Status: 255.0
2026-07-10 10:28:43 [MQTT Call: paho2145044059066] INFO  c.s.Seminar1.services.MqttService - Gespeichert - Temperatur Differenz: 0.0
2026-07-10 10:28:44 [MQTT Call: paho2145044059066] INFO  c.s.Seminar1.services.MqttService - Gespeichert - Temperatur Soll: 27.36
2026-07-10 10:28:44 [MQTT Call: paho2145044059066] INFO  c.s.Seminar1.services.MqttService - Gespeichert - Wago750 Status: 65280.0
2026-07-10 10:28:44 [MQTT Call: paho2145044059066] INFO  c.s.Seminar1.services.MqttService - Gespeichert - Temperatur Differenz: 0.02
2026-07-10 10:28:45 [MQTT Call: paho2145044059066] INFO  c.s.Seminar1.services.MqttService - Gespeichert - Wago750 Status: 255.0
2026-07-10 10:28:46 [MQTT Call: paho2145044059066] INFO  c.s.Seminar1.services.MqttService - Gespeichert - Temperatur Soll: 27.38
2026-07-10 10:28:46 [MQTT Call: paho2145044059066] INFO  c.s.Seminar1.services.MqttService - Gespeichert - Wago750 Status: 65280.0
2026-07-10 10:28:46 [MQTT Call: paho2145044059066] INFO  c.s.Seminar1.services.MqttService - Gespeichert - Temperatur Differenz: 0.0
2026-07-10 10:28:47 [MQTT Call: paho2145044059066] INFO  c.s.Seminar1.services.MqttService - Gespeichert - Temperatur Soll: 27.36
2026-07-10 10:28:47 [MQTT Call: paho2145044059066] INFO  c.s.Seminar1.services.MqttService - Gespeichert - Wago750 Status: 255.0
2026-07-10 10:28:47 [MQTT Call: paho2145044059066] INFO  c.s.Seminar1.services.MqttService - Gespeichert - Temperatur Differenz: 0.02
2026-07-10 10:28:48 [MQTT Call: paho2145044059066] INFO  c.s.Seminar1.services.MqttService - Gespeichert - Wago750 Status: 65280.0
2026-07-10 10:28:49 [MQTT Call: paho2145044059066] INFO  c.s.Seminar1.services.MqttService - Gespeichert - Wago750 Status: 255.0
2026-07-10 10:28:50 [MQTT Call: paho2145044059066] INFO  c.s.Seminar1.services.MqttService - Gespeichert - Wago750 Status: 65280.0
2026-07-10 10:28:51 [MQTT Call: paho2145044059066] INFO  c.s.Seminar1.services.MqttService - Gespeichert - Wago750 Status: 255.0
2026-07-10 10:28:52 [MQTT Call: paho2145044059066] INFO  c.s.Seminar1.services.MqttService - Gespeichert - Wago750 Status: 65280.0
2026-07-10 10:28:53 [MQTT Call: paho2145044059066] INFO  c.s.Seminar1.services.MqttService - Gespeichert - Wago750 Status: 255.0
2026-07-10 10:28:54 [MQTT Call: paho2145044059066] INFO  c.s.Seminar1.services.MqttService - Gespeichert - Wago750 Status: 65280.0
2026-07-10 10:28:55 [MQTT Call: paho2145044059066] INFO  c.s.Seminar1.services.MqttService - Gespeichert - Wago750 Status: 255.0
2026-07-10 10:28:56 [MQTT Call: paho2145044059066] INFO  c.s.Seminar1.services.MqttService - Gespeichert - Wago750 Status: 65280.0
2026-07-10 10:28:57 [MQTT Call: paho2145044059066] INFO  c.s.Seminar1.services.MqttService - Gespeichert - Wago750 Status: 255.0
2026-07-10 10:28:58 [MQTT Call: paho2145044059066] INFO  c.s.Seminar1.services.MqttService - Gespeichert - Wago750 Status: 65280.0
2026-07-10 10:28:59 [MQTT Call: paho2145044059066] INFO  c.s.Seminar1.services.MqttService - Gespeichert - Wago750 Status: 255.0
2026-07-10 10:29:00 [MQTT Call: paho2145044059066] INFO  c.s.Seminar1.services.MqttService - Gespeichert - Wago750 Status: 65280.0
2026-07-10 10:29:01 [MQTT Call: paho2145044059066] INFO  c.s.Seminar1.services.MqttService - Gespeichert - Wago750 Status: 255.0
2026-07-10 10:29:02 [MQTT Call: paho2145044059066] INFO  c.s.Seminar1.services.MqttService - Gespeichert - Wago750 Status: 65280.0
2026-07-10 10:29:03 [MQTT Call: paho2145044059066] INFO  c.s.Seminar1.services.MqttService - Gespeichert - Wago750 Status: 255.0
2026-07-10 10:29:04 [MQTT Call: paho2145044059066] INFO  c.s.Seminar1.services.MqttService - Gespeichert - Wago750 Status: 65280.0
2026-07-10 10:29:05 [MQTT Call: paho2145044059066] INFO  c.s.Seminar1.services.MqttService - Gespeichert - Wago750 Status: 255.0
2026-07-10 10:29:06 [MQTT Call: paho2145044059066] INFO  c.s.Seminar1.services.MqttService - Gespeichert - Wago750 Status: 65280.0
2026-07-10 10:29:07 [MQTT Call: paho2145044059066] INFO  c.s.Seminar1.services.MqttService - Gespeichert - Wago750 Status: 255.0
2026-07-10 10:29:08 [MQTT Call: paho2145044059066] INFO  c.s.Seminar1.services.MqttService - Gespeichert - Wago750 Status: 65280.0
2026-07-10 10:29:09 [MQTT Call: paho2145044059066] INFO  c.s.Seminar1.services.MqttService - Gespeichert - Wago750 Status: 255.0
2026-07-10 10:29:10 [MQTT Call: paho2145044059066] INFO  c.s.Seminar1.services.MqttService - Gespeichert - Wago750 Status: 65280.0
2026-07-10 10:29:11 [MQTT Call: paho2145044059066] INFO  c.s.Seminar1.services.MqttService - Gespeichert - Wago750 Status: 255.0
2026-07-10 10:29:12 [MQTT Call: paho2145044059066] INFO  c.s.Seminar1.services.MqttService - Gespeichert - Wago750 Status: 65280.0
2026-07-10 10:29:13 [MQTT Call: paho2145044059066] INFO  c.s.Seminar1.services.MqttService - Gespeichert - Wago750 Status: 255.0
2026-07-10 10:29:14 [MQTT Call: paho2145044059066] INFO  c.s.Seminar1.services.MqttService - Gespeichert - Wago750 Status: 65280.0
2026-07-10 10:29:15 [MQTT Call: paho2145044059066] INFO  c.s.Seminar1.services.MqttService - Gespeichert - Wago750 Status: 255.0
2026-07-10 10:29:16 [MQTT Call: paho2145044059066] INFO  c.s.Seminar1.services.MqttService - Gespeichert - Wago750 Status: 65280.0
2026-07-10 10:29:17 [MQTT Call: paho2145044059066] INFO  c.s.Seminar1.services.MqttService - Gespeichert - Wago750 Status: 255.0
2026-07-10 10:29:18 [MQTT Call: paho2145044059066] INFO  c.s.Seminar1.services.MqttService - Gespeichert - Wago750 Status: 65280.0
2026-07-10 10:29:19 [MQTT Call: paho2145044059066] INFO  c.s.Seminar1.services.MqttService - Gespeichert - Wago750 Status: 255.0
2026-07-10 10:29:20 [MQTT Call: paho2145044059066] INFO  c.s.Seminar1.services.MqttService - Gespeichert - Wago750 Status: 65280.0
2026-07-10 10:29:21 [MQTT Call: paho2145044059066] INFO  c.s.Seminar1.services.MqttService - Gespeichert - Wago750 Status: 255.0
2026-07-10 10:29:22 [MQTT Call: paho2145044059066] INFO  c.s.Seminar1.services.MqttService - Gespeichert - Wago750 Status: 65280.0
2026-07-10 10:29:23 [MQTT Call: paho2145044059066] INFO  c.s.Seminar1.services.MqttService - Gespeichert - Wago750 Status: 255.0
2026-07-10 10:29:24 [MQTT Call: paho2145044059066] INFO  c.s.Seminar1.services.MqttService - Gespeichert - Wago750 Status: 65280.0
2026-07-10 10:29:25 [MQTT Call: paho2145044059066] INFO  c.s.Seminar1.services.MqttService - Gespeichert - Wago750 Status: 255.0
2026-07-10 10:29:28 [MQTT Call: paho2145044059066] INFO  c.s.Seminar1.services.MqttService - Gespeichert - Wago750 Status: 65280.0
2026-07-10 10:29:29 [MQTT Call: paho2145044059066] INFO  c.s.Seminar1.services.MqttService - Gespeichert - Wago750 Status: 255.0
2026-07-10 10:29:30 [MQTT Call: paho2145044059066] INFO  c.s.Seminar1.services.MqttService - Gespeichert - Wago750 Status: 65280.0
2026-07-10 10:29:31 [MQTT Call: paho2145044059066] INFO  c.s.Seminar1.services.MqttService - Gespeichert - Wago750 Status: 255.0
2026-07-10 10:29:32 [MQTT Call: paho2145044059066] INFO  c.s.Seminar1.services.MqttService - Gespeichert - Wago750 Status: 65280.0
2026-07-10 10:29:33 [MQTT Call: paho2145044059066] INFO  c.s.Seminar1.services.MqttService - Gespeichert - Wago750 Status: 255.0
2026-07-10 10:29:33 [MQTT Call: paho2145044059066] INFO  c.s.Seminar1.services.MqttService - Gespeichert - Temperatur Differenz: 0.03
2026-07-10 10:29:33 [MQTT Call: paho2145044059066] INFO  c.s.Seminar1.services.MqttService - Gespeichert - Temperatur Ist: 27.39
2026-07-10 10:29:34 [MQTT Call: paho2145044059066] INFO  c.s.Seminar1.services.MqttService - Gespeichert - Wago750 Status: 65280.0
2026-07-10 10:29:34 [MQTT Call: paho2145044059066] INFO  c.s.Seminar1.services.MqttService - Gespeichert - Temperatur Differenz: 0.02
2026-07-10 10:29:34 [MQTT Call: paho2145044059066] INFO  c.s.Seminar1.services.MqttService - Gespeichert - Temperatur Ist: 27.38
2026-07-10 10:29:35 [MQTT Call: paho2145044059066] INFO  c.s.Seminar1.services.MqttService - Gespeichert - Wago750 Status: 255.0
2026-07-10 10:29:35 [MQTT Call: paho2145044059066] INFO  c.s.Seminar1.services.MqttService - Gespeichert - Temperatur Differenz: 0.03
2026-07-10 10:29:35 [MQTT Call: paho2145044059066] INFO  c.s.Seminar1.services.MqttService - Gespeichert - Temperatur Ist: 27.39
2026-07-10 10:29:36 [MQTT Call: paho2145044059066] INFO  c.s.Seminar1.services.MqttService - Gespeichert - Wago750 Status: 65280.0
2026-07-10 10:29:36 [MQTT Call: paho2145044059066] INFO  c.s.Seminar1.services.MqttService - Gespeichert - Temperatur Differenz: 0.02
2026-07-10 10:29:36 [MQTT Call: paho2145044059066] INFO  c.s.Seminar1.services.MqttService - Gespeichert - Temperatur Ist: 27.38
2026-07-10 10:29:37 [MQTT Call: paho2145044059066] INFO  c.s.Seminar1.services.MqttService - Gespeichert - Wago750 Status: 255.0
2026-07-10 10:29:37 [MQTT Call: paho2145044059066] INFO  c.s.Seminar1.services.MqttService - Gespeichert - Temperatur Differenz: 0.03
2026-07-10 10:29:37 [MQTT Call: paho2145044059066] INFO  c.s.Seminar1.services.MqttService - Gespeichert - Temperatur Ist: 27.39
2026-07-10 10:29:38 [MQTT Call: paho2145044059066] INFO  c.s.Seminar1.services.MqttService - Gespeichert - Wago750 Status: 65280.0
2026-07-10 10:29:39 [MQTT Call: paho2145044059066] INFO  c.s.Seminar1.services.MqttService - Gespeichert - Wago750 Status: 255.0
2026-07-10 10:29:40 [MQTT Call: paho2145044059066] INFO  c.s.Seminar1.services.MqttService - Gespeichert - Wago750 Status: 65280.0
2026-07-10 10:29:41 [MQTT Call: paho2145044059066] INFO  c.s.Seminar1.services.MqttService - Gespeichert - Wago750 Status: 255.0
2026-07-10 10:29:42 [MQTT Call: paho2145044059066] INFO  c.s.Seminar1.services.MqttService - Gespeichert - Wago750 Status: 65280.0
2026-07-10 10:29:43 [MQTT Call: paho2145044059066] INFO  c.s.Seminar1.services.MqttService - Gespeichert - Wago750 Status: 255.0
2026-07-10 10:29:44 [MQTT Call: paho2145044059066] INFO  c.s.Seminar1.services.MqttService - Gespeichert - Wago750 Status: 65280.0
2026-07-10 10:29:45 [MQTT Call: paho2145044059066] INFO  c.s.Seminar1.services.MqttService - Gespeichert - Wago750 Status: 255.0
2026-07-10 10:29:46 [MQTT Call: paho2145044059066] INFO  c.s.Seminar1.services.MqttService - Gespeichert - Wago750 Status: 65280.0
2026-07-10 10:29:47 [MQTT Call: paho2145044059066] INFO  c.s.Seminar1.services.MqttService - Gespeichert - Wago750 Status: 255.0
2026-07-10 10:29:48 [MQTT Call: paho2145044059066] INFO  c.s.Seminar1.services.MqttService - Gespeichert - Wago750 Status: 65280.0
2026-07-10 10:29:49 [MQTT Call: paho2145044059066] INFO  c.s.Seminar1.services.MqttService - Gespeichert - Wago750 Status: 255.0
2026-07-10 10:29:50 [MQTT Call: paho2145044059066] INFO  c.s.Seminar1.services.MqttService - Gespeichert - Wago750 Status: 65280.0
2026-07-10 10:29:50 [MQTT Call: paho2145044059066] INFO  c.s.Seminar1.services.MqttService - Gespeichert - Temperatur Differenz: 0.02
2026-07-10 10:29:50 [MQTT Call: paho2145044059066] INFO  c.s.Seminar1.services.MqttService - Gespeichert - Temperatur Ist: 27.38
2026-07-10 10:29:51 [MQTT Call: paho2145044059066] INFO  c.s.Seminar1.services.MqttService - Gespeichert - Temperatur Soll: 27.33
2026-07-10 10:29:51 [MQTT Call: paho2145044059066] INFO  c.s.Seminar1.services.MqttService - Gespeichert - Wago750 Status: 255.0
2026-07-10 10:29:51 [MQTT Call: paho2145044059066] INFO  c.s.Seminar1.services.MqttService - Gespeichert - Temperatur Differenz: 0.06
2026-07-10 10:29:51 [MQTT Call: paho2145044059066] INFO  c.s.Seminar1.services.MqttService - Gespeichert - Temperatur Ist: 27.39
2026-07-10 10:29:52 [MQTT Call: paho2145044059066] INFO  c.s.Seminar1.services.MqttService - Gespeichert - Temperatur Soll: 27.36
2026-07-10 10:29:52 [MQTT Call: paho2145044059066] INFO  c.s.Seminar1.services.MqttService - Gespeichert - Wago750 Status: 65280.0
2026-07-10 10:29:52 [MQTT Call: paho2145044059066] INFO  c.s.Seminar1.services.MqttService - Gespeichert - Temperatur Differenz: 0.03
2026-07-10 10:29:53 [MQTT Call: paho2145044059066] INFO  c.s.Seminar1.services.MqttService - Gespeichert - Temperatur Soll: 27.33
2026-07-10 10:29:53 [MQTT Call: paho2145044059066] INFO  c.s.Seminar1.services.MqttService - Gespeichert - Wago750 Status: 255.0
2026-07-10 10:29:53 [MQTT Call: paho2145044059066] INFO  c.s.Seminar1.services.MqttService - Gespeichert - Temperatur Differenz: 0.06
2026-07-10 10:29:54 [MQTT Call: paho2145044059066] INFO  c.s.Seminar1.services.MqttService - Gespeichert - Wago750 Status: 65280.0
2026-07-10 10:29:55 [MQTT Call: paho2145044059066] INFO  c.s.Seminar1.services.MqttService - Gespeichert - Wago750 Status: 255.0
2026-07-10 10:29:56 [MQTT Call: paho2145044059066] INFO  c.s.Seminar1.services.MqttService - Gespeichert - Wago750 Status: 65280.0
2026-07-10 10:29:57 [MQTT Call: paho2145044059066] INFO  c.s.Seminar1.services.MqttService - Gespeichert - Wago750 Status: 255.0
2026-07-10 10:29:58 [MQTT Call: paho2145044059066] INFO  c.s.Seminar1.services.MqttService - Gespeichert - Wago750 Status: 65280.0
2026-07-10 10:29:59 [MQTT Call: paho2145044059066] INFO  c.s.Seminar1.services.MqttService - Gespeichert - Wago750 Status: 255.0
2026-07-10 10:30:00 [MQTT Call: paho2145044059066] INFO  c.s.Seminar1.services.MqttService - Gespeichert - Wago750 Status: 65280.0
2026-07-10 10:30:01 [MQTT Call: paho2145044059066] INFO  c.s.Seminar1.services.MqttService - Gespeichert - Wago750 Status: 255.0
2026-07-10 10:30:02 [MQTT Call: paho2145044059066] INFO  c.s.Seminar1.services.MqttService - Gespeichert - Wago750 Status: 65280.0
2026-07-10 10:30:03 [MQTT Call: paho2145044059066] INFO  c.s.Seminar1.services.MqttService - Gespeichert - Wago750 Status: 255.0
2026-07-10 10:30:04 [MQTT Call: paho2145044059066] INFO  c.s.Seminar1.services.MqttService - Gespeichert - Wago750 Status: 65280.0
2026-07-10 10:30:05 [MQTT Call: paho2145044059066] INFO  c.s.Seminar1.services.MqttService - Gespeichert - Wago750 Status: 255.0
2026-07-10 10:30:06 [MQTT Call: paho2145044059066] INFO  c.s.Seminar1.services.MqttService - Gespeichert - Wago750 Status: 65280.0
2026-07-10 10:30:07 [MQTT Call: paho2145044059066] INFO  c.s.Seminar1.services.MqttService - Gespeichert - Wago750 Status: 255.0
2026-07-10 10:30:08 [MQTT Call: paho2145044059066] INFO  c.s.Seminar1.services.MqttService - Gespeichert - Wago750 Status: 65280.0
2026-07-10 10:30:10 [MQTT Call: paho2145044059066] INFO  c.s.Seminar1.services.MqttService - Gespeichert - Wago750 Status: 255.0
2026-07-10 10:30:11 [MQTT Call: paho2145044059066] INFO  c.s.Seminar1.services.MqttService - Gespeichert - Wago750 Status: 65280.0
2026-07-10 10:30:12 [MQTT Call: paho2145044059066] INFO  c.s.Seminar1.services.MqttService - Gespeichert - Wago750 Status: 255.0
2026-07-10 10:30:13 [MQTT Call: paho2145044059066] INFO  c.s.Seminar1.services.MqttService - Gespeichert - Wago750 Status: 65280.0
2026-07-10 10:30:14 [MQTT Call: paho2145044059066] INFO  c.s.Seminar1.services.MqttService - Gespeichert - Wago750 Status: 255.0
2026-07-10 10:30:15 [MQTT Call: paho2145044059066] INFO  c.s.Seminar1.services.MqttService - Gespeichert - Wago750 Status: 65280.0
2026-07-10 10:30:16 [MQTT Call: paho2145044059066] INFO  c.s.Seminar1.services.MqttService - Gespeichert - Wago750 Status: 255.0
2026-07-10 10:30:17 [MQTT Call: paho2145044059066] INFO  c.s.Seminar1.services.MqttService - Gespeichert - Wago750 Status: 65280.0
2026-07-10 10:30:18 [MQTT Call: paho2145044059066] INFO  c.s.Seminar1.services.MqttService - Gespeichert - Wago750 Status: 255.0
2026-07-10 10:30:18 [MQTT Call: paho2145044059066] INFO  c.s.Seminar1.services.MqttService - Gespeichert - Temperatur Differenz: 0.05
2026-07-10 10:30:18 [MQTT Call: paho2145044059066] INFO  c.s.Seminar1.services.MqttService - Gespeichert - Temperatur Ist: 27.38
2026-07-10 10:30:19 [MQTT Call: paho2145044059066] INFO  c.s.Seminar1.services.MqttService - Gespeichert - Wago750 Status: 65280.0
2026-07-10 10:30:19 [MQTT Call: paho2145044059066] INFO  c.s.Seminar1.services.MqttService - Gespeichert - Temperatur Differenz: 0.06
2026-07-10 10:30:19 [MQTT Call: paho2145044059066] INFO  c.s.Seminar1.services.MqttService - Gespeichert - Temperatur Ist: 27.39
2026-07-10 10:30:20 [MQTT Call: paho2145044059066] INFO  c.s.Seminar1.services.MqttService - Gespeichert - Wago750 Status: 255.0
2026-07-10 10:30:21 [MQTT Call: paho2145044059066] INFO  c.s.Seminar1.services.MqttService - Gespeichert - Wago750 Status: 65280.0
2026-07-10 10:30:22 [MQTT Call: paho2145044059066] INFO  c.s.Seminar1.services.MqttService - Gespeichert - Wago750 Status: 255.0
2026-07-10 10:30:23 [MQTT Call: paho2145044059066] INFO  c.s.Seminar1.services.MqttService - Gespeichert - Wago750 Status: 65280.0
2026-07-10 10:30:24 [MQTT Call: paho2145044059066] INFO  c.s.Seminar1.services.MqttService - Gespeichert - Wago750 Status: 255.0
2026-07-10 10:30:25 [MQTT Call: paho2145044059066] INFO  c.s.Seminar1.services.MqttService - Gespeichert - Wago750 Status: 65280.0
2026-07-10 10:30:26 [MQTT Call: paho2145044059066] INFO  c.s.Seminar1.services.MqttService - Gespeichert - Wago750 Status: 255.0
2026-07-10 10:30:29 [MQTT Call: paho2145044059066] INFO  c.s.Seminar1.services.MqttService - Gespeichert - Wago750 Status: 65280.0
2026-07-10 10:30:30 [MQTT Call: paho2145044059066] INFO  c.s.Seminar1.services.MqttService - Gespeichert - Wago750 Status: 255.0
2026-07-10 10:30:30 [MQTT Call: paho2145044059066] INFO  c.s.Seminar1.services.MqttService - Gespeichert - Temperatur Differenz: 0.05
2026-07-10 10:30:30 [MQTT Call: paho2145044059066] INFO  c.s.Seminar1.services.MqttService - Gespeichert - Temperatur Ist: 27.38
2026-07-10 10:30:31 [MQTT Call: paho2145044059066] INFO  c.s.Seminar1.services.MqttService - Gespeichert - Wago750 Status: 65280.0
2026-07-10 10:30:31 [MQTT Call: paho2145044059066] INFO  c.s.Seminar1.services.MqttService - Gespeichert - Temperatur Differenz: 0.06
2026-07-10 10:30:31 [MQTT Call: paho2145044059066] INFO  c.s.Seminar1.services.MqttService - Gespeichert - Temperatur Ist: 27.39
2026-07-10 10:30:31 [MQTT Call: paho2145044059066] INFO  c.s.Seminar1.services.MqttService - Gespeichert - Wago750 Control: 2
2026-07-10 10:30:32 [MQTT Call: paho2145044059066] INFO  c.s.Seminar1.services.MqttService - Gespeichert - Wago750 Status: 4.0
2026-07-10 10:30:33 [MQTT Call: paho2145044059066] INFO  c.s.Seminar1.services.MqttService - Gespeichert - Wago750 Status: 8.0
2026-07-10 10:30:34 [MQTT Call: paho2145044059066] INFO  c.s.Seminar1.services.MqttService - Gespeichert - Wago750 Status: 16.0
2026-07-10 10:30:35 [MQTT Call: paho2145044059066] INFO  c.s.Seminar1.services.MqttService - Gespeichert - Wago750 Status: 32.0
2026-07-10 10:30:36 [MQTT Call: paho2145044059066] INFO  c.s.Seminar1.services.MqttService - Gespeichert - Wago750 Status: 64.0
2026-07-10 10:30:37 [MQTT Call: paho2145044059066] INFO  c.s.Seminar1.services.MqttService - Gespeichert - Wago750 Status: 128.0
2026-07-10 10:30:38 [MQTT Call: paho2145044059066] INFO  c.s.Seminar1.services.MqttService - Gespeichert - Wago750 Status: 32768.0
2026-07-10 10:30:39 [MQTT Call: paho2145044059066] INFO  c.s.Seminar1.services.MqttService - Gespeichert - Wago750 Status: 16384.0
2026-07-10 10:30:40 [MQTT Call: paho2145044059066] INFO  c.s.Seminar1.services.MqttService - Gespeichert - Wago750 Status: 8192.0
2026-07-10 10:30:41 [MQTT Call: paho2145044059066] INFO  c.s.Seminar1.services.MqttService - Gespeichert - Wago750 Status: 4096.0
2026-07-10 10:30:42 [MQTT Call: paho2145044059066] INFO  c.s.Seminar1.services.MqttService - Gespeichert - Wago750 Status: 2048.0
2026-07-10 10:30:43 [MQTT Call: paho2145044059066] INFO  c.s.Seminar1.services.MqttService - Gespeichert - Wago750 Status: 1024.0
2026-07-10 10:30:44 [MQTT Call: paho2145044059066] INFO  c.s.Seminar1.services.MqttService - Gespeichert - Wago750 Status: 512.0
2026-07-10 10:30:45 [MQTT Call: paho2145044059066] INFO  c.s.Seminar1.services.MqttService - Gespeichert - Wago750 Status: 256.0
2026-07-10 10:30:46 [MQTT Call: paho2145044059066] INFO  c.s.Seminar1.services.MqttService - Gespeichert - Wago750 Status: 1.0
2026-07-10 10:30:47 [MQTT Call: paho2145044059066] INFO  c.s.Seminar1.services.MqttService - Gespeichert - Wago750 Status: 2.0
2026-07-10 10:30:48 [MQTT Call: paho2145044059066] INFO  c.s.Seminar1.services.MqttService - Gespeichert - Wago750 Status: 4.0
2026-07-10 10:30:49 [MQTT Call: paho2145044059066] INFO  c.s.Seminar1.services.MqttService - Gespeichert - Wago750 Status: 8.0
2026-07-10 10:30:50 [MQTT Call: paho2145044059066] INFO  c.s.Seminar1.services.MqttService - Gespeichert - Wago750 Status: 16.0
2026-07-10 10:30:51 [MQTT Call: paho2145044059066] INFO  c.s.Seminar1.services.MqttService - Gespeichert - Wago750 Status: 32.0
2026-07-10 10:30:52 [MQTT Call: paho2145044059066] INFO  c.s.Seminar1.services.MqttService - Gespeichert - Wago750 Status: 64.0
2026-07-10 10:30:53 [MQTT Call: paho2145044059066] INFO  c.s.Seminar1.services.MqttService - Gespeichert - Wago750 Status: 128.0
2026-07-10 10:30:54 [MQTT Call: paho2145044059066] INFO  c.s.Seminar1.services.MqttService - Gespeichert - Wago750 Status: 32768.0
2026-07-10 10:30:55 [MQTT Call: paho2145044059066] INFO  c.s.Seminar1.services.MqttService - Gespeichert - Wago750 Status: 16384.0
2026-07-10 10:30:56 [MQTT Call: paho2145044059066] INFO  c.s.Seminar1.services.MqttService - Gespeichert - Wago750 Status: 8192.0
2026-07-10 10:30:57 [MQTT Call: paho2145044059066] INFO  c.s.Seminar1.services.MqttService - Gespeichert - Wago750 Status: 4096.0
2026-07-10 10:30:58 [MQTT Call: paho2145044059066] INFO  c.s.Seminar1.services.MqttService - Gespeichert - Wago750 Status: 2048.0
2026-07-10 10:30:59 [MQTT Call: paho2145044059066] INFO  c.s.Seminar1.services.MqttService - Gespeichert - Wago750 Status: 1024.0
2026-07-10 10:31:00 [MQTT Call: paho2145044059066] INFO  c.s.Seminar1.services.MqttService - Gespeichert - Wago750 Status: 512.0
2026-07-10 10:31:01 [MQTT Call: paho2145044059066] INFO  c.s.Seminar1.services.MqttService - Gespeichert - Wago750 Status: 256.0
2026-07-10 10:31:02 [MQTT Call: paho2145044059066] INFO  c.s.Seminar1.services.MqttService - Gespeichert - Wago750 Status: 1.0
2026-07-10 10:31:03 [MQTT Call: paho2145044059066] INFO  c.s.Seminar1.services.MqttService - Gespeichert - Wago750 Status: 2.0
2026-07-10 10:31:04 [MQTT Call: paho2145044059066] INFO  c.s.Seminar1.services.MqttService - Gespeichert - Wago750 Status: 4.0
2026-07-10 10:31:05 [MQTT Call: paho2145044059066] INFO  c.s.Seminar1.services.MqttService - Gespeichert - Wago750 Status: 8.0
2026-07-10 10:31:06 [MQTT Call: paho2145044059066] INFO  c.s.Seminar1.services.MqttService - Gespeichert - Wago750 Status: 16.0
2026-07-10 10:31:07 [MQTT Call: paho2145044059066] INFO  c.s.Seminar1.services.MqttService - Gespeichert - Wago750 Status: 32.0
2026-07-10 10:31:07 [MQTT Call: paho2145044059066] INFO  c.s.Seminar1.services.MqttService - Gespeichert - Wago750 Control: 0
2026-07-10 10:31:08 [MQTT Call: paho2145044059066] INFO  c.s.Seminar1.services.MqttService - Gespeichert - Wago750 Status: 0.0
2026-07-10 10:31:41 [MQTT Call: paho2145044059066] INFO  c.s.Seminar1.services.MqttService - Gespeichert - Temperatur Soll: 27.36
2026-07-10 10:31:41 [MQTT Call: paho2145044059066] INFO  c.s.Seminar1.services.MqttService - Gespeichert - Temperatur Differenz: 0.03
2026-07-10 10:31:55 [MQTT Call: paho2145044059066] INFO  c.s.Seminar1.services.MqttService - Gespeichert - Temperatur Differenz: 0.06
2026-07-10 10:31:55 [MQTT Call: paho2145044059066] INFO  c.s.Seminar1.services.MqttService - Gespeichert - Temperatur Ist: 27.42
2026-07-10 10:31:56 [MQTT Call: paho2145044059066] INFO  c.s.Seminar1.services.MqttService - Gespeichert - Temperatur Differenz: 0.03
2026-07-10 10:31:56 [MQTT Call: paho2145044059066] INFO  c.s.Seminar1.services.MqttService - Gespeichert - Temperatur Ist: 27.39
2026-07-10 10:31:58 [MQTT Call: paho2145044059066] INFO  c.s.Seminar1.services.MqttService - Gespeichert - Temperatur Differenz: 0.06
2026-07-10 10:31:58 [MQTT Call: paho2145044059066] INFO  c.s.Seminar1.services.MqttService - Gespeichert - Temperatur Ist: 27.42
2026-07-10 10:31:59 [MQTT Call: paho2145044059066] INFO  c.s.Seminar1.services.MqttService - Gespeichert - Temperatur Differenz: 0.03
2026-07-10 10:31:59 [MQTT Call: paho2145044059066] INFO  c.s.Seminar1.services.MqttService - Gespeichert - Temperatur Ist: 27.39
2026-07-10 10:32:02 [MQTT Call: paho2145044059066] INFO  c.s.Seminar1.services.MqttService - Gespeichert - Wago750 Control: 1
2026-07-10 10:32:03 [MQTT Call: paho2145044059066] INFO  c.s.Seminar1.services.MqttService - Gespeichert - Wago750 Status: 65280.0
2026-07-10 10:32:03 [MQTT Call: paho2145044059066] INFO  c.s.Seminar1.services.MqttService - Gespeichert - Temperatur Differenz: 0.06
2026-07-10 10:32:03 [MQTT Call: paho2145044059066] INFO  c.s.Seminar1.services.MqttService - Gespeichert - Temperatur Ist: 27.42
2026-07-10 10:32:04 [MQTT Call: paho2145044059066] INFO  c.s.Seminar1.services.MqttService - Gespeichert - Wago750 Status: 255.0
2026-07-10 10:32:04 [MQTT Call: paho2145044059066] INFO  c.s.Seminar1.services.MqttService - Gespeichert - Temperatur Differenz: 0.03
2026-07-10 10:32:04 [MQTT Call: paho2145044059066] INFO  c.s.Seminar1.services.MqttService - Gespeichert - Temperatur Ist: 27.39
2026-07-10 10:32:05 [MQTT Call: paho2145044059066] INFO  c.s.Seminar1.services.MqttService - Gespeichert - Wago750 Status: 65280.0
2026-07-10 10:32:06 [MQTT Call: paho2145044059066] INFO  c.s.Seminar1.services.MqttService - Gespeichert - Wago750 Status: 255.0
2026-07-10 10:32:07 [MQTT Call: paho2145044059066] INFO  c.s.Seminar1.services.MqttService - Gespeichert - Wago750 Status: 65280.0
2026-07-10 10:32:08 [MQTT Call: paho2145044059066] INFO  c.s.Seminar1.services.MqttService - Gespeichert - Wago750 Status: 255.0
2026-07-10 10:32:09 [MQTT Call: paho2145044059066] INFO  c.s.Seminar1.services.MqttService - Gespeichert - Wago750 Status: 65280.0
2026-07-10 10:32:09 [MQTT Call: paho2145044059066] INFO  c.s.Seminar1.services.MqttService - Gespeichert - Temperatur Differenz: 0.06
2026-07-10 10:32:09 [MQTT Call: paho2145044059066] INFO  c.s.Seminar1.services.MqttService - Gespeichert - Temperatur Ist: 27.42
2026-07-10 10:32:10 [MQTT Call: paho2145044059066] INFO  c.s.Seminar1.services.MqttService - Gespeichert - Wago750 Status: 255.0
2026-07-10 10:32:10 [MQTT Call: paho2145044059066] INFO  c.s.Seminar1.services.MqttService - Gespeichert - Temperatur Ist: 27.39
2026-07-10 10:32:10 [MQTT Call: paho2145044059066] INFO  c.s.Seminar1.services.MqttService - Gespeichert - Wago750 Status: 25.0
2026-07-10 10:32:11 [MQTT Call: paho2145044059066] INFO  c.s.Seminar1.services.MqttService - Gespeichert - Wago750 Status: 65280.0
2026-07-10 10:32:11 [MQTT Call: paho2145044059066] INFO  c.s.Seminar1.services.MqttService - Gespeichert - Temperatur Differenz: 0.03
2026-07-10 10:32:12 [MQTT Call: paho2145044059066] INFO  c.s.Seminar1.services.MqttService - Gespeichert - Wago750 Status: 255.0
2026-07-10 10:32:12 [MQTT Call: paho2145044059066] INFO  c.s.Seminar1.services.MqttService - Gespeichert - Temperatur Differenz: 0.06
2026-07-10 10:32:12 [MQTT Call: paho2145044059066] INFO  c.s.Seminar1.services.MqttService - Gespeichert - Temperatur Ist: 27.42
2026-07-10 10:32:13 [MQTT Call: paho2145044059066] INFO  c.s.Seminar1.services.MqttService - Gespeichert - Wago750 Status: 65280.0
2026-07-10 10:32:13 [MQTT Call: paho2145044059066] INFO  c.s.Seminar1.services.MqttService - Gespeichert - Temperatur Differenz: 0.03
2026-07-10 10:32:13 [MQTT Call: paho2145044059066] INFO  c.s.Seminar1.services.MqttService - Gespeichert - Temperatur Ist: 27.39
2026-07-10 10:32:14 [MQTT Call: paho2145044059066] INFO  c.s.Seminar1.services.MqttService - Gespeichert - Wago750 Status: 255.0
2026-07-10 10:32:14 [MQTT Call: paho2145044059066] INFO  c.s.Seminar1.services.MqttService - Gespeichert - Temperatur Differenz: 0.06
2026-07-10 10:32:14 [MQTT Call: paho2145044059066] INFO  c.s.Seminar1.services.MqttService - Gespeichert - Temperatur Ist: 27.42
2026-07-10 10:32:15 [MQTT Call: paho2145044059066] INFO  c.s.Seminar1.services.MqttService - Gespeichert - Wago750 Status: 65280.0
2026-07-10 10:32:16 [MQTT Call: paho2145044059066] INFO  c.s.Seminar1.services.MqttService - Gespeichert - Wago750 Status: 255.0
2026-07-10 10:32:17 [MQTT Call: paho2145044059066] INFO  c.s.Seminar1.services.MqttService - Gespeichert - Wago750 Status: 65280.0
2026-07-10 10:32:18 [MQTT Call: paho2145044059066] INFO  c.s.Seminar1.services.MqttService - Gespeichert - Wago750 Status: 255.0
2026-07-10 10:32:18 [MQTT Call: paho2145044059066] INFO  c.s.Seminar1.services.MqttService - Gespeichert - Temperatur Differenz: 0.03
2026-07-10 10:32:18 [MQTT Call: paho2145044059066] INFO  c.s.Seminar1.services.MqttService - Gespeichert - Temperatur Ist: 27.39
2026-07-10 10:32:19 [MQTT Call: paho2145044059066] INFO  c.s.Seminar1.services.MqttService - Gespeichert - Wago750 Status: 65280.0
2026-07-10 10:32:19 [MQTT Call: paho2145044059066] INFO  c.s.Seminar1.services.MqttService - Gespeichert - Temperatur Differenz: 0.06
2026-07-10 10:32:19 [MQTT Call: paho2145044059066] INFO  c.s.Seminar1.services.MqttService - Gespeichert - Temperatur Ist: 27.42
2026-07-10 10:32:20 [MQTT Call: paho2145044059066] INFO  c.s.Seminar1.services.MqttService - Gespeichert - Wago750 Status: 255.0
2026-07-10 10:32:21 [MQTT Call: paho2145044059066] INFO  c.s.Seminar1.services.MqttService - Gespeichert - Wago750 Status: 65280.0
2026-07-10 10:32:22 [MQTT Call: paho2145044059066] INFO  c.s.Seminar1.services.MqttService - Gespeichert - Wago750 Status: 255.0
2026-07-10 10:32:23 [MQTT Call: paho2145044059066] INFO  c.s.Seminar1.services.MqttService - Gespeichert - Wago750 Status: 65280.0
2026-07-10 10:32:24 [MQTT Call: paho2145044059066] INFO  c.s.Seminar1.services.MqttService - Gespeichert - Wago750 Status: 255.0
2026-07-10 10:32:25 [MQTT Call: paho2145044059066] INFO  c.s.Seminar1.services.MqttService - Gespeichert - Wago750 Status: 65280.0
2026-07-10 10:32:25 [MQTT Call: paho2145044059066] INFO  c.s.Seminar1.services.MqttService - Gespeichert - Temperatur Differenz: 0.03
2026-07-10 10:32:25 [MQTT Call: paho2145044059066] INFO  c.s.Seminar1.services.MqttService - Gespeichert - Temperatur Ist: 27.39
2026-07-10 10:32:26 [MQTT Call: paho2145044059066] INFO  c.s.Seminar1.services.MqttService - Gespeichert - Wago750 Status: 255.0
2026-07-10 10:32:26 [MQTT Call: paho2145044059066] INFO  c.s.Seminar1.services.MqttService - Gespeichert - Temperatur Differenz: 0.06
2026-07-10 10:32:26 [MQTT Call: paho2145044059066] INFO  c.s.Seminar1.services.MqttService - Gespeichert - Temperatur Ist: 27.42
2026-07-10 10:32:27 [MQTT Call: paho2145044059066] INFO  c.s.Seminar1.services.MqttService - Gespeichert - Wago750 Status: 65280.0
2026-07-10 10:32:28 [MQTT Call: paho2145044059066] INFO  c.s.Seminar1.services.MqttService - Gespeichert - Wago750 Status: 255.0
2026-07-10 10:32:29 [MQTT Call: paho2145044059066] INFO  c.s.Seminar1.services.MqttService - Gespeichert - Wago750 Status: 65280.0
2026-07-10 10:32:30 [MQTT Call: paho2145044059066] INFO  c.s.Seminar1.services.MqttService - Gespeichert - Wago750 Status: 255.0
2026-07-10 10:32:31 [MQTT Call: paho2145044059066] INFO  c.s.Seminar1.services.MqttService - Gespeichert - Wago750 Status: 65280.0
2026-07-10 10:32:32 [MQTT Call: paho2145044059066] INFO  c.s.Seminar1.services.MqttService - Gespeichert - Wago750 Status: 255.0
2026-07-10 10:32:33 [MQTT Call: paho2145044059066] INFO  c.s.Seminar1.services.MqttService - Gespeichert - Wago750 Status: 65280.0
2026-07-10 10:32:34 [MQTT Call: paho2145044059066] INFO  c.s.Seminar1.services.MqttService - Gespeichert - Wago750 Status: 255.0
2026-07-10 10:32:35 [MQTT Call: paho2145044059066] INFO  c.s.Seminar1.services.MqttService - Gespeichert - Wago750 Status: 65280.0
2026-07-10 10:32:36 [MQTT Call: paho2145044059066] INFO  c.s.Seminar1.services.MqttService - Gespeichert - Wago750 Status: 255.0
2026-07-10 10:32:37 [MQTT Call: paho2145044059066] INFO  c.s.Seminar1.services.MqttService - Gespeichert - Wago750 Status: 65280.0
2026-07-10 10:32:38 [MQTT Call: paho2145044059066] INFO  c.s.Seminar1.services.MqttService - Gespeichert - Wago750 Status: 255.0
2026-07-10 10:32:39 [MQTT Call: paho2145044059066] INFO  c.s.Seminar1.services.MqttService - Gespeichert - Wago750 Status: 65280.0
2026-07-10 10:32:40 [MQTT Call: paho2145044059066] INFO  c.s.Seminar1.services.MqttService - Gespeichert - Wago750 Status: 255.0
2026-07-10 10:32:41 [MQTT Call: paho2145044059066] INFO  c.s.Seminar1.services.MqttService - Gespeichert - Wago750 Status: 65280.0
2026-07-10 10:32:42 [MQTT Call: paho2145044059066] INFO  c.s.Seminar1.services.MqttService - Gespeichert - Wago750 Status: 255.0
2026-07-10 10:32:43 [MQTT Call: paho2145044059066] INFO  c.s.Seminar1.services.MqttService - Gespeichert - Wago750 Status: 65280.0
2026-07-10 10:32:44 [MQTT Call: paho2145044059066] INFO  c.s.Seminar1.services.MqttService - Gespeichert - Wago750 Status: 255.0
2026-07-10 10:32:45 [MQTT Call: paho2145044059066] INFO  c.s.Seminar1.services.MqttService - Gespeichert - Wago750 Status: 65280.0
2026-07-10 10:32:46 [MQTT Call: paho2145044059066] INFO  c.s.Seminar1.services.MqttService - Gespeichert - Wago750 Status: 255.0
2026-07-10 10:32:47 [MQTT Call: paho2145044059066] INFO  c.s.Seminar1.services.MqttService - Gespeichert - Wago750 Status: 65280.0
2026-07-10 10:32:48 [MQTT Call: paho2145044059066] INFO  c.s.Seminar1.services.MqttService - Gespeichert - Wago750 Status: 255.0
2026-07-10 10:32:49 [MQTT Call: paho2145044059066] INFO  c.s.Seminar1.services.MqttService - Gespeichert - Wago750 Status: 65280.0
2026-07-10 10:32:50 [MQTT Call: paho2145044059066] INFO  c.s.Seminar1.services.MqttService - Gespeichert - Wago750 Status: 255.0
2026-07-10 10:32:51 [MQTT Call: paho2145044059066] INFO  c.s.Seminar1.services.MqttService - Gespeichert - Wago750 Status: 65280.0
2026-07-10 10:32:52 [MQTT Call: paho2145044059066] INFO  c.s.Seminar1.services.MqttService - Gespeichert - Wago750 Status: 255.0
2026-07-10 10:32:53 [MQTT Call: paho2145044059066] INFO  c.s.Seminar1.services.MqttService - Gespeichert - Wago750 Status: 65280.0
2026-07-10 10:32:55 [MQTT Call: paho2145044059066] INFO  c.s.Seminar1.services.MqttService - Gespeichert - Wago750 Status: 255.0
2026-07-10 10:32:56 [MQTT Call: paho2145044059066] INFO  c.s.Seminar1.services.MqttService - Gespeichert - Wago750 Status: 65280.0
2026-07-10 10:32:57 [MQTT Call: paho2145044059066] INFO  c.s.Seminar1.services.MqttService - Gespeichert - Wago750 Status: 255.0
2026-07-10 10:32:58 [MQTT Call: paho2145044059066] INFO  c.s.Seminar1.services.MqttService - Gespeichert - Wago750 Status: 65280.0
2026-07-10 10:32:59 [MQTT Call: paho2145044059066] INFO  c.s.Seminar1.services.MqttService - Gespeichert - Wago750 Status: 255.0
2026-07-10 10:33:00 [MQTT Call: paho2145044059066] INFO  c.s.Seminar1.services.MqttService - Gespeichert - Wago750 Status: 65280.0
2026-07-10 10:33:01 [MQTT Call: paho2145044059066] INFO  c.s.Seminar1.services.MqttService - Gespeichert - Wago750 Status: 255.0
2026-07-10 10:33:02 [MQTT Call: paho2145044059066] INFO  c.s.Seminar1.services.MqttService - Gespeichert - Wago750 Status: 65280.0
2026-07-10 10:33:05 [MQTT Call: paho2145044059066] INFO  c.s.Seminar1.services.MqttService - Gespeichert - Wago750 Status: 255.0
2026-07-10 10:33:06 [MQTT Call: paho2145044059066] INFO  c.s.Seminar1.services.MqttService - Gespeichert - Wago750 Status: 65280.0
2026-07-10 10:33:07 [MQTT Call: paho2145044059066] INFO  c.s.Seminar1.services.MqttService - Gespeichert - Wago750 Status: 255.0
2026-07-10 10:33:08 [MQTT Call: paho2145044059066] INFO  c.s.Seminar1.services.MqttService - Gespeichert - Wago750 Status: 65280.0
2026-07-10 10:33:09 [MQTT Call: paho2145044059066] INFO  c.s.Seminar1.services.MqttService - Gespeichert - Wago750 Status: 255.0
2026-07-10 10:33:10 [MQTT Call: paho2145044059066] INFO  c.s.Seminar1.services.MqttService - Gespeichert - Wago750 Status: 65280.0
2026-07-10 10:33:11 [MQTT Call: paho2145044059066] INFO  c.s.Seminar1.services.MqttService - Gespeichert - Wago750 Status: 255.0
2026-07-10 10:33:12 [MQTT Call: paho2145044059066] INFO  c.s.Seminar1.services.MqttService - Gespeichert - Wago750 Status: 65280.0
2026-07-10 10:33:13 [MQTT Call: paho2145044059066] INFO  c.s.Seminar1.services.MqttService - Gespeichert - Wago750 Status: 255.0
2026-07-10 10:33:14 [MQTT Call: paho2145044059066] INFO  c.s.Seminar1.services.MqttService - Gespeichert - Wago750 Status: 65280.0
2026-07-10 10:33:15 [MQTT Call: paho2145044059066] INFO  c.s.Seminar1.services.MqttService - Gespeichert - Wago750 Status: 255.0
2026-07-10 10:33:16 [MQTT Call: paho2145044059066] INFO  c.s.Seminar1.services.MqttService - Gespeichert - Wago750 Status: 65280.0
2026-07-10 10:33:17 [MQTT Call: paho2145044059066] INFO  c.s.Seminar1.services.MqttService - Gespeichert - Wago750 Status: 255.0
2026-07-10 10:33:18 [MQTT Call: paho2145044059066] INFO  c.s.Seminar1.services.MqttService - Gespeichert - Wago750 Status: 65280.0
2026-07-10 10:33:19 [MQTT Call: paho2145044059066] INFO  c.s.Seminar1.services.MqttService - Gespeichert - Wago750 Status: 255.0
2026-07-10 10:33:20 [MQTT Call: paho2145044059066] INFO  c.s.Seminar1.services.MqttService - Gespeichert - Wago750 Status: 65280.0
2026-07-10 10:33:21 [MQTT Call: paho2145044059066] INFO  c.s.Seminar1.services.MqttService - Gespeichert - Wago750 Status: 255.0
2026-07-10 10:33:22 [MQTT Call: paho2145044059066] INFO  c.s.Seminar1.services.MqttService - Gespeichert - Wago750 Status: 65280.0
2026-07-10 10:33:23 [MQTT Call: paho2145044059066] INFO  c.s.Seminar1.services.MqttService - Gespeichert - Wago750 Status: 255.0
2026-07-10 10:33:24 [MQTT Call: paho2145044059066] INFO  c.s.Seminar1.services.MqttService - Gespeichert - Wago750 Status: 65280.0
2026-07-10 10:33:25 [MQTT Call: paho2145044059066] INFO  c.s.Seminar1.services.MqttService - Gespeichert - Wago750 Status: 255.0
2026-07-10 10:33:26 [MQTT Call: paho2145044059066] INFO  c.s.Seminar1.services.MqttService - Gespeichert - Wago750 Status: 65280.0
2026-07-10 10:33:27 [MQTT Call: paho2145044059066] INFO  c.s.Seminar1.services.MqttService - Gespeichert - Wago750 Status: 255.0
2026-07-10 10:33:28 [MQTT Call: paho2145044059066] INFO  c.s.Seminar1.services.MqttService - Gespeichert - Wago750 Status: 65280.0
2026-07-10 10:33:29 [MQTT Call: paho2145044059066] INFO  c.s.Seminar1.services.MqttService - Gespeichert - Wago750 Status: 255.0
2026-07-10 10:33:30 [MQTT Call: paho2145044059066] INFO  c.s.Seminar1.services.MqttService - Gespeichert - Wago750 Status: 65280.0
2026-07-10 10:33:31 [MQTT Call: paho2145044059066] INFO  c.s.Seminar1.services.MqttService - Gespeichert - Wago750 Status: 255.0
2026-07-10 10:33:32 [MQTT Call: paho2145044059066] INFO  c.s.Seminar1.services.MqttService - Gespeichert - Wago750 Status: 65280.0
2026-07-10 10:33:33 [MQTT Call: paho2145044059066] INFO  c.s.Seminar1.services.MqttService - Gespeichert - Wago750 Status: 255.0
2026-07-10 10:33:34 [MQTT Call: paho2145044059066] INFO  c.s.Seminar1.services.MqttService - Gespeichert - Wago750 Status: 65280.0
2026-07-10 10:33:35 [MQTT Call: paho2145044059066] INFO  c.s.Seminar1.services.MqttService - Gespeichert - Wago750 Status: 255.0
2026-07-10 10:33:36 [MQTT Call: paho2145044059066] INFO  c.s.Seminar1.services.MqttService - Gespeichert - Wago750 Status: 65280.0
2026-07-10 10:33:37 [MQTT Call: paho2145044059066] INFO  c.s.Seminar1.services.MqttService - Gespeichert - Wago750 Status: 255.0
2026-07-10 10:33:38 [MQTT Call: paho2145044059066] INFO  c.s.Seminar1.services.MqttService - Gespeichert - Wago750 Status: 65280.0
2026-07-10 10:33:39 [MQTT Call: paho2145044059066] INFO  c.s.Seminar1.services.MqttService - Gespeichert - Wago750 Status: 255.0
2026-07-10 10:33:40 [MQTT Call: paho2145044059066] INFO  c.s.Seminar1.services.MqttService - Gespeichert - Wago750 Status: 65280.0
2026-07-10 10:33:40 [MQTT Call: paho2145044059066] INFO  c.s.Seminar1.services.MqttService - Gespeichert - Temperatur Differenz: 0.07
2026-07-10 10:33:40 [MQTT Call: paho2145044059066] INFO  c.s.Seminar1.services.MqttService - Gespeichert - Temperatur Ist: 27.43
2026-07-10 10:33:41 [MQTT Call: paho2145044059066] INFO  c.s.Seminar1.services.MqttService - Gespeichert - Wago750 Status: 255.0
2026-07-10 10:33:41 [MQTT Call: paho2145044059066] INFO  c.s.Seminar1.services.MqttService - Gespeichert - Temperatur Differenz: 0.06
2026-07-10 10:33:41 [MQTT Call: paho2145044059066] INFO  c.s.Seminar1.services.MqttService - Gespeichert - Temperatur Ist: 27.42
2026-07-10 10:33:42 [MQTT Call: paho2145044059066] INFO  c.s.Seminar1.services.MqttService - Gespeichert - Wago750 Status: 65280.0
2026-07-10 10:33:42 [MQTT Call: paho2145044059066] INFO  c.s.Seminar1.services.MqttService - Gespeichert - Temperatur Differenz: 0.07
2026-07-10 10:33:42 [MQTT Call: paho2145044059066] INFO  c.s.Seminar1.services.MqttService - Gespeichert - Temperatur Ist: 27.43
2026-07-10 10:33:43 [MQTT Call: paho2145044059066] INFO  c.s.Seminar1.services.MqttService - Gespeichert - Wago750 Status: 255.0
2026-07-10 10:33:44 [MQTT Call: paho2145044059066] INFO  c.s.Seminar1.services.MqttService - Gespeichert - Wago750 Status: 65280.0
2026-07-10 10:33:45 [MQTT Call: paho2145044059066] INFO  c.s.Seminar1.services.MqttService - Gespeichert - Wago750 Status: 255.0
2026-07-10 10:33:46 [MQTT Call: paho2145044059066] INFO  c.s.Seminar1.services.MqttService - Gespeichert - Wago750 Status: 65280.0
2026-07-10 10:33:47 [MQTT Call: paho2145044059066] INFO  c.s.Seminar1.services.MqttService - Gespeichert - Wago750 Status: 255.0
2026-07-10 10:33:48 [MQTT Call: paho2145044059066] INFO  c.s.Seminar1.services.MqttService - Gespeichert - Wago750 Status: 65280.0
2026-07-10 10:33:49 [MQTT Call: paho2145044059066] INFO  c.s.Seminar1.services.MqttService - Gespeichert - Wago750 Status: 255.0
2026-07-10 10:33:50 [MQTT Call: paho2145044059066] INFO  c.s.Seminar1.services.MqttService - Gespeichert - Wago750 Status: 65280.0
2026-07-10 10:33:51 [MQTT Call: paho2145044059066] INFO  c.s.Seminar1.services.MqttService - Gespeichert - Wago750 Status: 255.0
2026-07-10 10:33:52 [MQTT Call: paho2145044059066] INFO  c.s.Seminar1.services.MqttService - Gespeichert - Wago750 Status: 65280.0
2026-07-10 10:33:53 [MQTT Call: paho2145044059066] INFO  c.s.Seminar1.services.MqttService - Gespeichert - Wago750 Status: 255.0
2026-07-10 10:33:54 [MQTT Call: paho2145044059066] INFO  c.s.Seminar1.services.MqttService - Gespeichert - Wago750 Status: 65280.0
2026-07-10 10:33:55 [MQTT Call: paho2145044059066] INFO  c.s.Seminar1.services.MqttService - Gespeichert - Wago750 Status: 255.0
2026-07-10 10:33:56 [MQTT Call: paho2145044059066] INFO  c.s.Seminar1.services.MqttService - Gespeichert - Wago750 Status: 65280.0
2026-07-10 10:33:57 [MQTT Call: paho2145044059066] INFO  c.s.Seminar1.services.MqttService - Gespeichert - Wago750 Status: 255.0
2026-07-10 10:33:58 [MQTT Call: paho2145044059066] INFO  c.s.Seminar1.services.MqttService - Gespeichert - Wago750 Status: 65280.0
2026-07-10 10:33:58 [MQTT Call: paho2145044059066] INFO  c.s.Seminar1.services.MqttService - Gespeichert - Wago750 Control: 2
2026-07-10 10:33:59 [MQTT Call: paho2145044059066] INFO  c.s.Seminar1.services.MqttService - Gespeichert - Wago750 Status: 64.0
2026-07-10 10:34:00 [MQTT Call: paho2145044059066] INFO  c.s.Seminar1.services.MqttService - Gespeichert - Wago750 Status: 128.0
2026-07-10 10:34:01 [MQTT Call: paho2145044059066] INFO  c.s.Seminar1.services.MqttService - Gespeichert - Wago750 Status: 32768.0
2026-07-10 10:34:02 [MQTT Call: paho2145044059066] INFO  c.s.Seminar1.services.MqttService - Gespeichert - Wago750 Status: 16384.0
2026-07-10 10:34:03 [MQTT Call: paho2145044059066] INFO  c.s.Seminar1.services.MqttService - Gespeichert - Wago750 Status: 8192.0
2026-07-10 10:34:04 [MQTT Call: paho2145044059066] INFO  c.s.Seminar1.services.MqttService - Gespeichert - Wago750 Status: 4096.0
2026-07-10 10:34:05 [MQTT Call: paho2145044059066] INFO  c.s.Seminar1.services.MqttService - Gespeichert - Wago750 Status: 2048.0
2026-07-10 10:34:05 [MQTT Call: paho2145044059066] INFO  c.s.Seminar1.services.MqttService - Gespeichert - Temperatur Differenz: 0.05
2026-07-10 10:34:06 [MQTT Call: paho2145044059066] INFO  c.s.Seminar1.services.MqttService - Gespeichert - Wago750 Status: 1024.0
2026-07-10 10:34:06 [MQTT Call: paho2145044059066] INFO  c.s.Seminar1.services.MqttService - Gespeichert - Temperatur Differenz: 0.07
2026-07-10 10:34:07 [MQTT Call: paho2145044059066] INFO  c.s.Seminar1.services.MqttService - Gespeichert - Wago750 Status: 512.0
2026-07-10 10:34:08 [MQTT Call: paho2145044059066] INFO  c.s.Seminar1.services.MqttService - Gespeichert - Wago750 Status: 256.0
2026-07-10 10:34:09 [MQTT Call: paho2145044059066] INFO  c.s.Seminar1.services.MqttService - Gespeichert - Wago750 Status: 1.0
2026-07-10 10:34:09 [MQTT Call: paho2145044059066] INFO  c.s.Seminar1.services.MqttService - Gespeichert - Temperatur Soll: 27.38
2026-07-10 10:34:10 [MQTT Call: paho2145044059066] INFO  c.s.Seminar1.services.MqttService - Gespeichert - Wago750 Status: 2.0
2026-07-10 10:34:10 [MQTT Call: paho2145044059066] INFO  c.s.Seminar1.services.MqttService - Gespeichert - Temperatur Differenz: 0.05
2026-07-10 10:34:11 [MQTT Call: paho2145044059066] INFO  c.s.Seminar1.services.MqttService - Gespeichert - Wago750 Status: 4.0
2026-07-10 10:34:12 [MQTT Call: paho2145044059066] INFO  c.s.Seminar1.services.MqttService - Gespeichert - Wago750 Status: 8.0
2026-07-10 10:34:12 [MQTT Call: paho2145044059066] INFO  c.s.Seminar1.services.MqttService - Gespeichert - Temperatur Soll: 27.36
2026-07-10 10:34:13 [MQTT Call: paho2145044059066] INFO  c.s.Seminar1.services.MqttService - Gespeichert - Wago750 Status: 16.0
2026-07-10 10:34:13 [MQTT Call: paho2145044059066] INFO  c.s.Seminar1.services.MqttService - Gespeichert - Temperatur Soll: 27.38
2026-07-10 10:34:14 [MQTT Call: paho2145044059066] INFO  c.s.Seminar1.services.MqttService - Gespeichert - Wago750 Status: 32.0
2026-07-10 10:34:15 [MQTT Call: paho2145044059066] INFO  c.s.Seminar1.services.MqttService - Gespeichert - Wago750 Status: 64.0
2026-07-10 10:34:16 [MQTT Call: paho2145044059066] INFO  c.s.Seminar1.services.MqttService - Gespeichert - Wago750 Status: 128.0
2026-07-10 10:34:17 [MQTT Call: paho2145044059066] INFO  c.s.Seminar1.services.MqttService - Gespeichert - Wago750 Status: 32768.0
2026-07-10 10:34:18 [MQTT Call: paho2145044059066] INFO  c.s.Seminar1.services.MqttService - Gespeichert - Wago750 Status: 16384.0
2026-07-10 10:34:19 [MQTT Call: paho2145044059066] INFO  c.s.Seminar1.services.MqttService - Gespeichert - Wago750 Status: 8192.0
2026-07-10 10:34:20 [MQTT Call: paho2145044059066] INFO  c.s.Seminar1.services.MqttService - Gespeichert - Wago750 Status: 4096.0
2026-07-10 10:34:21 [MQTT Call: paho2145044059066] INFO  c.s.Seminar1.services.MqttService - Gespeichert - Wago750 Status: 2048.0
2026-07-10 10:34:22 [MQTT Call: paho2145044059066] INFO  c.s.Seminar1.services.MqttService - Gespeichert - Wago750 Status: 1024.0
2026-07-10 10:34:23 [MQTT Call: paho2145044059066] INFO  c.s.Seminar1.services.MqttService - Gespeichert - Wago750 Status: 512.0
2026-07-10 10:34:24 [MQTT Call: paho2145044059066] INFO  c.s.Seminar1.services.MqttService - Gespeichert - Wago750 Status: 256.0
2026-07-10 10:34:25 [MQTT Call: paho2145044059066] INFO  c.s.Seminar1.services.MqttService - Gespeichert - Wago750 Status: 1.0
2026-07-10 10:34:26 [MQTT Call: paho2145044059066] INFO  c.s.Seminar1.services.MqttService - Gespeichert - Wago750 Status: 2.0
2026-07-10 10:34:27 [MQTT Call: paho2145044059066] INFO  c.s.Seminar1.services.MqttService - Gespeichert - Wago750 Status: 4.0
2026-07-10 10:34:28 [MQTT Call: paho2145044059066] INFO  c.s.Seminar1.services.MqttService - Gespeichert - Wago750 Status: 8.0
2026-07-10 10:34:28 [MQTT Call: paho2145044059066] INFO  c.s.Seminar1.services.MqttService - Gespeichert - Temperatur Differenz: 0.08
2026-07-10 10:34:28 [MQTT Call: paho2145044059066] INFO  c.s.Seminar1.services.MqttService - Gespeichert - Temperatur Ist: 27.46
2026-07-10 10:34:28 [MQTT Call: paho2145044059066] INFO  c.s.Seminar1.services.MqttService - Gespeichert - Wago750 Control: 1
2026-07-10 10:34:29 [MQTT Call: paho2145044059066] INFO  c.s.Seminar1.services.MqttService - Gespeichert - Wago750 Status: 255.0
2026-07-10 10:34:29 [MQTT Call: paho2145044059066] INFO  c.s.Seminar1.services.MqttService - Gespeichert - Temperatur Differenz: 0.05
2026-07-10 10:34:29 [MQTT Call: paho2145044059066] INFO  c.s.Seminar1.services.MqttService - Gespeichert - Temperatur Ist: 27.43
2026-07-10 10:34:29 [MQTT Call: paho2145044059066] INFO  c.s.Seminar1.services.MqttService - Gespeichert - Wago750 Control: 2
2026-07-10 10:34:30 [MQTT Call: paho2145044059066] INFO  c.s.Seminar1.services.MqttService - Gespeichert - Wago750 Status: 16.0
2026-07-10 10:34:31 [MQTT Call: paho2145044059066] INFO  c.s.Seminar1.services.MqttService - Gespeichert - Wago750 Status: 32.0
2026-07-10 10:34:32 [MQTT Call: paho2145044059066] INFO  c.s.Seminar1.services.MqttService - Gespeichert - Wago750 Status: 64.0
2026-07-10 10:34:33 [MQTT Call: paho2145044059066] INFO  c.s.Seminar1.services.MqttService - Gespeichert - Wago750 Status: 128.0
2026-07-10 10:34:33 [MQTT Call: paho2145044059066] INFO  c.s.Seminar1.services.MqttService - Gespeichert - Temperatur Differenz: 0.08
2026-07-10 10:34:33 [MQTT Call: paho2145044059066] INFO  c.s.Seminar1.services.MqttService - Gespeichert - Temperatur Ist: 27.46
2026-07-10 10:34:34 [MQTT Call: paho2145044059066] INFO  c.s.Seminar1.services.MqttService - Gespeichert - Wago750 Status: 32768.0
2026-07-10 10:34:34 [MQTT Call: paho2145044059066] INFO  c.s.Seminar1.services.MqttService - Gespeichert - Wago750 Control: 3
2026-07-10 10:34:35 [MQTT Call: paho2145044059066] INFO  c.s.Seminar1.services.MqttService - Gespeichert - Wago750 Status: 33153.0
2026-07-10 10:34:36 [MQTT Call: paho2145044059066] INFO  c.s.Seminar1.services.MqttService - Gespeichert - Wago750 Status: 16962.0
2026-07-10 10:34:36 [MQTT Call: paho2145044059066] INFO  c.s.Seminar1.services.MqttService - Gespeichert - Temperatur Soll: 27.39
2026-07-10 10:34:36 [MQTT Call: paho2145044059066] INFO  c.s.Seminar1.services.MqttService - Gespeichert - Temperatur Differenz: 0.07
2026-07-10 10:34:37 [MQTT Call: paho2145044059066] INFO  c.s.Seminar1.services.MqttService - Gespeichert - Wago750 Status: 9252.0
2026-07-10 10:34:38 [MQTT Call: paho2145044059066] INFO  c.s.Seminar1.services.MqttService - Gespeichert - Wago750 Status: 6168.0
2026-07-10 10:34:38 [MQTT Call: paho2145044059066] INFO  c.s.Seminar1.services.MqttService - Gespeichert - Temperatur Soll: 27.38
2026-07-10 10:34:38 [MQTT Call: paho2145044059066] INFO  c.s.Seminar1.services.MqttService - Gespeichert - Temperatur Differenz: 0.08
2026-07-10 10:34:39 [MQTT Call: paho2145044059066] INFO  c.s.Seminar1.services.MqttService - Gespeichert - Wago750 Status: 9252.0
2026-07-10 10:34:39 [MQTT Call: paho2145044059066] INFO  c.s.Seminar1.services.MqttService - Gespeichert - Temperatur Soll: 27.39
2026-07-10 10:34:39 [MQTT Call: paho2145044059066] INFO  c.s.Seminar1.services.MqttService - Gespeichert - Temperatur Differenz: 0.07
2026-07-10 10:34:40 [MQTT Call: paho2145044059066] INFO  c.s.Seminar1.services.MqttService - Gespeichert - Wago750 Status: 16962.0
2026-07-10 10:34:41 [MQTT Call: paho2145044059066] INFO  c.s.Seminar1.services.MqttService - Gespeichert - Wago750 Status: 33153.0
2026-07-10 10:34:42 [MQTT Call: paho2145044059066] INFO  c.s.Seminar1.services.MqttService - Gespeichert - Wago750 Status: 16962.0
2026-07-10 10:34:43 [MQTT Call: paho2145044059066] INFO  c.s.Seminar1.services.MqttService - Gespeichert - Wago750 Status: 9252.0
2026-07-10 10:34:44 [MQTT Call: paho2145044059066] INFO  c.s.Seminar1.services.MqttService - Gespeichert - Wago750 Status: 6168.0
2026-07-10 10:34:45 [MQTT Call: paho2145044059066] INFO  c.s.Seminar1.services.MqttService - Gespeichert - Wago750 Status: 9252.0
2026-07-10 10:34:46 [MQTT Call: paho2145044059066] INFO  c.s.Seminar1.services.MqttService - Gespeichert - Wago750 Status: 16962.0
2026-07-10 10:34:47 [MQTT Call: paho2145044059066] INFO  c.s.Seminar1.services.MqttService - Gespeichert - Wago750 Status: 33153.0
2026-07-10 10:34:48 [MQTT Call: paho2145044059066] INFO  c.s.Seminar1.services.MqttService - Gespeichert - Wago750 Status: 16962.0
2026-07-10 10:34:49 [MQTT Call: paho2145044059066] INFO  c.s.Seminar1.services.MqttService - Gespeichert - Wago750 Status: 9252.0
2026-07-10 10:34:50 [MQTT Call: paho2145044059066] INFO  c.s.Seminar1.services.MqttService - Gespeichert - Wago750 Status: 6168.0
2026-07-10 10:34:51 [MQTT Call: paho2145044059066] INFO  c.s.Seminar1.services.MqttService - Gespeichert - Wago750 Status: 9252.0
2026-07-10 10:34:52 [MQTT Call: paho2145044059066] INFO  c.s.Seminar1.services.MqttService - Gespeichert - Wago750 Status: 16962.0
2026-07-10 10:34:53 [MQTT Call: paho2145044059066] INFO  c.s.Seminar1.services.MqttService - Gespeichert - Wago750 Status: 33153.0
2026-07-10 10:34:54 [MQTT Call: paho2145044059066] INFO  c.s.Seminar1.services.MqttService - Gespeichert - Wago750 Status: 16962.0
2026-07-10 10:34:55 [MQTT Call: paho2145044059066] INFO  c.s.Seminar1.services.MqttService - Gespeichert - Wago750 Status: 9252.0
2026-07-10 10:34:56 [MQTT Call: paho2145044059066] INFO  c.s.Seminar1.services.MqttService - Gespeichert - Wago750 Status: 6168.0
2026-07-10 10:34:57 [MQTT Call: paho2145044059066] INFO  c.s.Seminar1.services.MqttService - Gespeichert - Wago750 Status: 9252.0
2026-07-10 10:34:58 [MQTT Call: paho2145044059066] INFO  c.s.Seminar1.services.MqttService - Gespeichert - Wago750 Status: 16962.0
2026-07-10 10:34:59 [MQTT Call: paho2145044059066] INFO  c.s.Seminar1.services.MqttService - Gespeichert - Wago750 Status: 33153.0
2026-07-10 10:35:00 [MQTT Call: paho2145044059066] INFO  c.s.Seminar1.services.MqttService - Gespeichert - Wago750 Status: 16962.0
2026-07-10 10:35:01 [MQTT Call: paho2145044059066] INFO  c.s.Seminar1.services.MqttService - Gespeichert - Wago750 Status: 9252.0
2026-07-10 10:35:02 [MQTT Call: paho2145044059066] INFO  c.s.Seminar1.services.MqttService - Gespeichert - Wago750 Status: 6168.0
2026-07-10 10:35:03 [MQTT Call: paho2145044059066] INFO  c.s.Seminar1.services.MqttService - Gespeichert - Wago750 Status: 9252.0
2026-07-10 10:35:04 [MQTT Call: paho2145044059066] INFO  c.s.Seminar1.services.MqttService - Gespeichert - Wago750 Status: 16962.0
2026-07-10 10:35:05 [MQTT Call: paho2145044059066] INFO  c.s.Seminar1.services.MqttService - Gespeichert - Wago750 Status: 33153.0
2026-07-10 10:35:06 [MQTT Call: paho2145044059066] INFO  c.s.Seminar1.services.MqttService - Gespeichert - Wago750 Status: 16962.0
2026-07-10 10:35:07 [MQTT Call: paho2145044059066] INFO  c.s.Seminar1.services.MqttService - Gespeichert - Wago750 Status: 9252.0
2026-07-10 10:35:08 [MQTT Call: paho2145044059066] INFO  c.s.Seminar1.services.MqttService - Gespeichert - Wago750 Status: 6168.0
2026-07-10 10:35:09 [MQTT Call: paho2145044059066] INFO  c.s.Seminar1.services.MqttService - Gespeichert - Wago750 Status: 9252.0
2026-07-10 10:35:10 [MQTT Call: paho2145044059066] INFO  c.s.Seminar1.services.MqttService - Gespeichert - Wago750 Status: 16962.0
2026-07-10 10:35:11 [MQTT Call: paho2145044059066] INFO  c.s.Seminar1.services.MqttService - Gespeichert - Wago750 Status: 33153.0
2026-07-10 10:35:12 [MQTT Call: paho2145044059066] INFO  c.s.Seminar1.services.MqttService - Gespeichert - Wago750 Status: 16962.0
2026-07-10 10:35:13 [MQTT Call: paho2145044059066] INFO  c.s.Seminar1.services.MqttService - Gespeichert - Wago750 Status: 9252.0
2026-07-10 10:35:14 [MQTT Call: paho2145044059066] INFO  c.s.Seminar1.services.MqttService - Gespeichert - Wago750 Status: 6168.0
2026-07-10 10:35:15 [MQTT Call: paho2145044059066] INFO  c.s.Seminar1.services.MqttService - Gespeichert - Wago750 Status: 9252.0
2026-07-10 10:35:16 [MQTT Call: paho2145044059066] INFO  c.s.Seminar1.services.MqttService - Gespeichert - Wago750 Status: 16962.0
2026-07-10 10:35:17 [MQTT Call: paho2145044059066] INFO  c.s.Seminar1.services.MqttService - Gespeichert - Wago750 Status: 33153.0
2026-07-10 10:35:18 [MQTT Call: paho2145044059066] INFO  c.s.Seminar1.services.MqttService - Gespeichert - Wago750 Status: 16962.0
2026-07-10 10:35:19 [MQTT Call: paho2145044059066] INFO  c.s.Seminar1.services.MqttService - Gespeichert - Wago750 Status: 9252.0
2026-07-10 10:35:20 [MQTT Call: paho2145044059066] INFO  c.s.Seminar1.services.MqttService - Gespeichert - Wago750 Status: 6168.0
2026-07-10 10:35:21 [MQTT Call: paho2145044059066] INFO  c.s.Seminar1.services.MqttService - Gespeichert - Wago750 Status: 9252.0
2026-07-10 10:35:22 [MQTT Call: paho2145044059066] INFO  c.s.Seminar1.services.MqttService - Gespeichert - Wago750 Status: 16962.0
2026-07-10 10:35:23 [MQTT Call: paho2145044059066] INFO  c.s.Seminar1.services.MqttService - Gespeichert - Wago750 Status: 33153.0
2026-07-10 10:35:24 [MQTT Call: paho2145044059066] INFO  c.s.Seminar1.services.MqttService - Gespeichert - Wago750 Status: 16962.0
2026-07-10 10:35:25 [MQTT Call: paho2145044059066] INFO  c.s.Seminar1.services.MqttService - Gespeichert - Wago750 Status: 9252.0
2026-07-10 10:35:26 [MQTT Call: paho2145044059066] INFO  c.s.Seminar1.services.MqttService - Gespeichert - Wago750 Status: 6168.0
2026-07-10 10:35:27 [MQTT Call: paho2145044059066] INFO  c.s.Seminar1.services.MqttService - Gespeichert - Wago750 Status: 9252.0
2026-07-10 10:35:27 [MQTT Call: paho2145044059066] INFO  c.s.Seminar1.services.MqttService - Gespeichert - Wago750 Control: 1
2026-07-10 10:35:28 [MQTT Call: paho2145044059066] INFO  c.s.Seminar1.services.MqttService - Gespeichert - Wago750 Status: 255.0
2026-07-10 10:35:29 [MQTT Call: paho2145044059066] INFO  c.s.Seminar1.services.MqttService - Gespeichert - Wago750 Status: 65280.0
2026-07-10 10:35:30 [MQTT Call: paho2145044059066] INFO  c.s.Seminar1.services.MqttService - Gespeichert - Wago750 Status: 255.0
2026-07-10 10:35:31 [MQTT Call: paho2145044059066] INFO  c.s.Seminar1.services.MqttService - Gespeichert - Wago750 Status: 65280.0
2026-07-10 10:35:32 [MQTT Call: paho2145044059066] INFO  c.s.Seminar1.services.MqttService - Gespeichert - Wago750 Status: 255.0
2026-07-10 10:35:33 [MQTT Call: paho2145044059066] INFO  c.s.Seminar1.services.MqttService - Gespeichert - Wago750 Status: 65280.0
2026-07-10 10:35:34 [MQTT Call: paho2145044059066] INFO  c.s.Seminar1.services.MqttService - Gespeichert - Wago750 Status: 255.0
2026-07-10 10:35:35 [MQTT Call: paho2145044059066] INFO  c.s.Seminar1.services.MqttService - Gespeichert - Wago750 Status: 65280.0
2026-07-10 10:35:36 [MQTT Call: paho2145044059066] INFO  c.s.Seminar1.services.MqttService - Gespeichert - Wago750 Status: 255.0
2026-07-10 10:35:37 [MQTT Call: paho2145044059066] INFO  c.s.Seminar1.services.MqttService - Gespeichert - Wago750 Status: 65280.0
2026-07-10 10:35:38 [MQTT Call: paho2145044059066] INFO  c.s.Seminar1.services.MqttService - Gespeichert - Wago750 Status: 255.0
2026-07-10 10:35:39 [MQTT Call: paho2145044059066] INFO  c.s.Seminar1.services.MqttService - Gespeichert - Wago750 Status: 65280.0
2026-07-10 10:35:40 [MQTT Call: paho2145044059066] INFO  c.s.Seminar1.services.MqttService - Gespeichert - Wago750 Status: 255.0
2026-07-10 10:35:41 [MQTT Call: paho2145044059066] INFO  c.s.Seminar1.services.MqttService - Gespeichert - Wago750 Status: 65280.0
2026-07-10 10:35:41 [MQTT Call: paho2145044059066] INFO  c.s.Seminar1.services.MqttService - Gespeichert - Wago750 Control: 2
2026-07-10 10:35:42 [MQTT Call: paho2145044059066] INFO  c.s.Seminar1.services.MqttService - Gespeichert - Wago750 Status: 16384.0
2026-07-10 10:35:43 [MQTT Call: paho2145044059066] INFO  c.s.Seminar1.services.MqttService - Gespeichert - Wago750 Status: 8192.0
2026-07-10 10:35:44 [MQTT Call: paho2145044059066] INFO  c.s.Seminar1.services.MqttService - Gespeichert - Wago750 Status: 4096.0
2026-07-10 10:35:45 [MQTT Call: paho2145044059066] INFO  c.s.Seminar1.services.MqttService - Gespeichert - Wago750 Status: 2048.0
2026-07-10 10:35:46 [MQTT Call: paho2145044059066] INFO  c.s.Seminar1.services.MqttService - Gespeichert - Wago750 Status: 1024.0
2026-07-10 10:35:47 [MQTT Call: paho2145044059066] INFO  c.s.Seminar1.services.MqttService - Gespeichert - Wago750 Status: 512.0
2026-07-10 10:35:48 [MQTT Call: paho2145044059066] INFO  c.s.Seminar1.services.MqttService - Gespeichert - Wago750 Status: 256.0
2026-07-10 10:35:49 [MQTT Call: paho2145044059066] INFO  c.s.Seminar1.services.MqttService - Gespeichert - Wago750 Status: 1.0
2026-07-10 10:35:50 [MQTT Call: paho2145044059066] INFO  c.s.Seminar1.services.MqttService - Gespeichert - Wago750 Status: 2.0
2026-07-10 10:35:51 [MQTT Call: paho2145044059066] INFO  c.s.Seminar1.services.MqttService - Gespeichert - Wago750 Status: 4.0
2026-07-10 10:35:51 [MQTT Call: paho2145044059066] INFO  c.s.Seminar1.services.MqttService - Gespeichert - Temperatur Differenz: 0.09
2026-07-10 10:35:51 [MQTT Call: paho2145044059066] INFO  c.s.Seminar1.services.MqttService - Gespeichert - Temperatur Ist: 27.48
2026-07-10 10:35:52 [MQTT Call: paho2145044059066] INFO  c.s.Seminar1.services.MqttService - Gespeichert - Wago750 Status: 8.0
2026-07-10 10:35:52 [MQTT Call: paho2145044059066] INFO  c.s.Seminar1.services.MqttService - Gespeichert - Temperatur Differenz: 0.07
2026-07-10 10:35:52 [MQTT Call: paho2145044059066] INFO  c.s.Seminar1.services.MqttService - Gespeichert - Temperatur Ist: 27.46
2026-07-10 10:35:53 [MQTT Call: paho2145044059066] INFO  c.s.Seminar1.services.MqttService - Gespeichert - Wago750 Status: 16.0
2026-07-10 10:35:53 [MQTT Call: paho2145044059066] INFO  c.s.Seminar1.services.MqttService - Gespeichert - Temperatur Differenz: 0.04
2026-07-10 10:35:54 [MQTT Call: paho2145044059066] INFO  c.s.Seminar1.services.MqttService - Gespeichert - Wago750 Status: 32.0
2026-07-10 10:35:54 [MQTT Call: paho2145044059066] INFO  c.s.Seminar1.services.MqttService - Gespeichert - Temperatur Soll: 27.42
2026-07-10 10:35:54 [MQTT Call: paho2145044059066] INFO  c.s.Seminar1.services.MqttService - Gespeichert - Temperatur Differenz: 0.06
2026-07-10 10:35:54 [MQTT Call: paho2145044059066] INFO  c.s.Seminar1.services.MqttService - Gespeichert - Temperatur Ist: 27.48
2026-07-10 10:35:55 [MQTT Call: paho2145044059066] INFO  c.s.Seminar1.services.MqttService - Gespeichert - Wago750 Status: 64.0
2026-07-10 10:35:56 [MQTT Call: paho2145044059066] INFO  c.s.Seminar1.services.MqttService - Gespeichert - Wago750 Status: 128.0
2026-07-10 10:35:57 [MQTT Call: paho2145044059066] INFO  c.s.Seminar1.services.MqttService - Gespeichert - Wago750 Status: 32768.0
2026-07-10 10:35:58 [MQTT Call: paho2145044059066] INFO  c.s.Seminar1.services.MqttService - Gespeichert - Wago750 Status: 16384.0
2026-07-10 10:35:59 [MQTT Call: paho2145044059066] INFO  c.s.Seminar1.services.MqttService - Gespeichert - Wago750 Status: 8192.0
2026-07-10 10:36:00 [MQTT Call: paho2145044059066] INFO  c.s.Seminar1.services.MqttService - Gespeichert - Wago750 Status: 4096.0
2026-07-10 10:36:01 [MQTT Call: paho2145044059066] INFO  c.s.Seminar1.services.MqttService - Gespeichert - Wago750 Status: 2048.0
2026-07-10 10:36:01 [MQTT Call: paho2145044059066] INFO  c.s.Seminar1.services.MqttService - Gespeichert - Wago750 Control: 3
2026-07-10 10:36:02 [MQTT Call: paho2145044059066] INFO  c.s.Seminar1.services.MqttService - Gespeichert - Wago750 Status: 16962.0
2026-07-10 10:36:03 [MQTT Call: paho2145044059066] INFO  c.s.Seminar1.services.MqttService - Gespeichert - Wago750 Status: 33153.0
2026-07-10 10:36:04 [MQTT Call: paho2145044059066] INFO  c.s.Seminar1.services.MqttService - Gespeichert - Wago750 Status: 16962.0
2026-07-10 10:36:05 [MQTT Call: paho2145044059066] INFO  c.s.Seminar1.services.MqttService - Gespeichert - Wago750 Status: 9252.0
2026-07-10 10:36:06 [MQTT Call: paho2145044059066] INFO  c.s.Seminar1.services.MqttService - Gespeichert - Wago750 Status: 6168.0
2026-07-10 10:36:07 [MQTT Call: paho2145044059066] INFO  c.s.Seminar1.services.MqttService - Gespeichert - Wago750 Status: 9252.0
2026-07-10 10:36:08 [MQTT Call: paho2145044059066] INFO  c.s.Seminar1.services.MqttService - Gespeichert - Wago750 Status: 16962.0
2026-07-10 10:36:09 [MQTT Call: paho2145044059066] INFO  c.s.Seminar1.services.MqttService - Gespeichert - Wago750 Status: 33153.0
2026-07-10 10:36:10 [MQTT Call: paho2145044059066] INFO  c.s.Seminar1.services.MqttService - Gespeichert - Wago750 Status: 16962.0
2026-07-10 10:36:11 [MQTT Call: paho2145044059066] INFO  c.s.Seminar1.services.MqttService - Gespeichert - Wago750 Status: 9252.0
2026-07-10 10:36:12 [MQTT Call: paho2145044059066] INFO  c.s.Seminar1.services.MqttService - Gespeichert - Wago750 Status: 6168.0
2026-07-10 10:36:13 [MQTT Call: paho2145044059066] INFO  c.s.Seminar1.services.MqttService - Gespeichert - Wago750 Status: 9252.0
2026-07-10 10:36:14 [MQTT Call: paho2145044059066] INFO  c.s.Seminar1.services.MqttService - Gespeichert - Wago750 Control: 0
2026-07-10 10:36:14 [MQTT Call: paho2145044059066] INFO  c.s.Seminar1.services.MqttService - Gespeichert - Wago750 Status: 0.0
2026-07-10 10:36:49 [MQTT Call: paho2145044059066] INFO  c.s.Seminar1.services.MqttService - Gespeichert - Temperatur Differenz: 0.07
2026-07-10 10:36:49 [MQTT Call: paho2145044059066] INFO  c.s.Seminar1.services.MqttService - Gespeichert - Temperatur Ist: 27.49
2026-07-10 10:36:50 [MQTT Call: paho2145044059066] INFO  c.s.Seminar1.services.MqttService - Gespeichert - Temperatur Differenz: 0.06
2026-07-10 10:36:50 [MQTT Call: paho2145044059066] INFO  c.s.Seminar1.services.MqttService - Gespeichert - Temperatur Ist: 27.48
2026-07-10 10:36:51 [MQTT Call: paho2145044059066] INFO  c.s.Seminar1.services.MqttService - Gespeichert - Temperatur Differenz: 0.07
2026-07-10 10:36:51 [MQTT Call: paho2145044059066] INFO  c.s.Seminar1.services.MqttService - Gespeichert - Temperatur Ist: 27.49
2026-07-10 10:36:52 [MQTT Call: paho2145044059066] INFO  c.s.Seminar1.services.MqttService - Gespeichert - Temperatur Differenz: 0.06
2026-07-10 10:36:52 [MQTT Call: paho2145044059066] INFO  c.s.Seminar1.services.MqttService - Gespeichert - Temperatur Ist: 27.48
2026-07-10 10:36:56 [MQTT Call: paho2145044059066] INFO  c.s.Seminar1.services.MqttService - Gespeichert - Temperatur Differenz: 0.07
2026-07-10 10:36:56 [MQTT Call: paho2145044059066] INFO  c.s.Seminar1.services.MqttService - Gespeichert - Temperatur Ist: 27.49
2026-07-10 10:36:57 [MQTT Call: paho2145044059066] INFO  c.s.Seminar1.services.MqttService - Gespeichert - Temperatur Soll: 27.39
2026-07-10 10:36:57 [MQTT Call: paho2145044059066] INFO  c.s.Seminar1.services.MqttService - Gespeichert - Temperatur Differenz: 0.1
2026-07-10 10:36:58 [MQTT Call: paho2145044059066] INFO  c.s.Seminar1.services.MqttService - Gespeichert - Temperatur Soll: 27.42
2026-07-10 10:36:58 [MQTT Call: paho2145044059066] INFO  c.s.Seminar1.services.MqttService - Gespeichert - Temperatur Differenz: 0.07
2026-07-10 10:36:59 [MQTT Call: paho2145044059066] INFO  c.s.Seminar1.services.MqttService - Gespeichert - Temperatur Differenz: 0.06
2026-07-10 10:36:59 [MQTT Call: paho2145044059066] INFO  c.s.Seminar1.services.MqttService - Gespeichert - Temperatur Ist: 27.48
2026-07-10 10:37:00 [MQTT Call: paho2145044059066] INFO  c.s.Seminar1.services.MqttService - Gespeichert - Temperatur Soll: 27.39
2026-07-10 10:37:00 [MQTT Call: paho2145044059066] INFO  c.s.Seminar1.services.MqttService - Gespeichert - Temperatur Differenz: 0.1
2026-07-10 10:37:00 [MQTT Call: paho2145044059066] INFO  c.s.Seminar1.services.MqttService - Gespeichert - Temperatur Ist: 27.49
2026-07-10 10:37:01 [MQTT Call: paho2145044059066] INFO  c.s.Seminar1.services.MqttService - Gespeichert - Temperatur Soll: 27.42
2026-07-10 10:37:01 [MQTT Call: paho2145044059066] INFO  c.s.Seminar1.services.MqttService - Gespeichert - Temperatur Differenz: 0.07
2026-07-10 10:37:02 [MQTT Call: paho2145044059066] INFO  c.s.Seminar1.services.MqttService - Gespeichert - Temperatur Differenz: 0.1
2026-07-10 10:37:03 [MQTT Call: paho2145044059066] INFO  c.s.Seminar1.services.MqttService - Gespeichert - Temperatur Soll: 27.39
2026-07-10 10:37:05 [MQTT Call: paho2145044059066] INFO  c.s.Seminar1.services.MqttService - Gespeichert - Temperatur Differenz: 0.07
2026-07-10 10:37:06 [MQTT Call: paho2145044059066] INFO  c.s.Seminar1.services.MqttService - Gespeichert - Temperatur Soll: 27.42
2026-07-10 10:37:07 [MQTT Call: paho2145044059066] INFO  c.s.Seminar1.services.MqttService - Gespeichert - Temperatur Soll: 27.39
2026-07-10 10:37:07 [MQTT Call: paho2145044059066] INFO  c.s.Seminar1.services.MqttService - Gespeichert - Temperatur Differenz: 0.1
2026-07-10 10:37:08 [MQTT Call: paho2145044059066] INFO  c.s.Seminar1.services.MqttService - Gespeichert - Temperatur Soll: 27.42
2026-07-10 10:37:08 [MQTT Call: paho2145044059066] INFO  c.s.Seminar1.services.MqttService - Gespeichert - Temperatur Differenz: 0.07
2026-07-10 10:37:09 [MQTT Call: paho2145044059066] INFO  c.s.Seminar1.services.MqttService - Gespeichert - Temperatur Soll: 27.39
2026-07-10 10:37:09 [MQTT Call: paho2145044059066] INFO  c.s.Seminar1.services.MqttService - Gespeichert - Temperatur Differenz: 0.1
2026-07-10 10:37:15 [MQTT Call: paho2145044059066] INFO  c.s.Seminar1.services.MqttService - Gespeichert - Temperatur Soll: 27.42
2026-07-10 10:37:15 [MQTT Call: paho2145044059066] INFO  c.s.Seminar1.services.MqttService - Gespeichert - Temperatur Differenz: 0.06
2026-07-10 10:37:15 [MQTT Call: paho2145044059066] INFO  c.s.Seminar1.services.MqttService - Gespeichert - Temperatur Ist: 27.48
2026-07-10 10:37:16 [MQTT Call: paho2145044059066] INFO  c.s.Seminar1.services.MqttService - Gespeichert - Temperatur Soll: 27.39
2026-07-10 10:37:16 [MQTT Call: paho2145044059066] INFO  c.s.Seminar1.services.MqttService - Gespeichert - Temperatur Differenz: 0.1
2026-07-10 10:37:16 [MQTT Call: paho2145044059066] INFO  c.s.Seminar1.services.MqttService - Gespeichert - Temperatur Ist: 27.49
2026-07-10 10:37:18 [MQTT Call: paho2145044059066] INFO  c.s.Seminar1.services.MqttService - Gespeichert - Temperatur Soll: 27.42
2026-07-10 10:37:18 [MQTT Call: paho2145044059066] INFO  c.s.Seminar1.services.MqttService - Gespeichert - Temperatur Differenz: 0.07
2026-07-10 10:37:19 [MQTT Call: paho2145044059066] INFO  c.s.Seminar1.services.MqttService - Gespeichert - Temperatur Soll: 27.39
2026-07-10 10:37:19 [MQTT Call: paho2145044059066] INFO  c.s.Seminar1.services.MqttService - Gespeichert - Temperatur Differenz: 0.1
2026-07-10 10:37:23 [MQTT Call: paho2145044059066] INFO  c.s.Seminar1.services.MqttService - Gespeichert - Temperatur Soll: 27.42
2026-07-10 10:37:24 [MQTT Call: paho2145044059066] INFO  c.s.Seminar1.services.MqttService - Gespeichert - Temperatur Soll: 27.39
2026-07-10 10:37:28 [MQTT Call: paho2145044059066] INFO  c.s.Seminar1.services.MqttService - Gespeichert - Temperatur Soll: 27.42
2026-07-10 10:37:28 [MQTT Call: paho2145044059066] INFO  c.s.Seminar1.services.MqttService - Gespeichert - Temperatur Differenz: 0.07
2026-07-10 10:37:29 [MQTT Call: paho2145044059066] INFO  c.s.Seminar1.services.MqttService - Gespeichert - Temperatur Soll: 27.39
2026-07-10 10:37:29 [MQTT Call: paho2145044059066] INFO  c.s.Seminar1.services.MqttService - Gespeichert - Temperatur Differenz: 0.1
2026-07-10 10:37:30 [MQTT Call: paho2145044059066] INFO  c.s.Seminar1.services.MqttService - Gespeichert - Temperatur Soll: 27.42
2026-07-10 10:37:31 [MQTT Call: paho2145044059066] INFO  c.s.Seminar1.services.MqttService - Gespeichert - Temperatur Differenz: 0.07
2026-07-10 10:37:32 [MQTT Call: paho2145044059066] INFO  c.s.Seminar1.services.MqttService - Gespeichert - Temperatur Soll: 27.39
2026-07-10 10:37:32 [MQTT Call: paho2145044059066] INFO  c.s.Seminar1.services.MqttService - Gespeichert - Temperatur Differenz: 0.1
2026-07-10 10:37:54 [MQTT Call: paho2145044059066] INFO  c.s.Seminar1.services.MqttService - Gespeichert - Wago750 Control: 1
2026-07-10 10:37:55 [MQTT Call: paho2145044059066] INFO  c.s.Seminar1.services.MqttService - Gespeichert - Wago750 Status: 255.0
2026-07-10 10:37:56 [MQTT Call: paho2145044059066] INFO  c.s.Seminar1.services.MqttService - Gespeichert - Wago750 Status: 65280.0
2026-07-10 10:37:57 [MQTT Call: paho2145044059066] INFO  c.s.Seminar1.services.MqttService - Gespeichert - Wago750 Status: 255.0
2026-07-10 10:37:58 [MQTT Call: paho2145044059066] INFO  c.s.Seminar1.services.MqttService - Gespeichert - Wago750 Status: 65280.0
2026-07-10 10:37:59 [MQTT Call: paho2145044059066] INFO  c.s.Seminar1.services.MqttService - Gespeichert - Wago750 Status: 255.0
2026-07-10 10:38:00 [MQTT Call: paho2145044059066] INFO  c.s.Seminar1.services.MqttService - Gespeichert - Wago750 Status: 65280.0
2026-07-10 10:38:01 [MQTT Call: paho2145044059066] INFO  c.s.Seminar1.services.MqttService - Gespeichert - Wago750 Status: 255.0
2026-07-10 10:38:02 [MQTT Call: paho2145044059066] INFO  c.s.Seminar1.services.MqttService - Gespeichert - Wago750 Status: 65280.0
2026-07-10 10:38:03 [MQTT Call: paho2145044059066] INFO  c.s.Seminar1.services.MqttService - Gespeichert - Wago750 Status: 255.0
2026-07-10 10:38:04 [MQTT Call: paho2145044059066] INFO  c.s.Seminar1.services.MqttService - Gespeichert - Wago750 Status: 65280.0
2026-07-10 10:38:05 [MQTT Call: paho2145044059066] INFO  c.s.Seminar1.services.MqttService - Gespeichert - Wago750 Status: 255.0
2026-07-10 10:38:06 [MQTT Call: paho2145044059066] INFO  c.s.Seminar1.services.MqttService - Gespeichert - Wago750 Status: 65280.0
2026-07-10 10:38:07 [MQTT Call: paho2145044059066] INFO  c.s.Seminar1.services.MqttService - Gespeichert - Wago750 Status: 255.0
2026-07-10 10:38:08 [MQTT Call: paho2145044059066] INFO  c.s.Seminar1.services.MqttService - Gespeichert - Wago750 Status: 65280.0
2026-07-10 10:38:09 [MQTT Call: paho2145044059066] INFO  c.s.Seminar1.services.MqttService - Gespeichert - Wago750 Status: 255.0
2026-07-10 10:38:10 [MQTT Call: paho2145044059066] INFO  c.s.Seminar1.services.MqttService - Gespeichert - Wago750 Status: 65280.0
2026-07-10 10:38:11 [MQTT Call: paho2145044059066] INFO  c.s.Seminar1.services.MqttService - Gespeichert - Wago750 Status: 255.0
2026-07-10 10:38:12 [MQTT Call: paho2145044059066] INFO  c.s.Seminar1.services.MqttService - Gespeichert - Wago750 Status: 65280.0
2026-07-10 10:38:13 [MQTT Call: paho2145044059066] INFO  c.s.Seminar1.services.MqttService - Gespeichert - Wago750 Status: 255.0
2026-07-10 10:38:14 [MQTT Call: paho2145044059066] INFO  c.s.Seminar1.services.MqttService - Gespeichert - Wago750 Status: 65280.0
2026-07-10 10:38:15 [MQTT Call: paho2145044059066] INFO  c.s.Seminar1.services.MqttService - Gespeichert - Wago750 Status: 255.0
2026-07-10 10:38:16 [MQTT Call: paho2145044059066] INFO  c.s.Seminar1.services.MqttService - Gespeichert - Wago750 Status: 65280.0
2026-07-10 10:38:17 [MQTT Call: paho2145044059066] INFO  c.s.Seminar1.services.MqttService - Gespeichert - Wago750 Status: 255.0
2026-07-10 10:38:18 [MQTT Call: paho2145044059066] INFO  c.s.Seminar1.services.MqttService - Gespeichert - Wago750 Status: 65280.0
2026-07-10 10:38:19 [MQTT Call: paho2145044059066] INFO  c.s.Seminar1.services.MqttService - Gespeichert - Wago750 Status: 255.0
2026-07-10 10:38:20 [MQTT Call: paho2145044059066] INFO  c.s.Seminar1.services.MqttService - Gespeichert - Wago750 Status: 65280.0
2026-07-10 10:38:21 [MQTT Call: paho2145044059066] INFO  c.s.Seminar1.services.MqttService - Gespeichert - Wago750 Status: 255.0
2026-07-10 10:38:22 [MQTT Call: paho2145044059066] INFO  c.s.Seminar1.services.MqttService - Gespeichert - Wago750 Status: 65280.0
2026-07-10 10:38:23 [MQTT Call: paho2145044059066] INFO  c.s.Seminar1.services.MqttService - Gespeichert - Wago750 Status: 255.0
2026-07-10 10:38:24 [MQTT Call: paho2145044059066] INFO  c.s.Seminar1.services.MqttService - Gespeichert - Wago750 Status: 65280.0
2026-07-10 10:38:25 [MQTT Call: paho2145044059066] INFO  c.s.Seminar1.services.MqttService - Gespeichert - Wago750 Status: 255.0
2026-07-10 10:38:26 [MQTT Call: paho2145044059066] INFO  c.s.Seminar1.services.MqttService - Gespeichert - Wago750 Status: 65280.0
2026-07-10 10:38:27 [MQTT Call: paho2145044059066] INFO  c.s.Seminar1.services.MqttService - Gespeichert - Wago750 Status: 255.0
2026-07-10 10:38:28 [MQTT Call: paho2145044059066] INFO  c.s.Seminar1.services.MqttService - Gespeichert - Wago750 Status: 65280.0
2026-07-10 10:38:28 [MQTT Call: paho2145044059066] INFO  c.s.Seminar1.services.MqttService - Gespeichert - Temperatur Soll: 27.42
2026-07-10 10:38:29 [MQTT Call: paho2145044059066] INFO  c.s.Seminar1.services.MqttService - Gespeichert - Wago750 Status: 255.0
2026-07-10 10:38:29 [MQTT Call: paho2145044059066] INFO  c.s.Seminar1.services.MqttService - Gespeichert - Temperatur Soll: 27.39
2026-07-10 10:38:30 [MQTT Call: paho2145044059066] INFO  c.s.Seminar1.services.MqttService - Gespeichert - Wago750 Status: 65280.0
2026-07-10 10:38:31 [MQTT Call: paho2145044059066] INFO  c.s.Seminar1.services.MqttService - Gespeichert - Wago750 Status: 255.0
2026-07-10 10:38:31 [MQTT Call: paho2145044059066] INFO  c.s.Seminar1.services.MqttService - Gespeichert - Temperatur Soll: 27.42
2026-07-10 10:38:31 [MQTT Call: paho2145044059066] INFO  c.s.Seminar1.services.MqttService - Gespeichert - Temperatur Differenz: 0.07
2026-07-10 10:38:32 [MQTT Call: paho2145044059066] INFO  c.s.Seminar1.services.MqttService - Gespeichert - Wago750 Status: 65280.0
2026-07-10 10:38:32 [MQTT Call: paho2145044059066] INFO  c.s.Seminar1.services.MqttService - Gespeichert - Temperatur Differenz: 0.1
2026-07-10 10:38:32 [MQTT Call: paho2145044059066] INFO  c.s.Seminar1.services.MqttService - Gespeichert - Temperatur Ist: 27.52
2026-07-10 10:38:33 [MQTT Call: paho2145044059066] INFO  c.s.Seminar1.services.MqttService - Gespeichert - Wago750 Status: 255.0
2026-07-10 10:38:33 [MQTT Call: paho2145044059066] INFO  c.s.Seminar1.services.MqttService - Gespeichert - Temperatur Differenz: 0.07
2026-07-10 10:38:33 [MQTT Call: paho2145044059066] INFO  c.s.Seminar1.services.MqttService - Gespeichert - Temperatur Ist: 27.49
2026-07-10 10:38:34 [MQTT Call: paho2145044059066] INFO  c.s.Seminar1.services.MqttService - Gespeichert - Wago750 Status: 65280.0
2026-07-10 10:38:35 [MQTT Call: paho2145044059066] INFO  c.s.Seminar1.services.MqttService - Gespeichert - Wago750 Status: 255.0
2026-07-10 10:38:36 [MQTT Call: paho2145044059066] INFO  c.s.Seminar1.services.MqttService - Gespeichert - Wago750 Status: 65280.0
2026-07-10 10:38:36 [MQTT Call: paho2145044059066] INFO  c.s.Seminar1.services.MqttService - Gespeichert - Temperatur Differenz: 0.1
2026-07-10 10:38:36 [MQTT Call: paho2145044059066] INFO  c.s.Seminar1.services.MqttService - Gespeichert - Temperatur Ist: 27.52
2026-07-10 10:38:37 [MQTT Call: paho2145044059066] INFO  c.s.Seminar1.services.MqttService - Gespeichert - Wago750 Status: 255.0
2026-07-10 10:38:37 [MQTT Call: paho2145044059066] INFO  c.s.Seminar1.services.MqttService - Gespeichert - Temperatur Differenz: 0.07
2026-07-10 10:38:37 [MQTT Call: paho2145044059066] INFO  c.s.Seminar1.services.MqttService - Gespeichert - Temperatur Ist: 27.49
2026-07-10 10:38:38 [MQTT Call: paho2145044059066] INFO  c.s.Seminar1.services.MqttService - Gespeichert - Wago750 Status: 65280.0
2026-07-10 10:38:38 [MQTT Call: paho2145044059066] INFO  c.s.Seminar1.services.MqttService - Gespeichert - Temperatur Differenz: 0.1
2026-07-10 10:38:38 [MQTT Call: paho2145044059066] INFO  c.s.Seminar1.services.MqttService - Gespeichert - Temperatur Ist: 27.52
2026-07-10 10:38:39 [MQTT Call: paho2145044059066] INFO  c.s.Seminar1.services.MqttService - Gespeichert - Wago750 Status: 255.0
2026-07-10 10:38:39 [MQTT Call: paho2145044059066] INFO  c.s.Seminar1.services.MqttService - Gespeichert - Temperatur Differenz: 0.07
2026-07-10 10:38:39 [MQTT Call: paho2145044059066] INFO  c.s.Seminar1.services.MqttService - Gespeichert - Temperatur Ist: 27.49
2026-07-10 10:38:40 [MQTT Call: paho2145044059066] INFO  c.s.Seminar1.services.MqttService - Gespeichert - Wago750 Status: 65280.0
2026-07-10 10:38:41 [MQTT Call: paho2145044059066] INFO  c.s.Seminar1.services.MqttService - Gespeichert - Wago750 Status: 255.0
2026-07-10 10:38:41 [MQTT Call: paho2145044059066] INFO  c.s.Seminar1.services.MqttService - Gespeichert - Temperatur Differenz: 0.1
2026-07-10 10:38:41 [MQTT Call: paho2145044059066] INFO  c.s.Seminar1.services.MqttService - Gespeichert - Temperatur Ist: 27.52
2026-07-10 10:38:42 [MQTT Call: paho2145044059066] INFO  c.s.Seminar1.services.MqttService - Gespeichert - Wago750 Status: 65280.0
2026-07-10 10:38:42 [MQTT Call: paho2145044059066] INFO  c.s.Seminar1.services.MqttService - Gespeichert - Temperatur Differenz: 0.07
2026-07-10 10:38:42 [MQTT Call: paho2145044059066] INFO  c.s.Seminar1.services.MqttService - Gespeichert - Temperatur Ist: 27.49
2026-07-10 10:38:43 [MQTT Call: paho2145044059066] INFO  c.s.Seminar1.services.MqttService - Gespeichert - Wago750 Status: 255.0
2026-07-10 10:38:43 [MQTT Call: paho2145044059066] INFO  c.s.Seminar1.services.MqttService - Gespeichert - Temperatur Differenz: 0.1
2026-07-10 10:38:43 [MQTT Call: paho2145044059066] INFO  c.s.Seminar1.services.MqttService - Gespeichert - Temperatur Ist: 27.52
2026-07-10 10:38:44 [MQTT Call: paho2145044059066] INFO  c.s.Seminar1.services.MqttService - Gespeichert - Wago750 Status: 65280.0
2026-07-10 10:38:45 [MQTT Call: paho2145044059066] INFO  c.s.Seminar1.services.MqttService - Gespeichert - Wago750 Status: 255.0
2026-07-10 10:38:46 [MQTT Call: paho2145044059066] INFO  c.s.Seminar1.services.MqttService - Gespeichert - Wago750 Status: 65280.0
2026-07-10 10:38:47 [MQTT Call: paho2145044059066] INFO  c.s.Seminar1.services.MqttService - Gespeichert - Wago750 Status: 255.0
2026-07-10 10:38:48 [MQTT Call: paho2145044059066] INFO  c.s.Seminar1.services.MqttService - Gespeichert - Wago750 Status: 65280.0
2026-07-10 10:38:49 [MQTT Call: paho2145044059066] INFO  c.s.Seminar1.services.MqttService - Gespeichert - Wago750 Status: 255.0
2026-07-10 10:38:50 [MQTT Call: paho2145044059066] INFO  c.s.Seminar1.services.MqttService - Gespeichert - Wago750 Status: 65280.0
2026-07-10 10:38:51 [MQTT Call: paho2145044059066] INFO  c.s.Seminar1.services.MqttService - Gespeichert - Wago750 Status: 255.0
2026-07-10 10:38:52 [MQTT Call: paho2145044059066] INFO  c.s.Seminar1.services.MqttService - Gespeichert - Wago750 Status: 65280.0
2026-07-10 10:38:53 [MQTT Call: paho2145044059066] INFO  c.s.Seminar1.services.MqttService - Gespeichert - Wago750 Status: 255.0
2026-07-10 10:38:54 [MQTT Call: paho2145044059066] INFO  c.s.Seminar1.services.MqttService - Gespeichert - Wago750 Status: 65280.0
2026-07-10 10:38:55 [MQTT Call: paho2145044059066] INFO  c.s.Seminar1.services.MqttService - Gespeichert - Wago750 Status: 255.0
2026-07-10 10:38:56 [MQTT Call: paho2145044059066] INFO  c.s.Seminar1.services.MqttService - Gespeichert - Wago750 Status: 65280.0
2026-07-10 10:38:59 [MQTT Call: paho2145044059066] INFO  c.s.Seminar1.services.MqttService - Gespeichert - Wago750 Status: 255.0
2026-07-10 10:39:00 [MQTT Call: paho2145044059066] INFO  c.s.Seminar1.services.MqttService - Gespeichert - Wago750 Status: 65280.0
2026-07-10 10:39:01 [MQTT Call: paho2145044059066] INFO  c.s.Seminar1.services.MqttService - Gespeichert - Wago750 Status: 255.0
2026-07-10 10:39:02 [MQTT Call: paho2145044059066] INFO  c.s.Seminar1.services.MqttService - Gespeichert - Wago750 Status: 65280.0
2026-07-10 10:39:03 [MQTT Call: paho2145044059066] INFO  c.s.Seminar1.services.MqttService - Gespeichert - Wago750 Status: 255.0
2026-07-10 10:39:04 [MQTT Call: paho2145044059066] INFO  c.s.Seminar1.services.MqttService - Gespeichert - Wago750 Status: 65280.0
2026-07-10 10:39:05 [MQTT Call: paho2145044059066] INFO  c.s.Seminar1.services.MqttService - Gespeichert - Wago750 Status: 255.0
2026-07-10 10:39:06 [MQTT Call: paho2145044059066] INFO  c.s.Seminar1.services.MqttService - Gespeichert - Wago750 Status: 65280.0
2026-07-10 10:39:07 [MQTT Call: paho2145044059066] INFO  c.s.Seminar1.services.MqttService - Gespeichert - Wago750 Status: 255.0
2026-07-10 10:39:08 [MQTT Call: paho2145044059066] INFO  c.s.Seminar1.services.MqttService - Gespeichert - Wago750 Status: 65280.0
2026-07-10 10:39:09 [MQTT Call: paho2145044059066] INFO  c.s.Seminar1.services.MqttService - Gespeichert - Wago750 Status: 255.0
2026-07-10 10:39:10 [MQTT Call: paho2145044059066] INFO  c.s.Seminar1.services.MqttService - Gespeichert - Wago750 Status: 65280.0
2026-07-10 10:39:11 [MQTT Call: paho2145044059066] INFO  c.s.Seminar1.services.MqttService - Gespeichert - Wago750 Status: 255.0
2026-07-10 10:39:12 [MQTT Call: paho2145044059066] INFO  c.s.Seminar1.services.MqttService - Gespeichert - Wago750 Status: 65280.0
2026-07-10 10:39:13 [MQTT Call: paho2145044059066] INFO  c.s.Seminar1.services.MqttService - Gespeichert - Wago750 Status: 255.0
2026-07-10 10:39:14 [MQTT Call: paho2145044059066] INFO  c.s.Seminar1.services.MqttService - Gespeichert - Wago750 Status: 65280.0
2026-07-10 10:39:15 [MQTT Call: paho2145044059066] INFO  c.s.Seminar1.services.MqttService - Gespeichert - Wago750 Status: 255.0
2026-07-10 10:39:16 [MQTT Call: paho2145044059066] INFO  c.s.Seminar1.services.MqttService - Gespeichert - Wago750 Status: 65280.0
2026-07-10 10:39:17 [MQTT Call: paho2145044059066] INFO  c.s.Seminar1.services.MqttService - Gespeichert - Wago750 Status: 255.0
2026-07-10 10:39:18 [MQTT Call: paho2145044059066] INFO  c.s.Seminar1.services.MqttService - Gespeichert - Wago750 Status: 65280.0
2026-07-10 10:39:19 [MQTT Call: paho2145044059066] INFO  c.s.Seminar1.services.MqttService - Gespeichert - Wago750 Status: 255.0
2026-07-10 10:39:20 [MQTT Call: paho2145044059066] INFO  c.s.Seminar1.services.MqttService - Gespeichert - Wago750 Status: 65280.0
2026-07-10 10:39:21 [MQTT Call: paho2145044059066] INFO  c.s.Seminar1.services.MqttService - Gespeichert - Wago750 Status: 255.0
2026-07-10 10:39:22 [MQTT Call: paho2145044059066] INFO  c.s.Seminar1.services.MqttService - Gespeichert - Wago750 Status: 65280.0
2026-07-10 10:39:23 [MQTT Call: paho2145044059066] INFO  c.s.Seminar1.services.MqttService - Gespeichert - Wago750 Status: 255.0
2026-07-10 10:39:24 [MQTT Call: paho2145044059066] INFO  c.s.Seminar1.services.MqttService - Gespeichert - Wago750 Status: 65280.0
2026-07-10 10:39:25 [MQTT Call: paho2145044059066] INFO  c.s.Seminar1.services.MqttService - Gespeichert - Wago750 Status: 255.0
2026-07-10 10:39:26 [MQTT Call: paho2145044059066] INFO  c.s.Seminar1.services.MqttService - Gespeichert - Wago750 Status: 65280.0
2026-07-10 10:39:27 [MQTT Call: paho2145044059066] INFO  c.s.Seminar1.services.MqttService - Gespeichert - Wago750 Status: 255.0
2026-07-10 10:39:28 [MQTT Call: paho2145044059066] INFO  c.s.Seminar1.services.MqttService - Gespeichert - Wago750 Status: 65280.0
2026-07-10 10:39:29 [MQTT Call: paho2145044059066] INFO  c.s.Seminar1.services.MqttService - Gespeichert - Wago750 Status: 255.0
2026-07-10 10:39:30 [MQTT Call: paho2145044059066] INFO  c.s.Seminar1.services.MqttService - Gespeichert - Wago750 Status: 65280.0
2026-07-10 10:39:31 [MQTT Call: paho2145044059066] INFO  c.s.Seminar1.services.MqttService - Gespeichert - Wago750 Status: 255.0
2026-07-10 10:39:32 [MQTT Call: paho2145044059066] INFO  c.s.Seminar1.services.MqttService - Gespeichert - Wago750 Status: 65280.0
2026-07-10 10:39:33 [MQTT Call: paho2145044059066] INFO  c.s.Seminar1.services.MqttService - Gespeichert - Wago750 Status: 255.0
2026-07-10 10:39:34 [MQTT Call: paho2145044059066] INFO  c.s.Seminar1.services.MqttService - Gespeichert - Wago750 Status: 65280.0
2026-07-10 10:39:35 [MQTT Call: paho2145044059066] INFO  c.s.Seminar1.services.MqttService - Gespeichert - Wago750 Status: 255.0
2026-07-10 10:39:36 [MQTT Call: paho2145044059066] INFO  c.s.Seminar1.services.MqttService - Gespeichert - Wago750 Status: 65280.0
2026-07-10 10:39:37 [MQTT Call: paho2145044059066] INFO  c.s.Seminar1.services.MqttService - Gespeichert - Wago750 Status: 255.0
2026-07-10 10:39:38 [MQTT Call: paho2145044059066] INFO  c.s.Seminar1.services.MqttService - Gespeichert - Wago750 Status: 65280.0
2026-07-10 10:39:39 [MQTT Call: paho2145044059066] INFO  c.s.Seminar1.services.MqttService - Gespeichert - Wago750 Status: 255.0
2026-07-10 10:39:40 [MQTT Call: paho2145044059066] INFO  c.s.Seminar1.services.MqttService - Gespeichert - Wago750 Status: 65280.0
2026-07-10 10:39:41 [MQTT Call: paho2145044059066] INFO  c.s.Seminar1.services.MqttService - Gespeichert - Wago750 Status: 255.0
2026-07-10 10:39:42 [MQTT Call: paho2145044059066] INFO  c.s.Seminar1.services.MqttService - Gespeichert - Wago750 Status: 65280.0
2026-07-10 10:39:43 [MQTT Call: paho2145044059066] INFO  c.s.Seminar1.services.MqttService - Gespeichert - Wago750 Status: 255.0
2026-07-10 10:39:44 [MQTT Call: paho2145044059066] INFO  c.s.Seminar1.services.MqttService - Gespeichert - Wago750 Status: 65280.0
2026-07-10 10:39:45 [MQTT Call: paho2145044059066] INFO  c.s.Seminar1.services.MqttService - Gespeichert - Wago750 Status: 255.0
2026-07-10 10:39:46 [MQTT Call: paho2145044059066] INFO  c.s.Seminar1.services.MqttService - Gespeichert - Wago750 Status: 65280.0
2026-07-10 10:39:47 [MQTT Call: paho2145044059066] INFO  c.s.Seminar1.services.MqttService - Gespeichert - Wago750 Status: 255.0
2026-07-10 10:39:48 [MQTT Call: paho2145044059066] INFO  c.s.Seminar1.services.MqttService - Gespeichert - Wago750 Status: 65280.0
2026-07-10 10:39:49 [MQTT Call: paho2145044059066] INFO  c.s.Seminar1.services.MqttService - Gespeichert - Wago750 Status: 255.0
2026-07-10 10:39:50 [MQTT Call: paho2145044059066] INFO  c.s.Seminar1.services.MqttService - Gespeichert - Wago750 Status: 65280.0
2026-07-10 10:39:51 [MQTT Call: paho2145044059066] INFO  c.s.Seminar1.services.MqttService - Gespeichert - Wago750 Status: 255.0
2026-07-10 10:39:52 [MQTT Call: paho2145044059066] INFO  c.s.Seminar1.services.MqttService - Gespeichert - Wago750 Status: 65280.0
2026-07-10 10:39:53 [MQTT Call: paho2145044059066] INFO  c.s.Seminar1.services.MqttService - Gespeichert - Wago750 Status: 255.0
2026-07-10 10:39:54 [MQTT Call: paho2145044059066] INFO  c.s.Seminar1.services.MqttService - Gespeichert - Wago750 Status: 65280.0
2026-07-10 10:39:55 [MQTT Call: paho2145044059066] INFO  c.s.Seminar1.services.MqttService - Gespeichert - Wago750 Status: 255.0
2026-07-10 10:39:56 [MQTT Call: paho2145044059066] INFO  c.s.Seminar1.services.MqttService - Gespeichert - Wago750 Status: 65280.0
2026-07-10 10:39:57 [MQTT Call: paho2145044059066] INFO  c.s.Seminar1.services.MqttService - Gespeichert - Wago750 Status: 255.0
2026-07-10 10:39:57 [MQTT Call: paho2145044059066] INFO  c.s.Seminar1.services.MqttService - Gespeichert - Temperatur Soll: 27.43
2026-07-10 10:39:57 [MQTT Call: paho2145044059066] INFO  c.s.Seminar1.services.MqttService - Gespeichert - Temperatur Differenz: 0.09
2026-07-10 10:40:00 [MQTT Call: paho2145044059066] INFO  c.s.Seminar1.services.MqttService - Gespeichert - Wago750 Status: 65280.0
2026-07-10 10:40:01 [MQTT Call: paho2145044059066] INFO  c.s.Seminar1.services.MqttService - Gespeichert - Wago750 Status: 255.0
2026-07-10 10:40:02 [MQTT Call: paho2145044059066] INFO  c.s.Seminar1.services.MqttService - Gespeichert - Wago750 Status: 65280.0
2026-07-10 10:40:03 [MQTT Call: paho2145044059066] INFO  c.s.Seminar1.services.MqttService - Gespeichert - Wago750 Status: 255.0
2026-07-10 10:40:04 [MQTT Call: paho2145044059066] INFO  c.s.Seminar1.services.MqttService - Gespeichert - Wago750 Status: 65280.0
2026-07-10 10:40:05 [MQTT Call: paho2145044059066] INFO  c.s.Seminar1.services.MqttService - Gespeichert - Wago750 Status: 255.0
2026-07-10 10:40:06 [MQTT Call: paho2145044059066] INFO  c.s.Seminar1.services.MqttService - Gespeichert - Wago750 Status: 65280.0
2026-07-10 10:40:07 [MQTT Call: paho2145044059066] INFO  c.s.Seminar1.services.MqttService - Gespeichert - Wago750 Status: 255.0
2026-07-10 10:40:08 [MQTT Call: paho2145044059066] INFO  c.s.Seminar1.services.MqttService - Gespeichert - Wago750 Status: 65280.0
2026-07-10 10:40:09 [MQTT Call: paho2145044059066] INFO  c.s.Seminar1.services.MqttService - Gespeichert - Wago750 Status: 255.0
2026-07-10 10:40:10 [MQTT Call: paho2145044059066] INFO  c.s.Seminar1.services.MqttService - Gespeichert - Wago750 Status: 65280.0
2026-07-10 10:40:11 [MQTT Call: paho2145044059066] INFO  c.s.Seminar1.services.MqttService - Gespeichert - Wago750 Status: 255.0
2026-07-10 10:40:12 [MQTT Call: paho2145044059066] INFO  c.s.Seminar1.services.MqttService - Gespeichert - Wago750 Status: 65280.0
2026-07-10 10:40:13 [MQTT Call: paho2145044059066] INFO  c.s.Seminar1.services.MqttService - Gespeichert - Wago750 Status: 255.0
2026-07-10 10:40:14 [MQTT Call: paho2145044059066] INFO  c.s.Seminar1.services.MqttService - Gespeichert - Wago750 Status: 65280.0
2026-07-10 10:40:15 [MQTT Call: paho2145044059066] INFO  c.s.Seminar1.services.MqttService - Gespeichert - Wago750 Status: 255.0
2026-07-10 10:40:16 [MQTT Call: paho2145044059066] INFO  c.s.Seminar1.services.MqttService - Gespeichert - Wago750 Control: 2
2026-07-10 10:40:16 [MQTT Call: paho2145044059066] INFO  c.s.Seminar1.services.MqttService - Gespeichert - Wago750 Status: 512.0
2026-07-10 10:40:17 [MQTT Call: paho2145044059066] INFO  c.s.Seminar1.services.MqttService - Gespeichert - Wago750 Status: 256.0
2026-07-10 10:40:17 [MQTT Call: paho2145044059066] INFO  c.s.Seminar1.services.MqttService - Gespeichert - Temperatur Differenz: 0.1
2026-07-10 10:40:17 [MQTT Call: paho2145044059066] INFO  c.s.Seminar1.services.MqttService - Gespeichert - Temperatur Ist: 27.53
2026-07-10 10:40:18 [MQTT Call: paho2145044059066] INFO  c.s.Seminar1.services.MqttService - Gespeichert - Wago750 Status: 1.0
2026-07-10 10:40:19 [MQTT Call: paho2145044059066] INFO  c.s.Seminar1.services.MqttService - Gespeichert - Wago750 Status: 2.0
2026-07-10 10:40:20 [MQTT Call: paho2145044059066] INFO  c.s.Seminar1.services.MqttService - Gespeichert - Wago750 Status: 4.0
2026-07-10 10:40:22 [MQTT Call: paho2145044059066] INFO  c.s.Seminar1.services.MqttService - Gespeichert - Wago750 Status: 8.0
2026-07-10 10:40:23 [MQTT Call: paho2145044059066] INFO  c.s.Seminar1.services.MqttService - Gespeichert - Wago750 Status: 16.0
2026-07-10 10:40:24 [MQTT Call: paho2145044059066] INFO  c.s.Seminar1.services.MqttService - Gespeichert - Wago750 Status: 32.0
2026-07-10 10:40:25 [MQTT Call: paho2145044059066] INFO  c.s.Seminar1.services.MqttService - Gespeichert - Wago750 Status: 64.0
2026-07-10 10:40:26 [MQTT Call: paho2145044059066] INFO  c.s.Seminar1.services.MqttService - Gespeichert - Wago750 Status: 128.0
2026-07-10 10:40:27 [MQTT Call: paho2145044059066] INFO  c.s.Seminar1.services.MqttService - Gespeichert - Wago750 Status: 32768.0
2026-07-10 10:40:28 [MQTT Call: paho2145044059066] INFO  c.s.Seminar1.services.MqttService - Gespeichert - Wago750 Status: 16384.0
2026-07-10 10:40:29 [MQTT Call: paho2145044059066] INFO  c.s.Seminar1.services.MqttService - Gespeichert - Wago750 Status: 8192.0
2026-07-10 10:40:30 [MQTT Call: paho2145044059066] INFO  c.s.Seminar1.services.MqttService - Gespeichert - Wago750 Status: 4096.0
2026-07-10 10:40:30 [MQTT Call: paho2145044059066] INFO  c.s.Seminar1.services.MqttService - Gespeichert - Wago750 Control: 3
2026-07-10 10:40:31 [MQTT Call: paho2145044059066] INFO  c.s.Seminar1.services.MqttService - Gespeichert - Wago750 Status: 33153.0
2026-07-10 10:40:32 [MQTT Call: paho2145044059066] INFO  c.s.Seminar1.services.MqttService - Gespeichert - Wago750 Status: 16962.0
2026-07-10 10:40:33 [MQTT Call: paho2145044059066] INFO  c.s.Seminar1.services.MqttService - Gespeichert - Wago750 Status: 9252.0
2026-07-10 10:40:34 [MQTT Call: paho2145044059066] INFO  c.s.Seminar1.services.MqttService - Gespeichert - Wago750 Status: 6168.0
2026-07-10 10:40:35 [MQTT Call: paho2145044059066] INFO  c.s.Seminar1.services.MqttService - Gespeichert - Wago750 Status: 9252.0
2026-07-10 10:40:36 [MQTT Call: paho2145044059066] INFO  c.s.Seminar1.services.MqttService - Gespeichert - Wago750 Status: 16962.0
2026-07-10 10:40:37 [MQTT Call: paho2145044059066] INFO  c.s.Seminar1.services.MqttService - Gespeichert - Wago750 Status: 33153.0
2026-07-10 10:40:38 [MQTT Call: paho2145044059066] INFO  c.s.Seminar1.services.MqttService - Gespeichert - Wago750 Status: 16962.0
2026-07-10 10:40:39 [MQTT Call: paho2145044059066] INFO  c.s.Seminar1.services.MqttService - Gespeichert - Wago750 Status: 9252.0
2026-07-10 10:40:40 [MQTT Call: paho2145044059066] INFO  c.s.Seminar1.services.MqttService - Gespeichert - Wago750 Status: 6168.0
2026-07-10 10:40:41 [MQTT Call: paho2145044059066] INFO  c.s.Seminar1.services.MqttService - Gespeichert - Wago750 Status: 9252.0
2026-07-10 10:40:42 [MQTT Call: paho2145044059066] INFO  c.s.Seminar1.services.MqttService - Gespeichert - Wago750 Status: 16962.0
2026-07-10 10:40:43 [MQTT Call: paho2145044059066] INFO  c.s.Seminar1.services.MqttService - Gespeichert - Wago750 Status: 33153.0
2026-07-10 10:40:44 [MQTT Call: paho2145044059066] INFO  c.s.Seminar1.services.MqttService - Gespeichert - Wago750 Status: 16962.0
2026-07-10 10:40:45 [MQTT Call: paho2145044059066] INFO  c.s.Seminar1.services.MqttService - Gespeichert - Wago750 Status: 9252.0
2026-07-10 10:40:46 [MQTT Call: paho2145044059066] INFO  c.s.Seminar1.services.MqttService - Gespeichert - Wago750 Status: 6168.0
2026-07-10 10:40:47 [MQTT Call: paho2145044059066] INFO  c.s.Seminar1.services.MqttService - Gespeichert - Wago750 Status: 9252.0
2026-07-10 10:40:48 [MQTT Call: paho2145044059066] INFO  c.s.Seminar1.services.MqttService - Gespeichert - Wago750 Status: 16962.0
2026-07-10 10:40:49 [MQTT Call: paho2145044059066] INFO  c.s.Seminar1.services.MqttService - Gespeichert - Wago750 Status: 33153.0
2026-07-10 10:40:50 [MQTT Call: paho2145044059066] INFO  c.s.Seminar1.services.MqttService - Gespeichert - Wago750 Status: 16962.0
2026-07-10 10:40:50 [MQTT Call: paho2145044059066] INFO  c.s.Seminar1.services.MqttService - Gespeichert - Temperatur Soll: 27.46
2026-07-10 10:40:50 [MQTT Call: paho2145044059066] INFO  c.s.Seminar1.services.MqttService - Gespeichert - Temperatur Differenz: 0.07
2026-07-10 10:40:51 [MQTT Call: paho2145044059066] INFO  c.s.Seminar1.services.MqttService - Gespeichert - Wago750 Status: 9252.0
2026-07-10 10:40:51 [MQTT Call: paho2145044059066] INFO  c.s.Seminar1.services.MqttService - Gespeichert - Temperatur Soll: 27.43
2026-07-10 10:40:51 [MQTT Call: paho2145044059066] INFO  c.s.Seminar1.services.MqttService - Gespeichert - Temperatur Differenz: 0.1
2026-07-10 10:40:52 [MQTT Call: paho2145044059066] INFO  c.s.Seminar1.services.MqttService - Gespeichert - Wago750 Status: 6168.0
2026-07-10 10:40:52 [MQTT Call: paho2145044059066] INFO  c.s.Seminar1.services.MqttService - Gespeichert - Temperatur Soll: 27.46
2026-07-10 10:40:52 [MQTT Call: paho2145044059066] INFO  c.s.Seminar1.services.MqttService - Gespeichert - Temperatur Differenz: 0.07
2026-07-10 10:40:53 [MQTT Call: paho2145044059066] INFO  c.s.Seminar1.services.MqttService - Gespeichert - Wago750 Status: 9252.0
2026-07-10 10:40:54 [MQTT Call: paho2145044059066] INFO  c.s.Seminar1.services.MqttService - Gespeichert - Wago750 Status: 16962.0
2026-07-10 10:40:55 [MQTT Call: paho2145044059066] INFO  c.s.Seminar1.services.MqttService - Gespeichert - Wago750 Status: 33153.0
2026-07-10 10:40:56 [MQTT Call: paho2145044059066] INFO  c.s.Seminar1.services.MqttService - Gespeichert - Wago750 Status: 16962.0
2026-07-10 10:40:57 [MQTT Call: paho2145044059066] INFO  c.s.Seminar1.services.MqttService - Gespeichert - Wago750 Status: 9252.0
2026-07-10 10:40:58 [MQTT Call: paho2145044059066] INFO  c.s.Seminar1.services.MqttService - Gespeichert - Wago750 Status: 6168.0
2026-07-10 10:40:59 [MQTT Call: paho2145044059066] INFO  c.s.Seminar1.services.MqttService - Gespeichert - Wago750 Status: 9252.0
2026-07-10 10:41:00 [MQTT Call: paho2145044059066] INFO  c.s.Seminar1.services.MqttService - Gespeichert - Wago750 Status: 16962.0
2026-07-10 10:41:01 [MQTT Call: paho2145044059066] INFO  c.s.Seminar1.services.MqttService - Gespeichert - Wago750 Status: 33153.0
2026-07-10 10:41:02 [MQTT Call: paho2145044059066] INFO  c.s.Seminar1.services.MqttService - Gespeichert - Wago750 Status: 16962.0
2026-07-10 10:41:03 [MQTT Call: paho2145044059066] INFO  c.s.Seminar1.services.MqttService - Gespeichert - Wago750 Status: 9252.0
2026-07-10 10:41:04 [MQTT Call: paho2145044059066] INFO  c.s.Seminar1.services.MqttService - Gespeichert - Wago750 Status: 6168.0
2026-07-10 10:41:05 [MQTT Call: paho2145044059066] INFO  c.s.Seminar1.services.MqttService - Gespeichert - Wago750 Status: 9252.0
2026-07-10 10:41:06 [MQTT Call: paho2145044059066] INFO  c.s.Seminar1.services.MqttService - Gespeichert - Wago750 Status: 16962.0
2026-07-10 10:41:07 [MQTT Call: paho2145044059066] INFO  c.s.Seminar1.services.MqttService - Gespeichert - Wago750 Status: 33153.0
2026-07-10 10:41:08 [MQTT Call: paho2145044059066] INFO  c.s.Seminar1.services.MqttService - Gespeichert - Wago750 Status: 16962.0
2026-07-10 10:41:09 [MQTT Call: paho2145044059066] INFO  c.s.Seminar1.services.MqttService - Gespeichert - Wago750 Status: 9252.0
2026-07-10 10:41:10 [MQTT Call: paho2145044059066] INFO  c.s.Seminar1.services.MqttService - Gespeichert - Wago750 Status: 6168.0
2026-07-10 10:41:11 [MQTT Call: paho2145044059066] INFO  c.s.Seminar1.services.MqttService - Gespeichert - Wago750 Status: 9252.0
2026-07-10 10:41:12 [MQTT Call: paho2145044059066] INFO  c.s.Seminar1.services.MqttService - Gespeichert - Wago750 Status: 16962.0
2026-07-10 10:41:13 [MQTT Call: paho2145044059066] INFO  c.s.Seminar1.services.MqttService - Gespeichert - Wago750 Status: 33153.0
2026-07-10 10:41:14 [MQTT Call: paho2145044059066] INFO  c.s.Seminar1.services.MqttService - Gespeichert - Wago750 Status: 16962.0
2026-07-10 10:41:15 [MQTT Call: paho2145044059066] INFO  c.s.Seminar1.services.MqttService - Gespeichert - Wago750 Status: 9252.0
2026-07-10 10:41:16 [MQTT Call: paho2145044059066] INFO  c.s.Seminar1.services.MqttService - Gespeichert - Wago750 Status: 6168.0
2026-07-10 10:41:17 [MQTT Call: paho2145044059066] INFO  c.s.Seminar1.services.MqttService - Gespeichert - Wago750 Status: 9252.0
2026-07-10 10:41:18 [MQTT Call: paho2145044059066] INFO  c.s.Seminar1.services.MqttService - Gespeichert - Wago750 Status: 16962.0
2026-07-10 10:41:18 [MQTT Call: paho2145044059066] INFO  c.s.Seminar1.services.MqttService - Gespeichert - Temperatur Soll: 27.48
2026-07-10 10:41:18 [MQTT Call: paho2145044059066] INFO  c.s.Seminar1.services.MqttService - Gespeichert - Temperatur Differenz: 0.05
2026-07-10 10:41:19 [MQTT Call: paho2145044059066] INFO  c.s.Seminar1.services.MqttService - Gespeichert - Wago750 Status: 33153.0
2026-07-10 10:41:19 [MQTT Call: paho2145044059066] INFO  c.s.Seminar1.services.MqttService - Gespeichert - Temperatur Soll: 27.46
2026-07-10 10:41:19 [MQTT Call: paho2145044059066] INFO  c.s.Seminar1.services.MqttService - Gespeichert - Temperatur Differenz: 0.07
2026-07-10 10:41:20 [MQTT Call: paho2145044059066] INFO  c.s.Seminar1.services.MqttService - Gespeichert - Wago750 Status: 16962.0
2026-07-10 10:41:21 [MQTT Call: paho2145044059066] INFO  c.s.Seminar1.services.MqttService - Gespeichert - Wago750 Status: 9252.0
2026-07-10 10:41:21 [MQTT Call: paho2145044059066] INFO  c.s.Seminar1.services.MqttService - Gespeichert - Temperatur Soll: 27.48
2026-07-10 10:41:21 [MQTT Call: paho2145044059066] INFO  c.s.Seminar1.services.MqttService - Gespeichert - Temperatur Differenz: 0.05
2026-07-10 10:41:22 [MQTT Call: paho2145044059066] INFO  c.s.Seminar1.services.MqttService - Gespeichert - Wago750 Status: 6168.0
2026-07-10 10:41:22 [MQTT Call: paho2145044059066] INFO  c.s.Seminar1.services.MqttService - Gespeichert - Temperatur Soll: 27.46
2026-07-10 10:41:22 [MQTT Call: paho2145044059066] INFO  c.s.Seminar1.services.MqttService - Gespeichert - Temperatur Differenz: 0.07
2026-07-10 10:41:23 [MQTT Call: paho2145044059066] INFO  c.s.Seminar1.services.MqttService - Gespeichert - Wago750 Status: 9252.0
2026-07-10 10:41:23 [MQTT Call: paho2145044059066] INFO  c.s.Seminar1.services.MqttService - Gespeichert - Temperatur Soll: 27.48
2026-07-10 10:41:23 [MQTT Call: paho2145044059066] INFO  c.s.Seminar1.services.MqttService - Gespeichert - Temperatur Differenz: 0.05
2026-07-10 10:41:24 [MQTT Call: paho2145044059066] INFO  c.s.Seminar1.services.MqttService - Gespeichert - Wago750 Status: 16962.0
2026-07-10 10:41:25 [MQTT Call: paho2145044059066] INFO  c.s.Seminar1.services.MqttService - Gespeichert - Wago750 Status: 33153.0
2026-07-10 10:41:26 [MQTT Call: paho2145044059066] INFO  c.s.Seminar1.services.MqttService - Gespeichert - Wago750 Status: 16962.0
2026-07-10 10:41:27 [MQTT Call: paho2145044059066] INFO  c.s.Seminar1.services.MqttService - Gespeichert - Wago750 Status: 9252.0
2026-07-10 10:41:28 [MQTT Call: paho2145044059066] INFO  c.s.Seminar1.services.MqttService - Gespeichert - Wago750 Status: 6168.0
2026-07-10 10:41:29 [MQTT Call: paho2145044059066] INFO  c.s.Seminar1.services.MqttService - Gespeichert - Wago750 Status: 9252.0
2026-07-10 10:41:30 [MQTT Call: paho2145044059066] INFO  c.s.Seminar1.services.MqttService - Gespeichert - Wago750 Status: 16962.0
2026-07-10 10:41:31 [MQTT Call: paho2145044059066] INFO  c.s.Seminar1.services.MqttService - Gespeichert - Wago750 Status: 33153.0
2026-07-10 10:41:32 [MQTT Call: paho2145044059066] INFO  c.s.Seminar1.services.MqttService - Gespeichert - Temperatur Differenz: 0.07
2026-07-10 10:41:32 [MQTT Call: paho2145044059066] INFO  c.s.Seminar1.services.MqttService - Gespeichert - Temperatur Ist: 27.55
2026-07-10 10:41:33 [MQTT Call: paho2145044059066] INFO  c.s.Seminar1.services.MqttService - Gespeichert - Wago750 Status: 9252.0
2026-07-10 10:41:34 [MQTT Call: paho2145044059066] INFO  c.s.Seminar1.services.MqttService - Gespeichert - Wago750 Status: 6168.0
2026-07-10 10:41:35 [MQTT Call: paho2145044059066] INFO  c.s.Seminar1.services.MqttService - Gespeichert - Wago750 Status: 9252.0
2026-07-10 10:41:36 [MQTT Call: paho2145044059066] INFO  c.s.Seminar1.services.MqttService - Gespeichert - Wago750 Status: 16962.0
2026-07-10 10:41:37 [MQTT Call: paho2145044059066] INFO  c.s.Seminar1.services.MqttService - Gespeichert - Wago750 Status: 33153.0
2026-07-10 10:41:38 [MQTT Call: paho2145044059066] INFO  c.s.Seminar1.services.MqttService - Gespeichert - Wago750 Status: 16962.0
2026-07-10 10:41:39 [MQTT Call: paho2145044059066] INFO  c.s.Seminar1.services.MqttService - Gespeichert - Wago750 Status: 9252.0
2026-07-10 10:41:40 [MQTT Call: paho2145044059066] INFO  c.s.Seminar1.services.MqttService - Gespeichert - Wago750 Status: 6168.0
2026-07-10 10:41:41 [MQTT Call: paho2145044059066] INFO  c.s.Seminar1.services.MqttService - Gespeichert - Wago750 Status: 9252.0
2026-07-10 10:41:42 [MQTT Call: paho2145044059066] INFO  c.s.Seminar1.services.MqttService - Gespeichert - Wago750 Status: 16962.0
2026-07-10 10:41:43 [MQTT Call: paho2145044059066] INFO  c.s.Seminar1.services.MqttService - Gespeichert - Wago750 Status: 33153.0
2026-07-10 10:41:44 [MQTT Call: paho2145044059066] INFO  c.s.Seminar1.services.MqttService - Gespeichert - Wago750 Status: 16962.0
2026-07-10 10:41:45 [MQTT Call: paho2145044059066] INFO  c.s.Seminar1.services.MqttService - Gespeichert - Wago750 Status: 9252.0
2026-07-10 10:41:46 [MQTT Call: paho2145044059066] INFO  c.s.Seminar1.services.MqttService - Gespeichert - Wago750 Status: 6168.0
2026-07-10 10:41:46 [MQTT Call: paho2145044059066] INFO  c.s.Seminar1.services.MqttService - Gespeichert - Temperatur Soll: 27.49
2026-07-10 10:41:47 [MQTT Call: paho2145044059066] INFO  c.s.Seminar1.services.MqttService - Gespeichert - Wago750 Status: 9252.0
2026-07-10 10:41:47 [MQTT Call: paho2145044059066] INFO  c.s.Seminar1.services.MqttService - Gespeichert - Temperatur Soll: 27.48
2026-07-10 10:41:48 [MQTT Call: paho2145044059066] INFO  c.s.Seminar1.services.MqttService - Gespeichert - Wago750 Status: 16962.0
2026-07-10 10:41:48 [MQTT Call: paho2145044059066] INFO  c.s.Seminar1.services.MqttService - Gespeichert - Temperatur Soll: 27.49
2026-07-10 10:41:48 [MQTT Call: paho2145044059066] INFO  c.s.Seminar1.services.MqttService - Gespeichert - Temperatur Differenz: 0.06
2026-07-10 10:41:49 [MQTT Call: paho2145044059066] INFO  c.s.Seminar1.services.MqttService - Gespeichert - Wago750 Status: 33153.0
2026-07-10 10:41:50 [MQTT Call: paho2145044059066] INFO  c.s.Seminar1.services.MqttService - Gespeichert - Wago750 Status: 16962.0
2026-07-10 10:41:51 [MQTT Call: paho2145044059066] INFO  c.s.Seminar1.services.MqttService - Gespeichert - Wago750 Status: 9252.0
2026-07-10 10:41:52 [MQTT Call: paho2145044059066] INFO  c.s.Seminar1.services.MqttService - Gespeichert - Wago750 Status: 6168.0
2026-07-10 10:41:53 [MQTT Call: paho2145044059066] INFO  c.s.Seminar1.services.MqttService - Gespeichert - Wago750 Status: 9252.0
2026-07-10 10:41:54 [MQTT Call: paho2145044059066] INFO  c.s.Seminar1.services.MqttService - Gespeichert - Wago750 Status: 16962.0
2026-07-10 10:41:55 [MQTT Call: paho2145044059066] INFO  c.s.Seminar1.services.MqttService - Gespeichert - Wago750 Status: 33153.0
2026-07-10 10:41:56 [MQTT Call: paho2145044059066] INFO  c.s.Seminar1.services.MqttService - Gespeichert - Wago750 Status: 16962.0
2026-07-10 10:41:57 [MQTT Call: paho2145044059066] INFO  c.s.Seminar1.services.MqttService - Gespeichert - Wago750 Status: 9252.0
2026-07-10 10:41:58 [MQTT Call: paho2145044059066] INFO  c.s.Seminar1.services.MqttService - Gespeichert - Wago750 Status: 6168.0
2026-07-10 10:41:59 [MQTT Call: paho2145044059066] INFO  c.s.Seminar1.services.MqttService - Gespeichert - Wago750 Status: 9252.0
2026-07-10 10:42:00 [MQTT Call: paho2145044059066] INFO  c.s.Seminar1.services.MqttService - Gespeichert - Wago750 Status: 16962.0
2026-07-10 10:42:01 [MQTT Call: paho2145044059066] INFO  c.s.Seminar1.services.MqttService - Gespeichert - Wago750 Status: 33153.0
2026-07-10 10:42:02 [MQTT Call: paho2145044059066] INFO  c.s.Seminar1.services.MqttService - Gespeichert - Wago750 Status: 16962.0
2026-07-10 10:42:03 [MQTT Call: paho2145044059066] INFO  c.s.Seminar1.services.MqttService - Gespeichert - Wago750 Status: 9252.0
2026-07-10 10:42:04 [MQTT Call: paho2145044059066] INFO  c.s.Seminar1.services.MqttService - Gespeichert - Wago750 Status: 6168.0
2026-07-10 10:42:05 [MQTT Call: paho2145044059066] INFO  c.s.Seminar1.services.MqttService - Gespeichert - Wago750 Status: 9252.0
2026-07-10 10:42:06 [MQTT Call: paho2145044059066] INFO  c.s.Seminar1.services.MqttService - Gespeichert - Wago750 Status: 16962.0
2026-07-10 10:42:07 [MQTT Call: paho2145044059066] INFO  c.s.Seminar1.services.MqttService - Gespeichert - Wago750 Status: 33153.0
2026-07-10 10:42:08 [MQTT Call: paho2145044059066] INFO  c.s.Seminar1.services.MqttService - Gespeichert - Wago750 Status: 16962.0
2026-07-10 10:42:09 [MQTT Call: paho2145044059066] INFO  c.s.Seminar1.services.MqttService - Gespeichert - Wago750 Status: 9252.0
2026-07-10 10:42:10 [MQTT Call: paho2145044059066] INFO  c.s.Seminar1.services.MqttService - Gespeichert - Wago750 Status: 6168.0
2026-07-10 10:42:11 [MQTT Call: paho2145044059066] INFO  c.s.Seminar1.services.MqttService - Gespeichert - Wago750 Status: 9252.0
2026-07-10 10:42:12 [MQTT Call: paho2145044059066] INFO  c.s.Seminar1.services.MqttService - Gespeichert - Wago750 Status: 16962.0
2026-07-10 10:42:13 [MQTT Call: paho2145044059066] INFO  c.s.Seminar1.services.MqttService - Gespeichert - Wago750 Status: 33153.0
2026-07-10 10:42:13 [MQTT Call: paho2145044059066] INFO  c.s.Seminar1.services.MqttService - Gespeichert - Temperatur Differenz: 0.09
2026-07-10 10:42:13 [MQTT Call: paho2145044059066] INFO  c.s.Seminar1.services.MqttService - Gespeichert - Temperatur Ist: 27.58
2026-07-10 10:42:14 [MQTT Call: paho2145044059066] INFO  c.s.Seminar1.services.MqttService - Gespeichert - Wago750 Status: 16962.0
2026-07-10 10:42:15 [MQTT Call: paho2145044059066] INFO  c.s.Seminar1.services.MqttService - Gespeichert - Wago750 Status: 9252.0
2026-07-10 10:42:16 [MQTT Call: paho2145044059066] INFO  c.s.Seminar1.services.MqttService - Gespeichert - Temperatur Soll: 27.52
2026-07-10 10:42:16 [MQTT Call: paho2145044059066] INFO  c.s.Seminar1.services.MqttService - Gespeichert - Wago750 Status: 6168.0
2026-07-10 10:42:16 [MQTT Call: paho2145044059066] INFO  c.s.Seminar1.services.MqttService - Gespeichert - Temperatur Differenz: 0.03
2026-07-10 10:42:16 [MQTT Call: paho2145044059066] INFO  c.s.Seminar1.services.MqttService - Gespeichert - Temperatur Ist: 27.55
2026-07-10 10:42:17 [MQTT Call: paho2145044059066] INFO  c.s.Seminar1.services.MqttService - Gespeichert - Wago750 Status: 9252.0
2026-07-10 10:42:17 [MQTT Call: paho2145044059066] INFO  c.s.Seminar1.services.MqttService - Gespeichert - Temperatur Differenz: 0.06
2026-07-10 10:42:17 [MQTT Call: paho2145044059066] INFO  c.s.Seminar1.services.MqttService - Gespeichert - Temperatur Ist: 27.58
2026-07-10 10:42:18 [MQTT Call: paho2145044059066] INFO  c.s.Seminar1.services.MqttService - Gespeichert - Wago750 Status: 16962.0
2026-07-10 10:42:19 [MQTT Call: paho2145044059066] INFO  c.s.Seminar1.services.MqttService - Gespeichert - Wago750 Status: 33153.0
2026-07-10 10:42:20 [MQTT Call: paho2145044059066] INFO  c.s.Seminar1.services.MqttService - Gespeichert - Wago750 Status: 16962.0
2026-07-10 10:42:21 [MQTT Call: paho2145044059066] INFO  c.s.Seminar1.services.MqttService - Gespeichert - Wago750 Status: 9252.0
2026-07-10 10:42:22 [MQTT Call: paho2145044059066] INFO  c.s.Seminar1.services.MqttService - Gespeichert - Wago750 Status: 6168.0
2026-07-10 10:42:24 [MQTT Call: paho2145044059066] INFO  c.s.Seminar1.services.MqttService - Gespeichert - Wago750 Status: 9252.0
2026-07-10 10:42:25 [MQTT Call: paho2145044059066] INFO  c.s.Seminar1.services.MqttService - Gespeichert - Wago750 Status: 16962.0
2026-07-10 10:42:26 [MQTT Call: paho2145044059066] INFO  c.s.Seminar1.services.MqttService - Gespeichert - Wago750 Status: 33153.0
2026-07-10 10:42:27 [MQTT Call: paho2145044059066] INFO  c.s.Seminar1.services.MqttService - Gespeichert - Wago750 Status: 16962.0
2026-07-10 10:42:28 [MQTT Call: paho2145044059066] INFO  c.s.Seminar1.services.MqttService - Gespeichert - Wago750 Status: 9252.0
2026-07-10 10:42:29 [MQTT Call: paho2145044059066] INFO  c.s.Seminar1.services.MqttService - Gespeichert - Wago750 Status: 6168.0
2026-07-10 10:42:30 [MQTT Call: paho2145044059066] INFO  c.s.Seminar1.services.MqttService - Gespeichert - Wago750 Status: 9252.0
2026-07-10 10:42:31 [MQTT Call: paho2145044059066] INFO  c.s.Seminar1.services.MqttService - Gespeichert - Wago750 Status: 16962.0
2026-07-10 10:42:32 [MQTT Call: paho2145044059066] INFO  c.s.Seminar1.services.MqttService - Gespeichert - Wago750 Status: 33153.0
2026-07-10 10:42:34 [MQTT Call: paho2145044059066] INFO  c.s.Seminar1.services.MqttService - Gespeichert - Wago750 Status: 9252.0
2026-07-10 10:42:35 [MQTT Call: paho2145044059066] INFO  c.s.Seminar1.services.MqttService - Gespeichert - Wago750 Status: 6168.0
2026-07-10 10:42:36 [MQTT Call: paho2145044059066] INFO  c.s.Seminar1.services.MqttService - Gespeichert - Wago750 Status: 9252.0
2026-07-10 10:42:37 [MQTT Call: paho2145044059066] INFO  c.s.Seminar1.services.MqttService - Gespeichert - Wago750 Status: 16962.0
2026-07-10 10:42:38 [MQTT Call: paho2145044059066] INFO  c.s.Seminar1.services.MqttService - Gespeichert - Wago750 Status: 33153.0
2026-07-10 10:42:39 [MQTT Call: paho2145044059066] INFO  c.s.Seminar1.services.MqttService - Gespeichert - Wago750 Status: 16962.0
2026-07-10 10:42:40 [MQTT Call: paho2145044059066] INFO  c.s.Seminar1.services.MqttService - Gespeichert - Wago750 Status: 9252.0
2026-07-10 10:42:41 [MQTT Call: paho2145044059066] INFO  c.s.Seminar1.services.MqttService - Gespeichert - Wago750 Status: 6168.0
2026-07-10 10:42:41 [MQTT Call: paho2145044059066] INFO  c.s.Seminar1.services.MqttService - Gespeichert - Temperatur Soll: 27.53
2026-07-10 10:42:41 [MQTT Call: paho2145044059066] INFO  c.s.Seminar1.services.MqttService - Gespeichert - Temperatur Differenz: 0.05
2026-07-10 10:42:42 [MQTT Call: paho2145044059066] INFO  c.s.Seminar1.services.MqttService - Gespeichert - Wago750 Status: 9252.0
2026-07-10 10:42:43 [MQTT Call: paho2145044059066] INFO  c.s.Seminar1.services.MqttService - Gespeichert - Wago750 Status: 16962.0
2026-07-10 10:42:44 [MQTT Call: paho2145044059066] INFO  c.s.Seminar1.services.MqttService - Gespeichert - Wago750 Status: 33153.0
2026-07-10 10:42:45 [MQTT Call: paho2145044059066] INFO  c.s.Seminar1.services.MqttService - Gespeichert - Wago750 Status: 16962.0
2026-07-10 10:42:46 [MQTT Call: paho2145044059066] INFO  c.s.Seminar1.services.MqttService - Gespeichert - Wago750 Status: 9252.0
2026-07-10 10:42:47 [MQTT Call: paho2145044059066] INFO  c.s.Seminar1.services.MqttService - Gespeichert - Wago750 Status: 6168.0
2026-07-10 10:42:48 [MQTT Call: paho2145044059066] INFO  c.s.Seminar1.services.MqttService - Gespeichert - Wago750 Status: 9252.0
2026-07-10 10:42:49 [MQTT Call: paho2145044059066] INFO  c.s.Seminar1.services.MqttService - Gespeichert - Wago750 Status: 16962.0
2026-07-10 10:42:50 [MQTT Call: paho2145044059066] INFO  c.s.Seminar1.services.MqttService - Gespeichert - Wago750 Status: 33153.0
2026-07-10 10:42:51 [MQTT Call: paho2145044059066] INFO  c.s.Seminar1.services.MqttService - Gespeichert - Wago750 Status: 16962.0
2026-07-10 10:42:52 [MQTT Call: paho2145044059066] INFO  c.s.Seminar1.services.MqttService - Gespeichert - Wago750 Status: 9252.0
2026-07-10 10:42:53 [MQTT Call: paho2145044059066] INFO  c.s.Seminar1.services.MqttService - Gespeichert - Wago750 Status: 6168.0
2026-07-10 10:42:54 [MQTT Call: paho2145044059066] INFO  c.s.Seminar1.services.MqttService - Gespeichert - Wago750 Status: 9252.0
2026-07-10 10:42:55 [MQTT Call: paho2145044059066] INFO  c.s.Seminar1.services.MqttService - Gespeichert - Wago750 Status: 16962.0
2026-07-10 10:42:56 [MQTT Call: paho2145044059066] INFO  c.s.Seminar1.services.MqttService - Gespeichert - Wago750 Status: 33153.0
2026-07-10 10:42:57 [MQTT Call: paho2145044059066] INFO  c.s.Seminar1.services.MqttService - Gespeichert - Wago750 Status: 16962.0
2026-07-10 10:42:58 [MQTT Call: paho2145044059066] INFO  c.s.Seminar1.services.MqttService - Gespeichert - Wago750 Status: 9252.0
2026-07-10 10:42:59 [MQTT Call: paho2145044059066] INFO  c.s.Seminar1.services.MqttService - Gespeichert - Wago750 Status: 6168.0
2026-07-10 10:43:00 [MQTT Call: paho2145044059066] INFO  c.s.Seminar1.services.MqttService - Gespeichert - Wago750 Status: 9252.0
2026-07-10 10:43:01 [MQTT Call: paho2145044059066] INFO  c.s.Seminar1.services.MqttService - Gespeichert - Wago750 Status: 16962.0
2026-07-10 10:43:02 [MQTT Call: paho2145044059066] INFO  c.s.Seminar1.services.MqttService - Gespeichert - Wago750 Status: 33153.0
2026-07-10 10:43:02 [MQTT Call: paho2145044059066] INFO  c.s.Seminar1.services.MqttService - Gespeichert - Temperatur Soll: 27.55
2026-07-10 10:43:02 [MQTT Call: paho2145044059066] INFO  c.s.Seminar1.services.MqttService - Gespeichert - Temperatur Differenz: 0.03
2026-07-10 10:43:03 [MQTT Call: paho2145044059066] INFO  c.s.Seminar1.services.MqttService - Gespeichert - Wago750 Status: 16962.0
2026-07-10 10:43:04 [MQTT Call: paho2145044059066] INFO  c.s.Seminar1.services.MqttService - Gespeichert - Wago750 Status: 9252.0
2026-07-10 10:43:05 [MQTT Call: paho2145044059066] INFO  c.s.Seminar1.services.MqttService - Gespeichert - Wago750 Status: 6168.0
2026-07-10 10:43:06 [MQTT Call: paho2145044059066] INFO  c.s.Seminar1.services.MqttService - Gespeichert - Wago750 Status: 9252.0
2026-07-10 10:43:07 [MQTT Call: paho2145044059066] INFO  c.s.Seminar1.services.MqttService - Gespeichert - Wago750 Status: 16962.0
2026-07-10 10:43:08 [MQTT Call: paho2145044059066] INFO  c.s.Seminar1.services.MqttService - Gespeichert - Wago750 Status: 33153.0
2026-07-10 10:43:09 [MQTT Call: paho2145044059066] INFO  c.s.Seminar1.services.MqttService - Gespeichert - Wago750 Status: 16962.0
2026-07-10 10:43:09 [MQTT Call: paho2145044059066] INFO  c.s.Seminar1.services.MqttService - Gespeichert - Temperatur Differenz: 0.04
2026-07-10 10:43:09 [MQTT Call: paho2145044059066] INFO  c.s.Seminar1.services.MqttService - Gespeichert - Temperatur Ist: 27.59
2026-07-10 10:43:10 [MQTT Call: paho2145044059066] INFO  c.s.Seminar1.services.MqttService - Gespeichert - Wago750 Status: 9252.0
2026-07-10 10:43:11 [MQTT Call: paho2145044059066] INFO  c.s.Seminar1.services.MqttService - Gespeichert - Wago750 Status: 6168.0
2026-07-10 10:43:12 [MQTT Call: paho2145044059066] INFO  c.s.Seminar1.services.MqttService - Gespeichert - Wago750 Status: 9252.0
2026-07-10 10:43:13 [MQTT Call: paho2145044059066] INFO  c.s.Seminar1.services.MqttService - Gespeichert - Wago750 Status: 16962.0
2026-07-10 10:43:14 [MQTT Call: paho2145044059066] INFO  c.s.Seminar1.services.MqttService - Gespeichert - Wago750 Status: 33153.0
2026-07-10 10:43:15 [MQTT Call: paho2145044059066] INFO  c.s.Seminar1.services.MqttService - Gespeichert - Wago750 Status: 16962.0
2026-07-10 10:43:16 [MQTT Call: paho2145044059066] INFO  c.s.Seminar1.services.MqttService - Gespeichert - Wago750 Status: 9252.0
2026-07-10 10:43:17 [MQTT Call: paho2145044059066] INFO  c.s.Seminar1.services.MqttService - Gespeichert - Wago750 Status: 6168.0
2026-07-10 10:43:18 [MQTT Call: paho2145044059066] INFO  c.s.Seminar1.services.MqttService - Gespeichert - Wago750 Status: 9252.0
2026-07-10 10:43:19 [MQTT Call: paho2145044059066] INFO  c.s.Seminar1.services.MqttService - Gespeichert - Wago750 Status: 16962.0
2026-07-10 10:43:20 [MQTT Call: paho2145044059066] INFO  c.s.Seminar1.services.MqttService - Gespeichert - Wago750 Status: 33153.0
2026-07-10 10:43:20 [MQTT Call: paho2145044059066] INFO  c.s.Seminar1.services.MqttService - Gespeichert - Temperatur Soll: 27.58
2026-07-10 10:43:20 [MQTT Call: paho2145044059066] INFO  c.s.Seminar1.services.MqttService - Gespeichert - Temperatur Differenz: 0.01
2026-07-10 10:43:21 [MQTT Call: paho2145044059066] INFO  c.s.Seminar1.services.MqttService - Gespeichert - Wago750 Status: 16962.0
2026-07-10 10:43:22 [MQTT Call: paho2145044059066] INFO  c.s.Seminar1.services.MqttService - Gespeichert - Wago750 Status: 9252.0
2026-07-10 10:43:23 [MQTT Call: paho2145044059066] INFO  c.s.Seminar1.services.MqttService - Gespeichert - Wago750 Status: 6168.0
2026-07-10 10:43:24 [MQTT Call: paho2145044059066] INFO  c.s.Seminar1.services.MqttService - Gespeichert - Wago750 Status: 9252.0
2026-07-10 10:43:25 [MQTT Call: paho2145044059066] INFO  c.s.Seminar1.services.MqttService - Gespeichert - Wago750 Status: 16962.0
2026-07-10 10:43:26 [MQTT Call: paho2145044059066] INFO  c.s.Seminar1.services.MqttService - Gespeichert - Wago750 Status: 33153.0
2026-07-10 10:43:27 [MQTT Call: paho2145044059066] INFO  c.s.Seminar1.services.MqttService - Gespeichert - Wago750 Status: 16962.0
2026-07-10 10:43:28 [http-nio-80-exec-1] INFO  o.a.c.c.C.[Tomcat].[localhost].[/] - Initializing Spring DispatcherServlet 'dispatcherServlet'
2026-07-10 10:43:28 [http-nio-80-exec-1] INFO  o.s.web.servlet.DispatcherServlet - Initializing Servlet 'dispatcherServlet'
2026-07-10 10:43:28 [http-nio-80-exec-1] INFO  o.s.web.servlet.DispatcherServlet - Completed initialization in 2 ms
2026-07-10 10:43:28 [http-nio-80-exec-1] INFO  c.s.Seminar1.services.MqttService - MQTT-Nachricht gesendet -> Topic: 'Wago750/Control', Payload: '2'
2026-07-10 10:43:28 [http-nio-80-exec-1] INFO  c.s.S.controller.WagoController - POST /wago/control - Steuerbefehl empfangen: 2
2026-07-10 10:43:28 [MQTT Call: paho2145044059066] INFO  c.s.Seminar1.services.MqttService - Gespeichert - Wago750 Status: 9252.0
2026-07-10 10:43:28 [MQTT Call: paho2145044059066] INFO  c.s.Seminar1.services.MqttService - Gespeichert - Wago750 Control: 2
2026-07-10 10:43:29 [MQTT Call: paho2145044059066] INFO  c.s.Seminar1.services.MqttService - Gespeichert - Wago750 Status: 1024.0
2026-07-10 10:43:30 [MQTT Call: paho2145044059066] INFO  c.s.Seminar1.services.MqttService - Gespeichert - Wago750 Status: 512.0
2026-07-10 10:43:31 [MQTT Call: paho2145044059066] INFO  c.s.Seminar1.services.MqttService - Gespeichert - Wago750 Status: 256.0
2026-07-10 10:43:32 [MQTT Call: paho2145044059066] INFO  c.s.Seminar1.services.MqttService - Gespeichert - Wago750 Status: 1.0
2026-07-10 10:43:33 [MQTT Call: paho2145044059066] INFO  c.s.Seminar1.services.MqttService - Gespeichert - Wago750 Status: 2.0
2026-07-10 10:43:34 [MQTT Call: paho2145044059066] INFO  c.s.Seminar1.services.MqttService - Gespeichert - Wago750 Status: 4.0
2026-07-10 10:43:35 [MQTT Call: paho2145044059066] INFO  c.s.Seminar1.services.MqttService - Gespeichert - Wago750 Status: 8.0
2026-07-10 10:43:36 [MQTT Call: paho2145044059066] INFO  c.s.Seminar1.services.MqttService - Gespeichert - Wago750 Status: 16.0
2026-07-10 10:43:37 [MQTT Call: paho2145044059066] INFO  c.s.Seminar1.services.MqttService - Gespeichert - Wago750 Status: 32.0
2026-07-10 10:43:38 [MQTT Call: paho2145044059066] INFO  c.s.Seminar1.services.MqttService - Gespeichert - Wago750 Status: 64.0
2026-07-10 10:43:39 [MQTT Call: paho2145044059066] INFO  c.s.Seminar1.services.MqttService - Gespeichert - Wago750 Status: 128.0
2026-07-10 10:43:40 [MQTT Call: paho2145044059066] INFO  c.s.Seminar1.services.MqttService - Gespeichert - Wago750 Status: 32768.0
2026-07-10 10:43:41 [MQTT Call: paho2145044059066] INFO  c.s.Seminar1.services.MqttService - Gespeichert - Wago750 Status: 16384.0
2026-07-10 10:43:42 [MQTT Call: paho2145044059066] INFO  c.s.Seminar1.services.MqttService - Gespeichert - Wago750 Status: 8192.0
2026-07-10 10:43:43 [MQTT Call: paho2145044059066] INFO  c.s.Seminar1.services.MqttService - Gespeichert - Wago750 Status: 4096.0
2026-07-10 10:43:44 [MQTT Call: paho2145044059066] INFO  c.s.Seminar1.services.MqttService - Gespeichert - Wago750 Status: 2048.0
2026-07-10 10:43:44 [MQTT Call: paho2145044059066] INFO  c.s.Seminar1.services.MqttService - Gespeichert - Temperatur Soll: 27.55
2026-07-10 10:43:44 [MQTT Call: paho2145044059066] INFO  c.s.Seminar1.services.MqttService - Gespeichert - Temperatur Differenz: 0.04
2026-07-10 10:43:45 [MQTT Call: paho2145044059066] INFO  c.s.Seminar1.services.MqttService - Gespeichert - Wago750 Status: 1024.0
2026-07-10 10:43:46 [MQTT Call: paho2145044059066] INFO  c.s.Seminar1.services.MqttService - Gespeichert - Wago750 Status: 512.0
2026-07-10 10:43:47 [MQTT Call: paho2145044059066] INFO  c.s.Seminar1.services.MqttService - Gespeichert - Wago750 Status: 256.0
2026-07-10 10:43:47 [MQTT Call: paho2145044059066] INFO  c.s.Seminar1.services.MqttService - Gespeichert - Temperatur Differenz: 0.03
2026-07-10 10:43:47 [MQTT Call: paho2145044059066] INFO  c.s.Seminar1.services.MqttService - Gespeichert - Temperatur Ist: 27.58
2026-07-10 10:43:48 [MQTT Call: paho2145044059066] INFO  c.s.Seminar1.services.MqttService - Gespeichert - Wago750 Status: 1.0
2026-07-10 10:43:49 [MQTT Call: paho2145044059066] INFO  c.s.Seminar1.services.MqttService - Gespeichert - Wago750 Status: 2.0
2026-07-10 10:43:49 [MQTT Call: paho2145044059066] INFO  c.s.Seminar1.services.MqttService - Gespeichert - Temperatur Differenz: 0.04
2026-07-10 10:43:49 [MQTT Call: paho2145044059066] INFO  c.s.Seminar1.services.MqttService - Gespeichert - Temperatur Ist: 27.59
2026-07-10 10:43:50 [MQTT Call: paho2145044059066] INFO  c.s.Seminar1.services.MqttService - Gespeichert - Wago750 Status: 4.0
2026-07-10 10:43:50 [MQTT Call: paho2145044059066] INFO  c.s.Seminar1.services.MqttService - Gespeichert - Temperatur Differenz: 0.03
2026-07-10 10:43:50 [MQTT Call: paho2145044059066] INFO  c.s.Seminar1.services.MqttService - Gespeichert - Temperatur Ist: 27.58
2026-07-10 10:43:51 [MQTT Call: paho2145044059066] INFO  c.s.Seminar1.services.MqttService - Gespeichert - Wago750 Status: 8.0
2026-07-10 10:43:52 [MQTT Call: paho2145044059066] INFO  c.s.Seminar1.services.MqttService - Gespeichert - Wago750 Status: 16.0
2026-07-10 10:43:52 [MQTT Call: paho2145044059066] INFO  c.s.Seminar1.services.MqttService - Gespeichert - Temperatur Differenz: 0.04
2026-07-10 10:43:52 [MQTT Call: paho2145044059066] INFO  c.s.Seminar1.services.MqttService - Gespeichert - Temperatur Ist: 27.59
2026-07-10 10:43:53 [MQTT Call: paho2145044059066] INFO  c.s.Seminar1.services.MqttService - Gespeichert - Wago750 Status: 32.0
2026-07-10 10:43:53 [MQTT Call: paho2145044059066] INFO  c.s.Seminar1.services.MqttService - Gespeichert - Temperatur Differenz: 0.03
2026-07-10 10:43:53 [MQTT Call: paho2145044059066] INFO  c.s.Seminar1.services.MqttService - Gespeichert - Temperatur Ist: 27.58
2026-07-10 10:43:54 [MQTT Call: paho2145044059066] INFO  c.s.Seminar1.services.MqttService - Gespeichert - Wago750 Status: 64.0
2026-07-10 10:43:55 [MQTT Call: paho2145044059066] INFO  c.s.Seminar1.services.MqttService - Gespeichert - Wago750 Status: 128.0
2026-07-10 10:43:56 [MQTT Call: paho2145044059066] INFO  c.s.Seminar1.services.MqttService - Gespeichert - Wago750 Status: 32768.0
2026-07-10 10:43:57 [MQTT Call: paho2145044059066] INFO  c.s.Seminar1.services.MqttService - Gespeichert - Wago750 Status: 16384.0
2026-07-10 10:43:58 [MQTT Call: paho2145044059066] INFO  c.s.Seminar1.services.MqttService - Gespeichert - Wago750 Status: 8192.0
2026-07-10 10:43:59 [MQTT Call: paho2145044059066] INFO  c.s.Seminar1.services.MqttService - Gespeichert - Wago750 Status: 4096.0
2026-07-10 10:44:00 [MQTT Call: paho2145044059066] INFO  c.s.Seminar1.services.MqttService - Gespeichert - Wago750 Status: 2048.0
2026-07-10 10:44:01 [MQTT Call: paho2145044059066] INFO  c.s.Seminar1.services.MqttService - Gespeichert - Wago750 Status: 1024.0
2026-07-10 10:44:02 [MQTT Call: paho2145044059066] INFO  c.s.Seminar1.services.MqttService - Gespeichert - Wago750 Status: 512.0
2026-07-10 10:44:03 [MQTT Call: paho2145044059066] INFO  c.s.Seminar1.services.MqttService - Gespeichert - Wago750 Status: 256.0
2026-07-10 10:44:04 [MQTT Call: paho2145044059066] INFO  c.s.Seminar1.services.MqttService - Gespeichert - Wago750 Status: 1.0
2026-07-10 10:44:05 [MQTT Call: paho2145044059066] INFO  c.s.Seminar1.services.MqttService - Gespeichert - Wago750 Status: 2.0
2026-07-10 10:44:06 [MQTT Call: paho2145044059066] INFO  c.s.Seminar1.services.MqttService - Gespeichert - Wago750 Status: 4.0
2026-07-10 10:44:07 [MQTT Call: paho2145044059066] INFO  c.s.Seminar1.services.MqttService - Gespeichert - Wago750 Status: 8.0
2026-07-10 10:44:08 [MQTT Call: paho2145044059066] INFO  c.s.Seminar1.services.MqttService - Gespeichert - Wago750 Status: 16.0
2026-07-10 10:44:09 [MQTT Call: paho2145044059066] INFO  c.s.Seminar1.services.MqttService - Gespeichert - Wago750 Status: 32.0
2026-07-10 10:44:10 [MQTT Call: paho2145044059066] INFO  c.s.Seminar1.services.MqttService - Gespeichert - Wago750 Status: 64.0
2026-07-10 10:44:11 [MQTT Call: paho2145044059066] INFO  c.s.Seminar1.services.MqttService - Gespeichert - Wago750 Status: 128.0
2026-07-10 10:44:11 [MQTT Call: paho2145044059066] INFO  c.s.Seminar1.services.MqttService - Gespeichert - Temperatur Soll: 27.53
2026-07-10 10:44:11 [MQTT Call: paho2145044059066] INFO  c.s.Seminar1.services.MqttService - Gespeichert - Temperatur Differenz: 0.05
2026-07-10 10:44:12 [MQTT Call: paho2145044059066] INFO  c.s.Seminar1.services.MqttService - Gespeichert - Wago750 Status: 32768.0
2026-07-10 10:44:13 [MQTT Call: paho2145044059066] INFO  c.s.Seminar1.services.MqttService - Gespeichert - Wago750 Status: 16384.0
2026-07-10 10:44:14 [MQTT Call: paho2145044059066] INFO  c.s.Seminar1.services.MqttService - Gespeichert - Wago750 Status: 8192.0
2026-07-10 10:44:15 [MQTT Call: paho2145044059066] INFO  c.s.Seminar1.services.MqttService - Gespeichert - Temperatur Soll: 27.55
2026-07-10 10:44:15 [MQTT Call: paho2145044059066] INFO  c.s.Seminar1.services.MqttService - Gespeichert - Wago750 Status: 4096.0
2026-07-10 10:44:15 [MQTT Call: paho2145044059066] INFO  c.s.Seminar1.services.MqttService - Gespeichert - Temperatur Differenz: 0.03
2026-07-10 10:44:16 [MQTT Call: paho2145044059066] INFO  c.s.Seminar1.services.MqttService - Gespeichert - Wago750 Status: 2048.0
2026-07-10 10:44:16 [MQTT Call: paho2145044059066] INFO  c.s.Seminar1.services.MqttService - Gespeichert - Temperatur Soll: 27.53
2026-07-10 10:44:16 [MQTT Call: paho2145044059066] INFO  c.s.Seminar1.services.MqttService - Gespeichert - Temperatur Differenz: 0.05
2026-07-10 10:44:17 [MQTT Call: paho2145044059066] INFO  c.s.Seminar1.services.MqttService - Gespeichert - Wago750 Status: 1024.0
2026-07-10 10:44:18 [MQTT Call: paho2145044059066] INFO  c.s.Seminar1.services.MqttService - Gespeichert - Wago750 Status: 512.0
2026-07-10 10:44:18 [MQTT Call: paho2145044059066] INFO  c.s.Seminar1.services.MqttService - Gespeichert - Temperatur Soll: 27.55
2026-07-10 10:44:18 [MQTT Call: paho2145044059066] INFO  c.s.Seminar1.services.MqttService - Gespeichert - Temperatur Differenz: 0.03
2026-07-10 10:44:19 [MQTT Call: paho2145044059066] INFO  c.s.Seminar1.services.MqttService - Gespeichert - Wago750 Status: 256.0
2026-07-10 10:44:19 [MQTT Call: paho2145044059066] INFO  c.s.Seminar1.services.MqttService - Gespeichert - Temperatur Soll: 27.53
2026-07-10 10:44:19 [MQTT Call: paho2145044059066] INFO  c.s.Seminar1.services.MqttService - Gespeichert - Temperatur Differenz: 0.05
2026-07-10 10:44:20 [MQTT Call: paho2145044059066] INFO  c.s.Seminar1.services.MqttService - Gespeichert - Wago750 Status: 1.0
2026-07-10 10:44:20 [MQTT Call: paho2145044059066] INFO  c.s.Seminar1.services.MqttService - Gespeichert - Temperatur Soll: 27.55
2026-07-10 10:44:20 [MQTT Call: paho2145044059066] INFO  c.s.Seminar1.services.MqttService - Gespeichert - Temperatur Differenz: 0.03
2026-07-10 10:44:21 [MQTT Call: paho2145044059066] INFO  c.s.Seminar1.services.MqttService - Gespeichert - Wago750 Status: 2.0
2026-07-10 10:44:22 [MQTT Call: paho2145044059066] INFO  c.s.Seminar1.services.MqttService - Gespeichert - Wago750 Status: 4.0
2026-07-10 10:44:23 [MQTT Call: paho2145044059066] INFO  c.s.Seminar1.services.MqttService - Gespeichert - Wago750 Status: 8.0
2026-07-10 10:44:23 [MQTT Call: paho2145044059066] INFO  c.s.Seminar1.services.MqttService - Gespeichert - Temperatur Differenz: 0.04
2026-07-10 10:44:23 [MQTT Call: paho2145044059066] INFO  c.s.Seminar1.services.MqttService - Gespeichert - Temperatur Ist: 27.59
2026-07-10 10:44:24 [MQTT Call: paho2145044059066] INFO  c.s.Seminar1.services.MqttService - Gespeichert - Wago750 Status: 16.0
2026-07-10 10:44:24 [MQTT Call: paho2145044059066] INFO  c.s.Seminar1.services.MqttService - Gespeichert - Temperatur Differenz: 0.03
2026-07-10 10:44:24 [MQTT Call: paho2145044059066] INFO  c.s.Seminar1.services.MqttService - Gespeichert - Temperatur Ist: 27.58
2026-07-10 10:44:25 [MQTT Call: paho2145044059066] INFO  c.s.Seminar1.services.MqttService - Gespeichert - Wago750 Status: 32.0
2026-07-10 10:44:26 [MQTT Call: paho2145044059066] INFO  c.s.Seminar1.services.MqttService - Gespeichert - Wago750 Status: 64.0
2026-07-10 10:44:27 [MQTT Call: paho2145044059066] INFO  c.s.Seminar1.services.MqttService - Gespeichert - Wago750 Status: 128.0
2026-07-10 10:44:27 [MQTT Call: paho2145044059066] INFO  c.s.Seminar1.services.MqttService - Gespeichert - Temperatur Differenz: 0.04
2026-07-10 10:44:27 [MQTT Call: paho2145044059066] INFO  c.s.Seminar1.services.MqttService - Gespeichert - Temperatur Ist: 27.59
2026-07-10 10:44:28 [MQTT Call: paho2145044059066] INFO  c.s.Seminar1.services.MqttService - Gespeichert - Wago750 Status: 32768.0
2026-07-10 10:44:28 [MQTT Call: paho2145044059066] INFO  c.s.Seminar1.services.MqttService - Gespeichert - Temperatur Differenz: 0.03
2026-07-10 10:44:28 [MQTT Call: paho2145044059066] INFO  c.s.Seminar1.services.MqttService - Gespeichert - Temperatur Ist: 27.58
2026-07-10 10:44:30 [MQTT Call: paho2145044059066] INFO  c.s.Seminar1.services.MqttService - Gespeichert - Wago750 Status: 8192.0
2026-07-10 10:44:31 [MQTT Call: paho2145044059066] INFO  c.s.Seminar1.services.MqttService - Gespeichert - Wago750 Status: 4096.0
2026-07-10 10:44:32 [MQTT Call: paho2145044059066] INFO  c.s.Seminar1.services.MqttService - Gespeichert - Wago750 Status: 2048.0
2026-07-10 10:44:32 [MQTT Call: paho2145044059066] INFO  c.s.Seminar1.services.MqttService - Gespeichert - Temperatur Differenz: 0.04
2026-07-10 10:44:32 [MQTT Call: paho2145044059066] INFO  c.s.Seminar1.services.MqttService - Gespeichert - Temperatur Ist: 27.59
2026-07-10 10:44:33 [MQTT Call: paho2145044059066] INFO  c.s.Seminar1.services.MqttService - Gespeichert - Wago750 Status: 1024.0
2026-07-10 10:44:33 [MQTT Call: paho2145044059066] INFO  c.s.Seminar1.services.MqttService - Gespeichert - Temperatur Differenz: 0.03
2026-07-10 10:44:33 [MQTT Call: paho2145044059066] INFO  c.s.Seminar1.services.MqttService - Gespeichert - Temperatur Ist: 27.58
2026-07-10 10:44:34 [MQTT Call: paho2145044059066] INFO  c.s.Seminar1.services.MqttService - Gespeichert - Wago750 Status: 512.0
2026-07-10 10:44:35 [MQTT Call: paho2145044059066] INFO  c.s.Seminar1.services.MqttService - Gespeichert - Wago750 Status: 256.0
2026-07-10 10:44:36 [MQTT Call: paho2145044059066] INFO  c.s.Seminar1.services.MqttService - Gespeichert - Wago750 Status: 1.0
2026-07-10 10:44:37 [MQTT Call: paho2145044059066] INFO  c.s.Seminar1.services.MqttService - Gespeichert - Wago750 Status: 2.0
2026-07-10 10:44:38 [MQTT Call: paho2145044059066] INFO  c.s.Seminar1.services.MqttService - Gespeichert - Wago750 Status: 4.0
2026-07-10 10:44:39 [MQTT Call: paho2145044059066] INFO  c.s.Seminar1.services.MqttService - Gespeichert - Wago750 Status: 8.0
2026-07-10 10:44:40 [MQTT Call: paho2145044059066] INFO  c.s.Seminar1.services.MqttService - Gespeichert - Wago750 Status: 16.0
2026-07-10 10:44:41 [MQTT Call: paho2145044059066] INFO  c.s.Seminar1.services.MqttService - Gespeichert - Wago750 Status: 32.0
2026-07-10 10:44:41 [MQTT Call: paho2145044059066] INFO  c.s.Seminar1.services.MqttService - Gespeichert - Temperatur Differenz: 0.04
2026-07-10 10:44:41 [MQTT Call: paho2145044059066] INFO  c.s.Seminar1.services.MqttService - Gespeichert - Temperatur Ist: 27.59
2026-07-10 10:44:42 [MQTT Call: paho2145044059066] INFO  c.s.Seminar1.services.MqttService - Gespeichert - Wago750 Status: 64.0
2026-07-10 10:44:43 [MQTT Call: paho2145044059066] INFO  c.s.Seminar1.services.MqttService - Gespeichert - Wago750 Status: 128.0
2026-07-10 10:44:43 [MQTT Call: paho2145044059066] INFO  c.s.Seminar1.services.MqttService - Gespeichert - Temperatur Differenz: 0.03
2026-07-10 10:44:43 [MQTT Call: paho2145044059066] INFO  c.s.Seminar1.services.MqttService - Gespeichert - Temperatur Ist: 27.58
2026-07-10 10:44:44 [MQTT Call: paho2145044059066] INFO  c.s.Seminar1.services.MqttService - Gespeichert - Wago750 Status: 32768.0
2026-07-10 10:44:44 [MQTT Call: paho2145044059066] INFO  c.s.Seminar1.services.MqttService - Gespeichert - Temperatur Differenz: 0.04
2026-07-10 10:44:44 [MQTT Call: paho2145044059066] INFO  c.s.Seminar1.services.MqttService - Gespeichert - Temperatur Ist: 27.59
2026-07-10 10:44:45 [MQTT Call: paho2145044059066] INFO  c.s.Seminar1.services.MqttService - Gespeichert - Wago750 Status: 16384.0
2026-07-10 10:44:45 [MQTT Call: paho2145044059066] INFO  c.s.Seminar1.services.MqttService - Gespeichert - Temperatur Soll: 27.58
2026-07-10 10:44:45 [MQTT Call: paho2145044059066] INFO  c.s.Seminar1.services.MqttService - Gespeichert - Temperatur Differenz: 0.0
2026-07-10 10:44:45 [MQTT Call: paho2145044059066] INFO  c.s.Seminar1.services.MqttService - Gespeichert - Temperatur Ist: 27.58
2026-07-10 10:44:46 [MQTT Call: paho2145044059066] INFO  c.s.Seminar1.services.MqttService - Gespeichert - Wago750 Status: 8192.0
2026-07-10 10:44:47 [MQTT Call: paho2145044059066] INFO  c.s.Seminar1.services.MqttService - Gespeichert - Wago750 Status: 4096.0
2026-07-10 10:44:47 [MQTT Call: paho2145044059066] INFO  c.s.Seminar1.services.MqttService - Gespeichert - Temperatur Differenz: 0.01
2026-07-10 10:44:47 [MQTT Call: paho2145044059066] INFO  c.s.Seminar1.services.MqttService - Gespeichert - Temperatur Ist: 27.59
2026-07-10 10:44:48 [MQTT Call: paho2145044059066] INFO  c.s.Seminar1.services.MqttService - Gespeichert - Wago750 Status: 2048.0
2026-07-10 10:44:48 [MQTT Call: paho2145044059066] INFO  c.s.Seminar1.services.MqttService - Gespeichert - Temperatur Differenz: 0.0
2026-07-10 10:44:48 [MQTT Call: paho2145044059066] INFO  c.s.Seminar1.services.MqttService - Gespeichert - Temperatur Ist: 27.58
2026-07-10 10:44:49 [MQTT Call: paho2145044059066] INFO  c.s.Seminar1.services.MqttService - Gespeichert - Wago750 Status: 1024.0
2026-07-10 10:44:50 [MQTT Call: paho2145044059066] INFO  c.s.Seminar1.services.MqttService - Gespeichert - Wago750 Status: 512.0
2026-07-10 10:44:50 [MQTT Call: paho2145044059066] INFO  c.s.Seminar1.services.MqttService - Gespeichert - Temperatur Differenz: 0.01
2026-07-10 10:44:50 [MQTT Call: paho2145044059066] INFO  c.s.Seminar1.services.MqttService - Gespeichert - Temperatur Ist: 27.59
2026-07-10 10:44:51 [MQTT Call: paho2145044059066] INFO  c.s.Seminar1.services.MqttService - Gespeichert - Wago750 Status: 256.0
2026-07-10 10:44:51 [MQTT Call: paho2145044059066] INFO  c.s.Seminar1.services.MqttService - Gespeichert - Temperatur Differenz: 0.0
2026-07-10 10:44:51 [MQTT Call: paho2145044059066] INFO  c.s.Seminar1.services.MqttService - Gespeichert - Temperatur Ist: 27.58
2026-07-10 10:44:52 [MQTT Call: paho2145044059066] INFO  c.s.Seminar1.services.MqttService - Gespeichert - Wago750 Status: 1.0
2026-07-10 10:44:53 [MQTT Call: paho2145044059066] INFO  c.s.Seminar1.services.MqttService - Gespeichert - Wago750 Status: 2.0
2026-07-10 10:44:54 [MQTT Call: paho2145044059066] INFO  c.s.Seminar1.services.MqttService - Gespeichert - Wago750 Status: 4.0
2026-07-10 10:44:55 [MQTT Call: paho2145044059066] INFO  c.s.Seminar1.services.MqttService - Gespeichert - Wago750 Control: 1
2026-07-10 10:44:55 [MQTT Call: paho2145044059066] INFO  c.s.Seminar1.services.MqttService - Gespeichert - Wago750 Status: 255.0
2026-07-10 10:44:55 [MQTT Call: paho2145044059066] INFO  c.s.Seminar1.services.MqttService - Gespeichert - Temperatur Differenz: 0.01
2026-07-10 10:44:55 [MQTT Call: paho2145044059066] INFO  c.s.Seminar1.services.MqttService - Gespeichert - Temperatur Ist: 27.59
2026-07-10 10:44:56 [MQTT Call: paho2145044059066] INFO  c.s.Seminar1.services.MqttService - Gespeichert - Wago750 Status: 65280.0
2026-07-10 10:44:57 [MQTT Call: paho2145044059066] INFO  c.s.Seminar1.services.MqttService - Gespeichert - Wago750 Status: 255.0
2026-07-10 10:44:57 [MQTT Call: paho2145044059066] INFO  c.s.Seminar1.services.MqttService - Gespeichert - Temperatur Differenz: 0.0
2026-07-10 10:44:58 [MQTT Call: paho2145044059066] INFO  c.s.Seminar1.services.MqttService - Gespeichert - Wago750 Status: 65280.0
2026-07-10 10:44:58 [MQTT Call: paho2145044059066] INFO  c.s.Seminar1.services.MqttService - Gespeichert - Temperatur Ist: 27.58
2026-07-10 10:44:59 [MQTT Call: paho2145044059066] INFO  c.s.Seminar1.services.MqttService - Gespeichert - Wago750 Status: 255.0
2026-07-10 10:44:59 [MQTT Call: paho2145044059066] INFO  c.s.Seminar1.services.MqttService - Gespeichert - Temperatur Differenz: 0.01
2026-07-10 10:44:59 [MQTT Call: paho2145044059066] INFO  c.s.Seminar1.services.MqttService - Gespeichert - Temperatur Ist: 27.59
2026-07-10 10:45:00 [MQTT Call: paho2145044059066] INFO  c.s.Seminar1.services.MqttService - Gespeichert - Wago750 Status: 65280.0
2026-07-10 10:45:01 [MQTT Call: paho2145044059066] INFO  c.s.Seminar1.services.MqttService - Gespeichert - Wago750 Status: 255.0
2026-07-10 10:45:01 [MQTT Call: paho2145044059066] INFO  c.s.Seminar1.services.MqttService - Gespeichert - Temperatur Differenz: 0.0
2026-07-10 10:45:01 [MQTT Call: paho2145044059066] INFO  c.s.Seminar1.services.MqttService - Gespeichert - Temperatur Ist: 27.58
2026-07-10 10:45:02 [MQTT Call: paho2145044059066] INFO  c.s.Seminar1.services.MqttService - Gespeichert - Wago750 Control: 3
2026-07-10 10:45:02 [MQTT Call: paho2145044059066] INFO  c.s.Seminar1.services.MqttService - Gespeichert - Wago750 Status: 6168.0
2026-07-10 10:45:03 [MQTT Call: paho2145044059066] INFO  c.s.Seminar1.services.MqttService - Gespeichert - Wago750 Status: 9252.0
2026-07-10 10:45:03 [MQTT Call: paho2145044059066] INFO  c.s.Seminar1.services.MqttService - Gespeichert - Temperatur Differenz: 0.01
2026-07-10 10:45:03 [MQTT Call: paho2145044059066] INFO  c.s.Seminar1.services.MqttService - Gespeichert - Temperatur Ist: 27.59
2026-07-10 10:45:04 [MQTT Call: paho2145044059066] INFO  c.s.Seminar1.services.MqttService - Gespeichert - Wago750 Status: 16962.0
2026-07-10 10:45:05 [MQTT Call: paho2145044059066] INFO  c.s.Seminar1.services.MqttService - Gespeichert - Wago750 Status: 33153.0
2026-07-10 10:45:06 [MQTT Call: paho2145044059066] INFO  c.s.Seminar1.services.MqttService - Gespeichert - Wago750 Status: 16962.0
2026-07-10 10:45:07 [MQTT Call: paho2145044059066] INFO  c.s.Seminar1.services.MqttService - Gespeichert - Wago750 Status: 9252.0
2026-07-10 10:45:08 [MQTT Call: paho2145044059066] INFO  c.s.Seminar1.services.MqttService - Gespeichert - Wago750 Status: 6168.0
2026-07-10 10:45:08 [MQTT Call: paho2145044059066] INFO  c.s.Seminar1.services.MqttService - Gespeichert - Temperatur Differenz: 0.0
2026-07-10 10:45:08 [MQTT Call: paho2145044059066] INFO  c.s.Seminar1.services.MqttService - Gespeichert - Temperatur Ist: 27.58
2026-07-10 10:45:09 [MQTT Call: paho2145044059066] INFO  c.s.Seminar1.services.MqttService - Gespeichert - Wago750 Status: 9252.0
2026-07-10 10:45:09 [MQTT Call: paho2145044059066] INFO  c.s.Seminar1.services.MqttService - Gespeichert - Temperatur Differenz: 0.01
2026-07-10 10:45:09 [MQTT Call: paho2145044059066] INFO  c.s.Seminar1.services.MqttService - Gespeichert - Temperatur Ist: 27.59
2026-07-10 10:45:10 [MQTT Call: paho2145044059066] INFO  c.s.Seminar1.services.MqttService - Gespeichert - Wago750 Status: 16962.0
2026-07-10 10:45:11 [MQTT Call: paho2145044059066] INFO  c.s.Seminar1.services.MqttService - Gespeichert - Wago750 Status: 33153.0
2026-07-10 10:45:12 [MQTT Call: paho2145044059066] INFO  c.s.Seminar1.services.MqttService - Gespeichert - Wago750 Status: 16962.0
2026-07-10 10:45:12 [MQTT Call: paho2145044059066] INFO  c.s.Seminar1.services.MqttService - Gespeichert - Wago750 Control: 2
2026-07-10 10:45:13 [MQTT Call: paho2145044059066] INFO  c.s.Seminar1.services.MqttService - Gespeichert - Wago750 Status: 16.0
2026-07-10 10:45:14 [MQTT Call: paho2145044059066] INFO  c.s.Seminar1.services.MqttService - Gespeichert - Wago750 Status: 32.0
2026-07-10 10:45:14 [MQTT Call: paho2145044059066] INFO  c.s.Seminar1.services.MqttService - Gespeichert - Temperatur Soll: 27.59
2026-07-10 10:45:14 [MQTT Call: paho2145044059066] INFO  c.s.Seminar1.services.MqttService - Gespeichert - Temperatur Differenz: 0.0
2026-07-10 10:45:15 [MQTT Call: paho2145044059066] INFO  c.s.Seminar1.services.MqttService - Gespeichert - Wago750 Status: 64.0
2026-07-10 10:45:15 [MQTT Call: paho2145044059066] INFO  c.s.Seminar1.services.MqttService - Gespeichert - Temperatur Soll: 27.58
2026-07-10 10:45:16 [MQTT Call: paho2145044059066] INFO  c.s.Seminar1.services.MqttService - Gespeichert - Wago750 Status: 128.0
2026-07-10 10:45:16 [MQTT Call: paho2145044059066] INFO  c.s.Seminar1.services.MqttService - Gespeichert - Temperatur Soll: 27.59
2026-07-10 10:45:17 [MQTT Call: paho2145044059066] INFO  c.s.Seminar1.services.MqttService - Gespeichert - Wago750 Status: 32768.0
2026-07-10 10:45:18 [MQTT Call: paho2145044059066] INFO  c.s.Seminar1.services.MqttService - Gespeichert - Wago750 Status: 16384.0
2026-07-10 10:45:19 [MQTT Call: paho2145044059066] INFO  c.s.Seminar1.services.MqttService - Gespeichert - Wago750 Status: 8192.0
2026-07-10 10:45:20 [MQTT Call: paho2145044059066] INFO  c.s.Seminar1.services.MqttService - Gespeichert - Wago750 Status: 4096.0
2026-07-10 10:45:21 [MQTT Call: paho2145044059066] INFO  c.s.Seminar1.services.MqttService - Gespeichert - Wago750 Status: 2048.0
2026-07-10 10:45:22 [MQTT Call: paho2145044059066] INFO  c.s.Seminar1.services.MqttService - Gespeichert - Wago750 Status: 1024.0
2026-07-10 10:45:23 [MQTT Call: paho2145044059066] INFO  c.s.Seminar1.services.MqttService - Gespeichert - Wago750 Status: 512.0
2026-07-10 10:45:24 [MQTT Call: paho2145044059066] INFO  c.s.Seminar1.services.MqttService - Gespeichert - Wago750 Status: 256.0
2026-07-10 10:45:25 [MQTT Call: paho2145044059066] INFO  c.s.Seminar1.services.MqttService - Gespeichert - Wago750 Status: 1.0
2026-07-10 10:45:26 [MQTT Call: paho2145044059066] INFO  c.s.Seminar1.services.MqttService - Gespeichert - Wago750 Status: 2.0
2026-07-10 10:45:27 [MQTT Call: paho2145044059066] INFO  c.s.Seminar1.services.MqttService - Gespeichert - Wago750 Status: 4.0
2026-07-10 10:45:28 [MQTT Call: paho2145044059066] INFO  c.s.Seminar1.services.MqttService - Gespeichert - Wago750 Status: 8.0
2026-07-10 10:45:29 [MQTT Call: paho2145044059066] INFO  c.s.Seminar1.services.MqttService - Gespeichert - Wago750 Status: 16.0
2026-07-10 10:45:30 [MQTT Call: paho2145044059066] INFO  c.s.Seminar1.services.MqttService - Gespeichert - Wago750 Status: 32.0
2026-07-10 10:45:31 [MQTT Call: paho2145044059066] INFO  c.s.Seminar1.services.MqttService - Gespeichert - Wago750 Status: 64.0
2026-07-10 10:45:32 [MQTT Call: paho2145044059066] INFO  c.s.Seminar1.services.MqttService - Gespeichert - Wago750 Status: 128.0
2026-07-10 10:45:33 [MQTT Call: paho2145044059066] INFO  c.s.Seminar1.services.MqttService - Gespeichert - Wago750 Status: 32768.0
2026-07-10 10:45:34 [MQTT Call: paho2145044059066] INFO  c.s.Seminar1.services.MqttService - Gespeichert - Wago750 Status: 16384.0
2026-07-10 10:45:35 [MQTT Call: paho2145044059066] INFO  c.s.Seminar1.services.MqttService - Gespeichert - Wago750 Status: 8192.0
2026-07-10 10:45:36 [MQTT Call: paho2145044059066] INFO  c.s.Seminar1.services.MqttService - Gespeichert - Wago750 Status: 4096.0
2026-07-10 10:45:37 [MQTT Call: paho2145044059066] INFO  c.s.Seminar1.services.MqttService - Gespeichert - Wago750 Status: 2048.0
2026-07-10 10:45:38 [MQTT Call: paho2145044059066] INFO  c.s.Seminar1.services.MqttService - Gespeichert - Wago750 Status: 1024.0
2026-07-10 10:45:39 [MQTT Call: paho2145044059066] INFO  c.s.Seminar1.services.MqttService - Gespeichert - Wago750 Status: 512.0
2026-07-10 10:45:40 [MQTT Call: paho2145044059066] INFO  c.s.Seminar1.services.MqttService - Gespeichert - Wago750 Status: 256.0
2026-07-10 10:45:41 [MQTT Call: paho2145044059066] INFO  c.s.Seminar1.services.MqttService - Gespeichert - Wago750 Status: 1.0
2026-07-10 10:45:42 [MQTT Call: paho2145044059066] INFO  c.s.Seminar1.services.MqttService - Gespeichert - Wago750 Status: 2.0
2026-07-10 10:45:43 [MQTT Call: paho2145044059066] INFO  c.s.Seminar1.services.MqttService - Gespeichert - Wago750 Status: 4.0
2026-07-10 10:45:44 [MQTT Call: paho2145044059066] INFO  c.s.Seminar1.services.MqttService - Gespeichert - Wago750 Status: 8.0
2026-07-10 10:45:45 [MQTT Call: paho2145044059066] INFO  c.s.Seminar1.services.MqttService - Gespeichert - Wago750 Status: 16.0
2026-07-10 10:45:46 [MQTT Call: paho2145044059066] INFO  c.s.Seminar1.services.MqttService - Gespeichert - Wago750 Status: 32.0
2026-07-10 10:45:47 [MQTT Call: paho2145044059066] INFO  c.s.Seminar1.services.MqttService - Gespeichert - Wago750 Status: 64.0
2026-07-10 10:45:48 [MQTT Call: paho2145044059066] INFO  c.s.Seminar1.services.MqttService - Gespeichert - Wago750 Status: 128.0
2026-07-10 10:45:49 [MQTT Call: paho2145044059066] INFO  c.s.Seminar1.services.MqttService - Gespeichert - Wago750 Status: 32768.0
2026-07-10 10:45:49 [MQTT Call: paho2145044059066] INFO  c.s.Seminar1.services.MqttService - Gespeichert - Temperatur Soll: 27.62
2026-07-10 10:45:49 [MQTT Call: paho2145044059066] INFO  c.s.Seminar1.services.MqttService - Gespeichert - Temperatur Differenz: -0.03
2026-07-10 10:45:50 [MQTT Call: paho2145044059066] INFO  c.s.Seminar1.services.MqttService - Gespeichert - Wago750 Status: 16384.0
2026-07-10 10:45:50 [MQTT Call: paho2145044059066] INFO  c.s.Seminar1.services.MqttService - Gespeichert - Temperatur Soll: 27.59
2026-07-10 10:45:50 [MQTT Call: paho2145044059066] INFO  c.s.Seminar1.services.MqttService - Gespeichert - Temperatur Differenz: 0.0
2026-07-10 10:45:51 [MQTT Call: paho2145044059066] INFO  c.s.Seminar1.services.MqttService - Gespeichert - Wago750 Status: 8192.0
2026-07-10 10:45:51 [MQTT Call: paho2145044059066] INFO  c.s.Seminar1.services.MqttService - Gespeichert - Temperatur Soll: 27.62
2026-07-10 10:45:52 [MQTT Call: paho2145044059066] INFO  c.s.Seminar1.services.MqttService - Gespeichert - Wago750 Status: 4096.0
2026-07-10 10:45:52 [MQTT Call: paho2145044059066] INFO  c.s.Seminar1.services.MqttService - Gespeichert - Temperatur Differenz: -0.03
2026-07-10 10:45:53 [MQTT Call: paho2145044059066] INFO  c.s.Seminar1.services.MqttService - Gespeichert - Wago750 Status: 2048.0
2026-07-10 10:45:53 [MQTT Call: paho2145044059066] INFO  c.s.Seminar1.services.MqttService - Gespeichert - Temperatur Soll: 27.59
2026-07-10 10:45:53 [MQTT Call: paho2145044059066] INFO  c.s.Seminar1.services.MqttService - Gespeichert - Temperatur Differenz: 0.0
2026-07-10 10:45:54 [MQTT Call: paho2145044059066] INFO  c.s.Seminar1.services.MqttService - Gespeichert - Wago750 Status: 1024.0
2026-07-10 10:45:54 [MQTT Call: paho2145044059066] INFO  c.s.Seminar1.services.MqttService - Gespeichert - Temperatur Soll: 27.62
2026-07-10 10:45:54 [MQTT Call: paho2145044059066] INFO  c.s.Seminar1.services.MqttService - Gespeichert - Temperatur Differenz: -0.03
2026-07-10 10:45:55 [MQTT Call: paho2145044059066] INFO  c.s.Seminar1.services.MqttService - Gespeichert - Wago750 Status: 512.0
2026-07-10 10:45:57 [MQTT Call: paho2145044059066] INFO  c.s.Seminar1.services.MqttService - Gespeichert - Wago750 Status: 256.0
2026-07-10 10:45:58 [MQTT Call: paho2145044059066] INFO  c.s.Seminar1.services.MqttService - Gespeichert - Wago750 Status: 1.0
2026-07-10 10:45:59 [MQTT Call: paho2145044059066] INFO  c.s.Seminar1.services.MqttService - Gespeichert - Wago750 Status: 2.0
2026-07-10 10:46:00 [MQTT Call: paho2145044059066] INFO  c.s.Seminar1.services.MqttService - Gespeichert - Wago750 Status: 4.0
2026-07-10 10:46:01 [MQTT Call: paho2145044059066] INFO  c.s.Seminar1.services.MqttService - Gespeichert - Wago750 Status: 8.0
2026-07-10 10:46:01 [MQTT Call: paho2145044059066] INFO  c.s.Seminar1.services.MqttService - Gespeichert - Temperatur Differenz: -0.04
2026-07-10 10:46:01 [MQTT Call: paho2145044059066] INFO  c.s.Seminar1.services.MqttService - Gespeichert - Temperatur Ist: 27.58
2026-07-10 10:46:02 [MQTT Call: paho2145044059066] INFO  c.s.Seminar1.services.MqttService - Gespeichert - Wago750 Status: 16.0
2026-07-10 10:46:02 [MQTT Call: paho2145044059066] INFO  c.s.Seminar1.services.MqttService - Gespeichert - Temperatur Differenz: -0.03
2026-07-10 10:46:02 [MQTT Call: paho2145044059066] INFO  c.s.Seminar1.services.MqttService - Gespeichert - Temperatur Ist: 27.59
2026-07-10 10:46:02 [MQTT Call: paho2145044059066] INFO  c.s.Seminar1.services.MqttService - Gespeichert - Wago750 Control: 0
2026-07-10 10:46:03 [MQTT Call: paho2145044059066] INFO  c.s.Seminar1.services.MqttService - Gespeichert - Wago750 Status: 0.0
2026-07-10 10:46:04 [MQTT Call: paho2145044059066] INFO  c.s.Seminar1.services.MqttService - Gespeichert - Temperatur Differenz: -0.04
2026-07-10 10:46:04 [MQTT Call: paho2145044059066] INFO  c.s.Seminar1.services.MqttService - Gespeichert - Temperatur Ist: 27.58
2026-07-10 10:46:05 [MQTT Call: paho2145044059066] INFO  c.s.Seminar1.services.MqttService - Gespeichert - Temperatur Differenz: -0.03
2026-07-10 10:46:05 [MQTT Call: paho2145044059066] INFO  c.s.Seminar1.services.MqttService - Gespeichert - Temperatur Ist: 27.59
2026-07-10 10:46:06 [MQTT Call: paho2145044059066] INFO  c.s.Seminar1.services.MqttService - Gespeichert - Wago750 Control: 3
2026-07-10 10:46:07 [MQTT Call: paho2145044059066] INFO  c.s.Seminar1.services.MqttService - Gespeichert - Wago750 Status: 9252.0
2026-07-10 10:46:08 [MQTT Call: paho2145044059066] INFO  c.s.Seminar1.services.MqttService - Gespeichert - Wago750 Status: 6168.0
2026-07-10 10:46:09 [MQTT Call: paho2145044059066] INFO  c.s.Seminar1.services.MqttService - Gespeichert - Wago750 Status: 9252.0
2026-07-10 10:46:10 [MQTT Call: paho2145044059066] INFO  c.s.Seminar1.services.MqttService - Gespeichert - Wago750 Status: 16962.0
2026-07-10 10:46:11 [MQTT Call: paho2145044059066] INFO  c.s.Seminar1.services.MqttService - Gespeichert - Wago750 Status: 33153.0
2026-07-10 10:46:12 [MQTT Call: paho2145044059066] INFO  c.s.Seminar1.services.MqttService - Gespeichert - Wago750 Status: 16962.0
2026-07-10 10:46:13 [MQTT Call: paho2145044059066] INFO  c.s.Seminar1.services.MqttService - Gespeichert - Wago750 Status: 9252.0
2026-07-10 10:46:14 [MQTT Call: paho2145044059066] INFO  c.s.Seminar1.services.MqttService - Gespeichert - Wago750 Status: 6168.0
2026-07-10 10:46:15 [MQTT Call: paho2145044059066] INFO  c.s.Seminar1.services.MqttService - Gespeichert - Wago750 Status: 9252.0
2026-07-10 10:46:16 [MQTT Call: paho2145044059066] INFO  c.s.Seminar1.services.MqttService - Gespeichert - Wago750 Status: 16962.0
2026-07-10 10:46:17 [MQTT Call: paho2145044059066] INFO  c.s.Seminar1.services.MqttService - Gespeichert - Wago750 Status: 33153.0
2026-07-10 10:46:18 [MQTT Call: paho2145044059066] INFO  c.s.Seminar1.services.MqttService - Gespeichert - Wago750 Status: 16962.0
2026-07-10 10:46:19 [MQTT Call: paho2145044059066] INFO  c.s.Seminar1.services.MqttService - Gespeichert - Wago750 Status: 9252.0
2026-07-10 10:46:20 [MQTT Call: paho2145044059066] INFO  c.s.Seminar1.services.MqttService - Gespeichert - Wago750 Status: 6168.0
2026-07-10 10:46:21 [MQTT Call: paho2145044059066] INFO  c.s.Seminar1.services.MqttService - Gespeichert - Wago750 Status: 9252.0
2026-07-10 10:46:22 [MQTT Call: paho2145044059066] INFO  c.s.Seminar1.services.MqttService - Gespeichert - Wago750 Status: 16962.0
2026-07-10 10:46:23 [MQTT Call: paho2145044059066] INFO  c.s.Seminar1.services.MqttService - Gespeichert - Wago750 Status: 33153.0
2026-07-10 10:46:24 [MQTT Call: paho2145044059066] INFO  c.s.Seminar1.services.MqttService - Gespeichert - Wago750 Status: 16962.0
2026-07-10 10:46:25 [MQTT Call: paho2145044059066] INFO  c.s.Seminar1.services.MqttService - Gespeichert - Wago750 Status: 9252.0
2026-07-10 10:46:26 [MQTT Call: paho2145044059066] INFO  c.s.Seminar1.services.MqttService - Gespeichert - Wago750 Status: 6168.0
2026-07-10 10:46:27 [MQTT Call: paho2145044059066] INFO  c.s.Seminar1.services.MqttService - Gespeichert - Wago750 Status: 9252.0
2026-07-10 10:46:28 [MQTT Call: paho2145044059066] INFO  c.s.Seminar1.services.MqttService - Gespeichert - Wago750 Status: 16962.0
2026-07-10 10:46:29 [MQTT Call: paho2145044059066] INFO  c.s.Seminar1.services.MqttService - Gespeichert - Wago750 Status: 33153.0
2026-07-10 10:46:30 [MQTT Call: paho2145044059066] INFO  c.s.Seminar1.services.MqttService - Gespeichert - Wago750 Status: 16962.0
2026-07-10 10:46:31 [MQTT Call: paho2145044059066] INFO  c.s.Seminar1.services.MqttService - Gespeichert - Wago750 Status: 9252.0
2026-07-10 10:46:32 [MQTT Call: paho2145044059066] INFO  c.s.Seminar1.services.MqttService - Gespeichert - Wago750 Status: 6168.0
2026-07-10 10:46:33 [MQTT Call: paho2145044059066] INFO  c.s.Seminar1.services.MqttService - Gespeichert - Wago750 Status: 9252.0
2026-07-10 10:46:34 [MQTT Call: paho2145044059066] INFO  c.s.Seminar1.services.MqttService - Gespeichert - Wago750 Status: 16962.0
2026-07-10 10:46:35 [MQTT Call: paho2145044059066] INFO  c.s.Seminar1.services.MqttService - Gespeichert - Wago750 Status: 33153.0
2026-07-10 10:46:35 [MQTT Call: paho2145044059066] INFO  c.s.Seminar1.services.MqttService - Gespeichert - Temperatur Soll: 27.63
2026-07-10 10:46:35 [MQTT Call: paho2145044059066] INFO  c.s.Seminar1.services.MqttService - Gespeichert - Temperatur Differenz: -0.04
2026-07-10 10:46:36 [MQTT Call: paho2145044059066] INFO  c.s.Seminar1.services.MqttService - Gespeichert - Wago750 Status: 16962.0
2026-07-10 10:46:36 [MQTT Call: paho2145044059066] INFO  c.s.Seminar1.services.MqttService - Gespeichert - Temperatur Soll: 27.62
2026-07-10 10:46:36 [MQTT Call: paho2145044059066] INFO  c.s.Seminar1.services.MqttService - Gespeichert - Temperatur Differenz: -0.03
2026-07-10 10:46:37 [MQTT Call: paho2145044059066] INFO  c.s.Seminar1.services.MqttService - Gespeichert - Wago750 Status: 9252.0
2026-07-10 10:46:38 [MQTT Call: paho2145044059066] INFO  c.s.Seminar1.services.MqttService - Gespeichert - Wago750 Status: 6168.0
2026-07-10 10:46:38 [MQTT Call: paho2145044059066] INFO  c.s.Seminar1.services.MqttService - Gespeichert - Temperatur Soll: 27.63
2026-07-10 10:46:38 [MQTT Call: paho2145044059066] INFO  c.s.Seminar1.services.MqttService - Gespeichert - Temperatur Differenz: -0.04
2026-07-10 10:46:39 [MQTT Call: paho2145044059066] INFO  c.s.Seminar1.services.MqttService - Gespeichert - Wago750 Status: 9252.0
2026-07-10 10:46:40 [MQTT Call: paho2145044059066] INFO  c.s.Seminar1.services.MqttService - Gespeichert - Wago750 Status: 16962.0
2026-07-10 10:46:40 [MQTT Call: paho2145044059066] INFO  c.s.Seminar1.services.MqttService - Gespeichert - Temperatur Soll: 27.62
2026-07-10 10:46:40 [MQTT Call: paho2145044059066] INFO  c.s.Seminar1.services.MqttService - Gespeichert - Temperatur Differenz: -0.03
2026-07-10 10:46:41 [MQTT Call: paho2145044059066] INFO  c.s.Seminar1.services.MqttService - Gespeichert - Wago750 Status: 33153.0
2026-07-10 10:46:41 [MQTT Call: paho2145044059066] INFO  c.s.Seminar1.services.MqttService - Gespeichert - Temperatur Soll: 27.63
2026-07-10 10:46:41 [MQTT Call: paho2145044059066] INFO  c.s.Seminar1.services.MqttService - Gespeichert - Temperatur Differenz: -0.04
2026-07-10 10:46:42 [MQTT Call: paho2145044059066] INFO  c.s.Seminar1.services.MqttService - Gespeichert - Wago750 Status: 16962.0
2026-07-10 10:46:43 [MQTT Call: paho2145044059066] INFO  c.s.Seminar1.services.MqttService - Gespeichert - Wago750 Status: 9252.0
2026-07-10 10:46:44 [MQTT Call: paho2145044059066] INFO  c.s.Seminar1.services.MqttService - Gespeichert - Wago750 Control: 2
2026-07-10 10:46:44 [MQTT Call: paho2145044059066] INFO  c.s.Seminar1.services.MqttService - Gespeichert - Wago750 Status: 64.0
2026-07-10 10:46:45 [MQTT Call: paho2145044059066] INFO  c.s.Seminar1.services.MqttService - Gespeichert - Wago750 Status: 128.0
2026-07-10 10:46:46 [MQTT Call: paho2145044059066] INFO  c.s.Seminar1.services.MqttService - Gespeichert - Wago750 Status: 32768.0
2026-07-10 10:46:47 [MQTT Call: paho2145044059066] INFO  c.s.Seminar1.services.MqttService - Gespeichert - Wago750 Status: 16384.0
2026-07-10 10:46:48 [MQTT Call: paho2145044059066] INFO  c.s.Seminar1.services.MqttService - Gespeichert - Wago750 Status: 8192.0
2026-07-10 10:46:48 [MQTT Call: paho2145044059066] INFO  c.s.Seminar1.services.MqttService - Gespeichert - Temperatur Differenz: -0.05
2026-07-10 10:46:48 [MQTT Call: paho2145044059066] INFO  c.s.Seminar1.services.MqttService - Gespeichert - Temperatur Ist: 27.58
2026-07-10 10:46:49 [MQTT Call: paho2145044059066] INFO  c.s.Seminar1.services.MqttService - Gespeichert - Wago750 Status: 4096.0
2026-07-10 10:46:49 [MQTT Call: paho2145044059066] INFO  c.s.Seminar1.services.MqttService - Gespeichert - Temperatur Differenz: 0.05
2026-07-10 10:46:49 [MQTT Call: paho2145044059066] INFO  c.s.Seminar1.services.MqttService - Gespeichert - Temperatur Ist: 27.68
2026-07-10 10:46:50 [MQTT Call: paho2145044059066] INFO  c.s.Seminar1.services.MqttService - Gespeichert - Wago750 Status: 2048.0
2026-07-10 10:46:50 [MQTT Call: paho2145044059066] INFO  c.s.Seminar1.services.MqttService - Gespeichert - Temperatur Differenz: 0.54
2026-07-10 10:46:50 [MQTT Call: paho2145044059066] INFO  c.s.Seminar1.services.MqttService - Gespeichert - Temperatur Ist: 28.17
2026-07-10 10:46:51 [MQTT Call: paho2145044059066] INFO  c.s.Seminar1.services.MqttService - Gespeichert - Wago750 Status: 1024.0
2026-07-10 10:46:51 [MQTT Call: paho2145044059066] INFO  c.s.Seminar1.services.MqttService - Gespeichert - Temperatur Differenz: 0.67
2026-07-10 10:46:51 [MQTT Call: paho2145044059066] INFO  c.s.Seminar1.services.MqttService - Gespeichert - Temperatur Ist: 28.3
2026-07-10 10:46:52 [MQTT Call: paho2145044059066] INFO  c.s.Seminar1.services.MqttService - Gespeichert - Wago750 Status: 512.0
2026-07-10 10:46:52 [MQTT Call: paho2145044059066] INFO  c.s.Seminar1.services.MqttService - Gespeichert - Temperatur Differenz: 1.01
2026-07-10 10:46:52 [MQTT Call: paho2145044059066] INFO  c.s.Seminar1.services.MqttService - Gespeichert - Temperatur Ist: 28.64
2026-07-10 10:46:53 [MQTT Call: paho2145044059066] INFO  c.s.Seminar1.services.MqttService - Gespeichert - Wago750 Status: 256.0
2026-07-10 10:46:53 [MQTT Call: paho2145044059066] INFO  c.s.Seminar1.services.MqttService - Gespeichert - Temperatur Differenz: 1.24
2026-07-10 10:46:53 [MQTT Call: paho2145044059066] INFO  c.s.Seminar1.services.MqttService - Gespeichert - Temperatur Ist: 28.87
2026-07-10 10:46:54 [MQTT Call: paho2145044059066] INFO  c.s.Seminar1.services.MqttService - Gespeichert - Wago750 Status: 1.0
2026-07-10 10:46:54 [MQTT Call: paho2145044059066] INFO  c.s.Seminar1.services.MqttService - Gespeichert - Temperatur Differenz: 1.27
2026-07-10 10:46:54 [MQTT Call: paho2145044059066] INFO  c.s.Seminar1.services.MqttService - Gespeichert - Temperatur Ist: 28.9
2026-07-10 10:46:55 [MQTT Call: paho2145044059066] INFO  c.s.Seminar1.services.MqttService - Gespeichert - Wago750 Status: 2.0
2026-07-10 10:46:55 [MQTT Call: paho2145044059066] INFO  c.s.Seminar1.services.MqttService - Gespeichert - Temperatur Differenz: 1.49
2026-07-10 10:46:55 [MQTT Call: paho2145044059066] INFO  c.s.Seminar1.services.MqttService - Gespeichert - Temperatur Ist: 29.12
2026-07-10 10:46:56 [MQTT Call: paho2145044059066] INFO  c.s.Seminar1.services.MqttService - Gespeichert - Wago750 Status: 4.0
2026-07-10 10:46:56 [MQTT Call: paho2145044059066] INFO  c.s.Seminar1.services.MqttService - Gespeichert - Temperatur Differenz: 1.63
2026-07-10 10:46:56 [MQTT Call: paho2145044059066] INFO  c.s.Seminar1.services.MqttService - Gespeichert - Temperatur Ist: 29.26
2026-07-10 10:46:57 [MQTT Call: paho2145044059066] INFO  c.s.Seminar1.services.MqttService - Gespeichert - Wago750 Status: 8.0
2026-07-10 10:46:57 [MQTT Call: paho2145044059066] INFO  c.s.Seminar1.services.MqttService - Gespeichert - Temperatur Differenz: 1.67
2026-07-10 10:46:57 [MQTT Call: paho2145044059066] INFO  c.s.Seminar1.services.MqttService - Gespeichert - Temperatur Ist: 29.3
2026-07-10 10:46:58 [MQTT Call: paho2145044059066] INFO  c.s.Seminar1.services.MqttService - Gespeichert - Wago750 Status: 16.0
2026-07-10 10:46:58 [MQTT Call: paho2145044059066] INFO  c.s.Seminar1.services.MqttService - Gespeichert - Temperatur Differenz: 1.8
2026-07-10 10:46:58 [MQTT Call: paho2145044059066] INFO  c.s.Seminar1.services.MqttService - Gespeichert - Temperatur Ist: 29.43
2026-07-10 10:46:59 [MQTT Call: paho2145044059066] INFO  c.s.Seminar1.services.MqttService - Gespeichert - Wago750 Status: 32.0
2026-07-10 10:46:59 [MQTT Call: paho2145044059066] INFO  c.s.Seminar1.services.MqttService - Gespeichert - Temperatur Differenz: 1.84
2026-07-10 10:46:59 [MQTT Call: paho2145044059066] INFO  c.s.Seminar1.services.MqttService - Gespeichert - Temperatur Ist: 29.47
2026-07-10 10:47:00 [MQTT Call: paho2145044059066] INFO  c.s.Seminar1.services.MqttService - Gespeichert - Wago750 Status: 64.0
2026-07-10 10:47:00 [MQTT Call: paho2145044059066] INFO  c.s.Seminar1.services.MqttService - Gespeichert - Temperatur Differenz: 1.93
2026-07-10 10:47:00 [MQTT Call: paho2145044059066] INFO  c.s.Seminar1.services.MqttService - Gespeichert - Temperatur Ist: 29.56
2026-07-10 10:47:01 [MQTT Call: paho2145044059066] INFO  c.s.Seminar1.services.MqttService - Gespeichert - Wago750 Status: 128.0
2026-07-10 10:47:01 [MQTT Call: paho2145044059066] INFO  c.s.Seminar1.services.MqttService - Gespeichert - Temperatur Differenz: 2.05
2026-07-10 10:47:01 [MQTT Call: paho2145044059066] INFO  c.s.Seminar1.services.MqttService - Gespeichert - Temperatur Ist: 29.68
2026-07-10 10:47:02 [MQTT Call: paho2145044059066] INFO  c.s.Seminar1.services.MqttService - Gespeichert - Wago750 Status: 32768.0
2026-07-10 10:47:02 [MQTT Call: paho2145044059066] INFO  c.s.Seminar1.services.MqttService - Gespeichert - Temperatur Differenz: 2.06
2026-07-10 10:47:02 [MQTT Call: paho2145044059066] INFO  c.s.Seminar1.services.MqttService - Gespeichert - Temperatur Ist: 29.69
2026-07-10 10:47:03 [MQTT Call: paho2145044059066] INFO  c.s.Seminar1.services.MqttService - Gespeichert - Wago750 Status: 16384.0
2026-07-10 10:47:03 [MQTT Call: paho2145044059066] INFO  c.s.Seminar1.services.MqttService - Gespeichert - Temperatur Differenz: 2.15
2026-07-10 10:47:03 [MQTT Call: paho2145044059066] INFO  c.s.Seminar1.services.MqttService - Gespeichert - Temperatur Ist: 29.78
2026-07-10 10:47:04 [MQTT Call: paho2145044059066] INFO  c.s.Seminar1.services.MqttService - Gespeichert - Wago750 Status: 8192.0
2026-07-10 10:47:04 [MQTT Call: paho2145044059066] INFO  c.s.Seminar1.services.MqttService - Gespeichert - Temperatur Differenz: 2.22
2026-07-10 10:47:04 [MQTT Call: paho2145044059066] INFO  c.s.Seminar1.services.MqttService - Gespeichert - Temperatur Ist: 29.85
2026-07-10 10:47:05 [MQTT Call: paho2145044059066] INFO  c.s.Seminar1.services.MqttService - Gespeichert - Wago750 Status: 4096.0
2026-07-10 10:47:05 [MQTT Call: paho2145044059066] INFO  c.s.Seminar1.services.MqttService - Gespeichert - Temperatur Differenz: 2.25
2026-07-10 10:47:05 [MQTT Call: paho2145044059066] INFO  c.s.Seminar1.services.MqttService - Gespeichert - Temperatur Ist: 29.88
2026-07-10 10:47:06 [MQTT Call: paho2145044059066] INFO  c.s.Seminar1.services.MqttService - Gespeichert - Wago750 Status: 2048.0
2026-07-10 10:47:06 [MQTT Call: paho2145044059066] INFO  c.s.Seminar1.services.MqttService - Gespeichert - Temperatur Differenz: 2.3
2026-07-10 10:47:06 [MQTT Call: paho2145044059066] INFO  c.s.Seminar1.services.MqttService - Gespeichert - Temperatur Ist: 29.93
2026-07-10 10:47:07 [MQTT Call: paho2145044059066] INFO  c.s.Seminar1.services.MqttService - Gespeichert - Wago750 Status: 1024.0
2026-07-10 10:47:07 [MQTT Call: paho2145044059066] INFO  c.s.Seminar1.services.MqttService - Gespeichert - Temperatur Differenz: 2.32
2026-07-10 10:47:07 [MQTT Call: paho2145044059066] INFO  c.s.Seminar1.services.MqttService - Gespeichert - Temperatur Ist: 29.95
2026-07-10 10:47:08 [MQTT Call: paho2145044059066] INFO  c.s.Seminar1.services.MqttService - Gespeichert - Wago750 Status: 512.0
2026-07-10 10:47:08 [MQTT Call: paho2145044059066] INFO  c.s.Seminar1.services.MqttService - Gespeichert - Temperatur Differenz: 2.3
2026-07-10 10:47:08 [MQTT Call: paho2145044059066] INFO  c.s.Seminar1.services.MqttService - Gespeichert - Temperatur Ist: 29.93
2026-07-10 10:47:09 [MQTT Call: paho2145044059066] INFO  c.s.Seminar1.services.MqttService - Gespeichert - Wago750 Status: 256.0
2026-07-10 10:47:09 [MQTT Call: paho2145044059066] INFO  c.s.Seminar1.services.MqttService - Gespeichert - Temperatur Differenz: 2.25
2026-07-10 10:47:09 [MQTT Call: paho2145044059066] INFO  c.s.Seminar1.services.MqttService - Gespeichert - Temperatur Ist: 29.88
2026-07-10 10:47:10 [MQTT Call: paho2145044059066] INFO  c.s.Seminar1.services.MqttService - Gespeichert - Wago750 Status: 1.0
2026-07-10 10:47:10 [MQTT Call: paho2145044059066] INFO  c.s.Seminar1.services.MqttService - Gespeichert - Temperatur Differenz: 2.22
2026-07-10 10:47:10 [MQTT Call: paho2145044059066] INFO  c.s.Seminar1.services.MqttService - Gespeichert - Temperatur Ist: 29.85
2026-07-10 10:47:11 [MQTT Call: paho2145044059066] INFO  c.s.Seminar1.services.MqttService - Gespeichert - Wago750 Status: 2.0
2026-07-10 10:47:11 [MQTT Call: paho2145044059066] INFO  c.s.Seminar1.services.MqttService - Gespeichert - Temperatur Differenz: 2.2
2026-07-10 10:47:11 [MQTT Call: paho2145044059066] INFO  c.s.Seminar1.services.MqttService - Gespeichert - Temperatur Ist: 29.83
2026-07-10 10:47:12 [MQTT Call: paho2145044059066] INFO  c.s.Seminar1.services.MqttService - Gespeichert - Wago750 Status: 4.0
2026-07-10 10:47:12 [MQTT Call: paho2145044059066] INFO  c.s.Seminar1.services.MqttService - Gespeichert - Temperatur Differenz: 2.19
2026-07-10 10:47:12 [MQTT Call: paho2145044059066] INFO  c.s.Seminar1.services.MqttService - Gespeichert - Temperatur Ist: 29.82
2026-07-10 10:47:13 [MQTT Call: paho2145044059066] INFO  c.s.Seminar1.services.MqttService - Gespeichert - Wago750 Status: 8.0
2026-07-10 10:47:13 [MQTT Call: paho2145044059066] INFO  c.s.Seminar1.services.MqttService - Gespeichert - Temperatur Differenz: 2.16
2026-07-10 10:47:13 [MQTT Call: paho2145044059066] INFO  c.s.Seminar1.services.MqttService - Gespeichert - Temperatur Ist: 29.79
2026-07-10 10:47:14 [MQTT Call: paho2145044059066] INFO  c.s.Seminar1.services.MqttService - Gespeichert - Wago750 Status: 16.0
2026-07-10 10:47:15 [MQTT Call: paho2145044059066] INFO  c.s.Seminar1.services.MqttService - Gespeichert - Wago750 Status: 32.0
2026-07-10 10:47:15 [MQTT Call: paho2145044059066] INFO  c.s.Seminar1.services.MqttService - Gespeichert - Temperatur Differenz: 2.15
2026-07-10 10:47:15 [MQTT Call: paho2145044059066] INFO  c.s.Seminar1.services.MqttService - Gespeichert - Temperatur Ist: 29.78
2026-07-10 10:47:16 [MQTT Call: paho2145044059066] INFO  c.s.Seminar1.services.MqttService - Gespeichert - Wago750 Status: 64.0
2026-07-10 10:47:17 [MQTT Call: paho2145044059066] INFO  c.s.Seminar1.services.MqttService - Gespeichert - Wago750 Status: 128.0
2026-07-10 10:47:17 [MQTT Call: paho2145044059066] INFO  c.s.Seminar1.services.MqttService - Gespeichert - Temperatur Differenz: 2.12
2026-07-10 10:47:17 [MQTT Call: paho2145044059066] INFO  c.s.Seminar1.services.MqttService - Gespeichert - Temperatur Ist: 29.75
2026-07-10 10:47:18 [MQTT Call: paho2145044059066] INFO  c.s.Seminar1.services.MqttService - Gespeichert - Wago750 Status: 32768.0
2026-07-10 10:47:19 [MQTT Call: paho2145044059066] INFO  c.s.Seminar1.services.MqttService - Gespeichert - Wago750 Status: 16384.0
2026-07-10 10:47:19 [MQTT Call: paho2145044059066] INFO  c.s.Seminar1.services.MqttService - Gespeichert - Temperatur Differenz: 2.1
2026-07-10 10:47:19 [MQTT Call: paho2145044059066] INFO  c.s.Seminar1.services.MqttService - Gespeichert - Temperatur Ist: 29.73
2026-07-10 10:47:20 [MQTT Call: paho2145044059066] INFO  c.s.Seminar1.services.MqttService - Gespeichert - Wago750 Status: 8192.0
2026-07-10 10:47:21 [MQTT Call: paho2145044059066] INFO  c.s.Seminar1.services.MqttService - Gespeichert - Wago750 Status: 4096.0
2026-07-10 10:47:22 [MQTT Call: paho2145044059066] INFO  c.s.Seminar1.services.MqttService - Gespeichert - Wago750 Status: 2048.0
2026-07-10 10:47:22 [MQTT Call: paho2145044059066] INFO  c.s.Seminar1.services.MqttService - Gespeichert - Temperatur Differenz: 2.09
2026-07-10 10:47:22 [MQTT Call: paho2145044059066] INFO  c.s.Seminar1.services.MqttService - Gespeichert - Temperatur Ist: 29.72
2026-07-10 10:47:23 [MQTT Call: paho2145044059066] INFO  c.s.Seminar1.services.MqttService - Gespeichert - Wago750 Status: 1024.0
2026-07-10 10:47:24 [MQTT Call: paho2145044059066] INFO  c.s.Seminar1.services.MqttService - Gespeichert - Wago750 Status: 512.0
2026-07-10 10:47:25 [MQTT Call: paho2145044059066] INFO  c.s.Seminar1.services.MqttService - Gespeichert - Wago750 Status: 256.0
2026-07-10 10:47:26 [MQTT Call: paho2145044059066] INFO  c.s.Seminar1.services.MqttService - Gespeichert - Temperatur Differenz: 2.06
2026-07-10 10:47:26 [MQTT Call: paho2145044059066] INFO  c.s.Seminar1.services.MqttService - Gespeichert - Temperatur Ist: 29.69
2026-07-10 10:47:27 [MQTT Call: paho2145044059066] INFO  c.s.Seminar1.services.MqttService - Gespeichert - Wago750 Status: 1.0
2026-07-10 10:47:28 [MQTT Call: paho2145044059066] INFO  c.s.Seminar1.services.MqttService - Gespeichert - Wago750 Status: 2.0
2026-07-10 10:47:28 [MQTT Call: paho2145044059066] INFO  c.s.Seminar1.services.MqttService - Gespeichert - Temperatur Differenz: 2.05
2026-07-10 10:47:28 [MQTT Call: paho2145044059066] INFO  c.s.Seminar1.services.MqttService - Gespeichert - Temperatur Ist: 29.68
2026-07-10 10:47:29 [MQTT Call: paho2145044059066] INFO  c.s.Seminar1.services.MqttService - Gespeichert - Wago750 Status: 4.0
2026-07-10 10:47:30 [MQTT Call: paho2145044059066] INFO  c.s.Seminar1.services.MqttService - Gespeichert - Wago750 Status: 8.0
2026-07-10 10:47:31 [MQTT Call: paho2145044059066] INFO  c.s.Seminar1.services.MqttService - Gespeichert - Wago750 Status: 16.0
2026-07-10 10:47:31 [MQTT Call: paho2145044059066] INFO  c.s.Seminar1.services.MqttService - Gespeichert - Temperatur Differenz: 2.03
2026-07-10 10:47:31 [MQTT Call: paho2145044059066] INFO  c.s.Seminar1.services.MqttService - Gespeichert - Temperatur Ist: 29.66
2026-07-10 10:47:32 [MQTT Call: paho2145044059066] INFO  c.s.Seminar1.services.MqttService - Gespeichert - Wago750 Status: 32.0
2026-07-10 10:47:33 [MQTT Call: paho2145044059066] INFO  c.s.Seminar1.services.MqttService - Gespeichert - Wago750 Status: 64.0
2026-07-10 10:47:34 [MQTT Call: paho2145044059066] INFO  c.s.Seminar1.services.MqttService - Gespeichert - Wago750 Status: 128.0
2026-07-10 10:47:34 [MQTT Call: paho2145044059066] INFO  c.s.Seminar1.services.MqttService - Gespeichert - Temperatur Differenz: 2.0
2026-07-10 10:47:34 [MQTT Call: paho2145044059066] INFO  c.s.Seminar1.services.MqttService - Gespeichert - Temperatur Ist: 29.63
2026-07-10 10:47:35 [MQTT Call: paho2145044059066] INFO  c.s.Seminar1.services.MqttService - Gespeichert - Wago750 Status: 32768.0
2026-07-10 10:47:36 [MQTT Call: paho2145044059066] INFO  c.s.Seminar1.services.MqttService - Gespeichert - Wago750 Status: 16384.0
2026-07-10 10:47:37 [MQTT Call: paho2145044059066] INFO  c.s.Seminar1.services.MqttService - Gespeichert - Wago750 Status: 8192.0
2026-07-10 10:47:37 [MQTT Call: paho2145044059066] INFO  c.s.Seminar1.services.MqttService - Gespeichert - Temperatur Differenz: 1.99
2026-07-10 10:47:37 [MQTT Call: paho2145044059066] INFO  c.s.Seminar1.services.MqttService - Gespeichert - Temperatur Ist: 29.62
2026-07-10 10:47:38 [MQTT Call: paho2145044059066] INFO  c.s.Seminar1.services.MqttService - Gespeichert - Wago750 Status: 4096.0
2026-07-10 10:47:39 [MQTT Call: paho2145044059066] INFO  c.s.Seminar1.services.MqttService - Gespeichert - Wago750 Status: 2048.0
2026-07-10 10:47:40 [MQTT Call: paho2145044059066] INFO  c.s.Seminar1.services.MqttService - Gespeichert - Wago750 Status: 1024.0
2026-07-10 10:47:40 [MQTT Call: paho2145044059066] INFO  c.s.Seminar1.services.MqttService - Gespeichert - Temperatur Soll: 27.65
2026-07-10 10:47:40 [MQTT Call: paho2145044059066] INFO  c.s.Seminar1.services.MqttService - Gespeichert - Temperatur Differenz: 1.94
2026-07-10 10:47:40 [MQTT Call: paho2145044059066] INFO  c.s.Seminar1.services.MqttService - Gespeichert - Temperatur Ist: 29.59
2026-07-10 10:47:41 [MQTT Call: paho2145044059066] INFO  c.s.Seminar1.services.MqttService - Gespeichert - Wago750 Status: 512.0
2026-07-10 10:47:42 [MQTT Call: paho2145044059066] INFO  c.s.Seminar1.services.MqttService - Gespeichert - Wago750 Status: 256.0
2026-07-10 10:47:42 [MQTT Call: paho2145044059066] INFO  c.s.Seminar1.services.MqttService - Gespeichert - Temperatur Soll: 27.63
2026-07-10 10:47:42 [MQTT Call: paho2145044059066] INFO  c.s.Seminar1.services.MqttService - Gespeichert - Temperatur Differenz: 1.96
2026-07-10 10:47:43 [MQTT Call: paho2145044059066] INFO  c.s.Seminar1.services.MqttService - Gespeichert - Wago750 Status: 1.0
2026-07-10 10:47:43 [MQTT Call: paho2145044059066] INFO  c.s.Seminar1.services.MqttService - Gespeichert - Temperatur Differenz: 1.94
2026-07-10 10:47:43 [MQTT Call: paho2145044059066] INFO  c.s.Seminar1.services.MqttService - Gespeichert - Temperatur Ist: 29.57
2026-07-10 10:47:45 [MQTT Call: paho2145044059066] INFO  c.s.Seminar1.services.MqttService - Gespeichert - Wago750 Status: 4.0
2026-07-10 10:47:46 [MQTT Call: paho2145044059066] INFO  c.s.Seminar1.services.MqttService - Gespeichert - Wago750 Status: 8.0
2026-07-10 10:47:47 [MQTT Call: paho2145044059066] INFO  c.s.Seminar1.services.MqttService - Gespeichert - Wago750 Status: 16.0
2026-07-10 10:47:47 [MQTT Call: paho2145044059066] INFO  c.s.Seminar1.services.MqttService - Gespeichert - Temperatur Differenz: 1.93
2026-07-10 10:47:47 [MQTT Call: paho2145044059066] INFO  c.s.Seminar1.services.MqttService - Gespeichert - Temperatur Ist: 29.56
2026-07-10 10:47:48 [MQTT Call: paho2145044059066] INFO  c.s.Seminar1.services.MqttService - Gespeichert - Wago750 Status: 32.0
2026-07-10 10:47:49 [MQTT Call: paho2145044059066] INFO  c.s.Seminar1.services.MqttService - Gespeichert - Wago750 Status: 64.0
2026-07-10 10:47:50 [MQTT Call: paho2145044059066] INFO  c.s.Seminar1.services.MqttService - Gespeichert - Wago750 Status: 128.0
2026-07-10 10:47:51 [MQTT Call: paho2145044059066] INFO  c.s.Seminar1.services.MqttService - Gespeichert - Wago750 Status: 32768.0
2026-07-10 10:47:51 [MQTT Call: paho2145044059066] INFO  c.s.Seminar1.services.MqttService - Gespeichert - Temperatur Differenz: 1.9
2026-07-10 10:47:51 [MQTT Call: paho2145044059066] INFO  c.s.Seminar1.services.MqttService - Gespeichert - Temperatur Ist: 29.53
2026-07-10 10:47:52 [MQTT Call: paho2145044059066] INFO  c.s.Seminar1.services.MqttService - Gespeichert - Wago750 Status: 16384.0
2026-07-10 10:47:52 [MQTT Call: paho2145044059066] INFO  c.s.Seminar1.services.MqttService - Gespeichert - Temperatur Soll: 27.65
2026-07-10 10:47:52 [MQTT Call: paho2145044059066] INFO  c.s.Seminar1.services.MqttService - Gespeichert - Temperatur Differenz: 1.88
2026-07-10 10:47:53 [MQTT Call: paho2145044059066] INFO  c.s.Seminar1.services.MqttService - Gespeichert - Wago750 Status: 8192.0
2026-07-10 10:47:53 [MQTT Call: paho2145044059066] INFO  c.s.Seminar1.services.MqttService - Gespeichert - Temperatur Soll: 27.63
2026-07-10 10:47:53 [MQTT Call: paho2145044059066] INFO  c.s.Seminar1.services.MqttService - Gespeichert - Temperatur Differenz: 1.89
2026-07-10 10:47:53 [MQTT Call: paho2145044059066] INFO  c.s.Seminar1.services.MqttService - Gespeichert - Temperatur Ist: 29.52
2026-07-10 10:47:54 [MQTT Call: paho2145044059066] INFO  c.s.Seminar1.services.MqttService - Gespeichert - Wago750 Status: 4096.0
2026-07-10 10:47:55 [MQTT Call: paho2145044059066] INFO  c.s.Seminar1.services.MqttService - Gespeichert - Wago750 Status: 2048.0
2026-07-10 10:47:56 [MQTT Call: paho2145044059066] INFO  c.s.Seminar1.services.MqttService - Gespeichert - Wago750 Status: 1024.0
2026-07-10 10:47:56 [MQTT Call: paho2145044059066] INFO  c.s.Seminar1.services.MqttService - Gespeichert - Temperatur Differenz: 1.87
2026-07-10 10:47:56 [MQTT Call: paho2145044059066] INFO  c.s.Seminar1.services.MqttService - Gespeichert - Temperatur Ist: 29.5
2026-07-10 10:47:57 [MQTT Call: paho2145044059066] INFO  c.s.Seminar1.services.MqttService - Gespeichert - Wago750 Status: 512.0
2026-07-10 10:47:58 [MQTT Call: paho2145044059066] INFO  c.s.Seminar1.services.MqttService - Gespeichert - Wago750 Status: 256.0
2026-07-10 10:47:58 [MQTT Call: paho2145044059066] INFO  c.s.Seminar1.services.MqttService - Gespeichert - Temperatur Soll: 27.65
2026-07-10 10:47:58 [MQTT Call: paho2145044059066] INFO  c.s.Seminar1.services.MqttService - Gespeichert - Temperatur Differenz: 1.85
2026-07-10 10:47:59 [MQTT Call: paho2145044059066] INFO  c.s.Seminar1.services.MqttService - Gespeichert - Wago750 Status: 1.0
2026-07-10 10:47:59 [MQTT Call: paho2145044059066] INFO  c.s.Seminar1.services.MqttService - Gespeichert - Temperatur Soll: 27.63
2026-07-10 10:47:59 [MQTT Call: paho2145044059066] INFO  c.s.Seminar1.services.MqttService - Gespeichert - Temperatur Differenz: 1.87
2026-07-10 10:48:00 [MQTT Call: paho2145044059066] INFO  c.s.Seminar1.services.MqttService - Gespeichert - Wago750 Status: 2.0
2026-07-10 10:48:01 [MQTT Call: paho2145044059066] INFO  c.s.Seminar1.services.MqttService - Gespeichert - Wago750 Status: 4.0
2026-07-10 10:48:01 [MQTT Call: paho2145044059066] INFO  c.s.Seminar1.services.MqttService - Gespeichert - Temperatur Differenz: 1.84
2026-07-10 10:48:01 [MQTT Call: paho2145044059066] INFO  c.s.Seminar1.services.MqttService - Gespeichert - Temperatur Ist: 29.47
2026-07-10 10:48:02 [MQTT Call: paho2145044059066] INFO  c.s.Seminar1.services.MqttService - Gespeichert - Wago750 Status: 8.0
2026-07-10 10:48:03 [MQTT Call: paho2145044059066] INFO  c.s.Seminar1.services.MqttService - Gespeichert - Wago750 Status: 16.0
2026-07-10 10:48:04 [MQTT Call: paho2145044059066] INFO  c.s.Seminar1.services.MqttService - Gespeichert - Wago750 Status: 32.0
2026-07-10 10:48:04 [MQTT Call: paho2145044059066] INFO  c.s.Seminar1.services.MqttService - Gespeichert - Temperatur Differenz: 1.83
2026-07-10 10:48:04 [MQTT Call: paho2145044059066] INFO  c.s.Seminar1.services.MqttService - Gespeichert - Temperatur Ist: 29.46
2026-07-10 10:48:05 [MQTT Call: paho2145044059066] INFO  c.s.Seminar1.services.MqttService - Gespeichert - Wago750 Status: 64.0
2026-07-10 10:48:06 [MQTT Call: paho2145044059066] INFO  c.s.Seminar1.services.MqttService - Gespeichert - Wago750 Status: 128.0
2026-07-10 10:48:07 [MQTT Call: paho2145044059066] INFO  c.s.Seminar1.services.MqttService - Gespeichert - Wago750 Status: 32768.0
2026-07-10 10:48:07 [MQTT Call: paho2145044059066] INFO  c.s.Seminar1.services.MqttService - Gespeichert - Temperatur Differenz: 1.8
2026-07-10 10:48:07 [MQTT Call: paho2145044059066] INFO  c.s.Seminar1.services.MqttService - Gespeichert - Temperatur Ist: 29.43
2026-07-10 10:48:08 [MQTT Call: paho2145044059066] INFO  c.s.Seminar1.services.MqttService - Gespeichert - Wago750 Status: 16384.0
2026-07-10 10:48:09 [MQTT Call: paho2145044059066] INFO  c.s.Seminar1.services.MqttService - Gespeichert - Wago750 Status: 8192.0
2026-07-10 10:48:10 [MQTT Call: paho2145044059066] INFO  c.s.Seminar1.services.MqttService - Gespeichert - Wago750 Status: 4096.0
2026-07-10 10:48:11 [MQTT Call: paho2145044059066] INFO  c.s.Seminar1.services.MqttService - Gespeichert - Wago750 Status: 2048.0
2026-07-10 10:48:12 [MQTT Call: paho2145044059066] INFO  c.s.Seminar1.services.MqttService - Gespeichert - Wago750 Status: 1024.0
2026-07-10 10:48:12 [MQTT Call: paho2145044059066] INFO  c.s.Seminar1.services.MqttService - Gespeichert - Temperatur Differenz: 1.79
2026-07-10 10:48:12 [MQTT Call: paho2145044059066] INFO  c.s.Seminar1.services.MqttService - Gespeichert - Temperatur Ist: 29.42
2026-07-10 10:48:13 [MQTT Call: paho2145044059066] INFO  c.s.Seminar1.services.MqttService - Gespeichert - Wago750 Status: 512.0
2026-07-10 10:48:14 [MQTT Call: paho2145044059066] INFO  c.s.Seminar1.services.MqttService - Gespeichert - Wago750 Status: 256.0
2026-07-10 10:48:15 [MQTT Call: paho2145044059066] INFO  c.s.Seminar1.services.MqttService - Gespeichert - Wago750 Status: 1.0
2026-07-10 10:48:15 [MQTT Call: paho2145044059066] INFO  c.s.Seminar1.services.MqttService - Gespeichert - Temperatur Differenz: 1.77
2026-07-10 10:48:15 [MQTT Call: paho2145044059066] INFO  c.s.Seminar1.services.MqttService - Gespeichert - Temperatur Ist: 29.4
2026-07-10 10:48:16 [MQTT Call: paho2145044059066] INFO  c.s.Seminar1.services.MqttService - Gespeichert - Wago750 Status: 2.0
2026-07-10 10:48:17 [MQTT Call: paho2145044059066] INFO  c.s.Seminar1.services.MqttService - Gespeichert - Wago750 Status: 4.0
2026-07-10 10:48:18 [MQTT Call: paho2145044059066] INFO  c.s.Seminar1.services.MqttService - Gespeichert - Wago750 Status: 8.0
2026-07-10 10:48:19 [MQTT Call: paho2145044059066] INFO  c.s.Seminar1.services.MqttService - Gespeichert - Wago750 Status: 16.0
2026-07-10 10:48:19 [MQTT Call: paho2145044059066] INFO  c.s.Seminar1.services.MqttService - Gespeichert - Temperatur Differenz: 1.74
2026-07-10 10:48:19 [MQTT Call: paho2145044059066] INFO  c.s.Seminar1.services.MqttService - Gespeichert - Temperatur Ist: 29.37
2026-07-10 10:48:20 [MQTT Call: paho2145044059066] INFO  c.s.Seminar1.services.MqttService - Gespeichert - Wago750 Status: 32.0
2026-07-10 10:48:21 [MQTT Call: paho2145044059066] INFO  c.s.Seminar1.services.MqttService - Gespeichert - Wago750 Status: 64.0
2026-07-10 10:48:22 [MQTT Call: paho2145044059066] INFO  c.s.Seminar1.services.MqttService - Gespeichert - Wago750 Status: 128.0
2026-07-10 10:48:23 [MQTT Call: paho2145044059066] INFO  c.s.Seminar1.services.MqttService - Gespeichert - Wago750 Status: 32768.0
2026-07-10 10:48:23 [MQTT Call: paho2145044059066] INFO  c.s.Seminar1.services.MqttService - Gespeichert - Temperatur Differenz: 1.73
2026-07-10 10:48:23 [MQTT Call: paho2145044059066] INFO  c.s.Seminar1.services.MqttService - Gespeichert - Temperatur Ist: 29.36
2026-07-10 10:48:24 [MQTT Call: paho2145044059066] INFO  c.s.Seminar1.services.MqttService - Gespeichert - Wago750 Status: 16384.0
2026-07-10 10:48:25 [MQTT Call: paho2145044059066] INFO  c.s.Seminar1.services.MqttService - Gespeichert - Wago750 Status: 8192.0
2026-07-10 10:48:26 [MQTT Call: paho2145044059066] INFO  c.s.Seminar1.services.MqttService - Gespeichert - Wago750 Status: 4096.0
2026-07-10 10:48:26 [MQTT Call: paho2145044059066] INFO  c.s.Seminar1.services.MqttService - Gespeichert - Temperatur Differenz: 1.72
2026-07-10 10:48:26 [MQTT Call: paho2145044059066] INFO  c.s.Seminar1.services.MqttService - Gespeichert - Temperatur Ist: 29.35
2026-07-10 10:48:27 [MQTT Call: paho2145044059066] INFO  c.s.Seminar1.services.MqttService - Gespeichert - Wago750 Status: 2048.0
2026-07-10 10:48:28 [MQTT Call: paho2145044059066] INFO  c.s.Seminar1.services.MqttService - Gespeichert - Wago750 Status: 1024.0
2026-07-10 10:48:28 [MQTT Call: paho2145044059066] INFO  c.s.Seminar1.services.MqttService - Gespeichert - Temperatur Soll: 27.62
2026-07-10 10:48:28 [MQTT Call: paho2145044059066] INFO  c.s.Seminar1.services.MqttService - Gespeichert - Temperatur Differenz: 1.73
2026-07-10 10:48:29 [MQTT Call: paho2145044059066] INFO  c.s.Seminar1.services.MqttService - Gespeichert - Wago750 Status: 512.0
2026-07-10 10:48:30 [MQTT Call: paho2145044059066] INFO  c.s.Seminar1.services.MqttService - Gespeichert - Wago750 Status: 256.0
2026-07-10 10:48:30 [MQTT Call: paho2145044059066] INFO  c.s.Seminar1.services.MqttService - Gespeichert - Temperatur Differenz: 1.7
2026-07-10 10:48:30 [MQTT Call: paho2145044059066] INFO  c.s.Seminar1.services.MqttService - Gespeichert - Temperatur Ist: 29.32
2026-07-10 10:48:31 [MQTT Call: paho2145044059066] INFO  c.s.Seminar1.services.MqttService - Gespeichert - Wago750 Status: 1.0
2026-07-10 10:48:32 [MQTT Call: paho2145044059066] INFO  c.s.Seminar1.services.MqttService - Gespeichert - Wago750 Status: 2.0
2026-07-10 10:48:33 [MQTT Call: paho2145044059066] INFO  c.s.Seminar1.services.MqttService - Gespeichert - Wago750 Status: 4.0
2026-07-10 10:48:34 [MQTT Call: paho2145044059066] INFO  c.s.Seminar1.services.MqttService - Gespeichert - Wago750 Status: 8.0
2026-07-10 10:48:34 [MQTT Call: paho2145044059066] INFO  c.s.Seminar1.services.MqttService - Gespeichert - Temperatur Differenz: 1.68
2026-07-10 10:48:34 [MQTT Call: paho2145044059066] INFO  c.s.Seminar1.services.MqttService - Gespeichert - Temperatur Ist: 29.3
2026-07-10 10:48:35 [MQTT Call: paho2145044059066] INFO  c.s.Seminar1.services.MqttService - Gespeichert - Wago750 Status: 16.0
2026-07-10 10:48:36 [MQTT Call: paho2145044059066] INFO  c.s.Seminar1.services.MqttService - Gespeichert - Wago750 Status: 32.0
2026-07-10 10:48:37 [MQTT Call: paho2145044059066] INFO  c.s.Seminar1.services.MqttService - Gespeichert - Wago750 Status: 64.0
2026-07-10 10:48:37 [MQTT Call: paho2145044059066] INFO  c.s.Seminar1.services.MqttService - Gespeichert - Temperatur Differenz: 1.65
2026-07-10 10:48:37 [MQTT Call: paho2145044059066] INFO  c.s.Seminar1.services.MqttService - Gespeichert - Temperatur Ist: 29.27
2026-07-10 10:48:38 [MQTT Call: paho2145044059066] INFO  c.s.Seminar1.services.MqttService - Gespeichert - Wago750 Status: 128.0
2026-07-10 10:48:39 [MQTT Call: paho2145044059066] INFO  c.s.Seminar1.services.MqttService - Gespeichert - Wago750 Status: 32768.0
2026-07-10 10:48:40 [MQTT Call: paho2145044059066] INFO  c.s.Seminar1.services.MqttService - Gespeichert - Wago750 Status: 16384.0
2026-07-10 10:48:40 [MQTT Call: paho2145044059066] INFO  c.s.Seminar1.services.MqttService - Gespeichert - Temperatur Differenz: 1.64
2026-07-10 10:48:40 [MQTT Call: paho2145044059066] INFO  c.s.Seminar1.services.MqttService - Gespeichert - Temperatur Ist: 29.26
2026-07-10 10:48:41 [MQTT Call: paho2145044059066] INFO  c.s.Seminar1.services.MqttService - Gespeichert - Wago750 Status: 8192.0
2026-07-10 10:48:42 [MQTT Call: paho2145044059066] INFO  c.s.Seminar1.services.MqttService - Gespeichert - Wago750 Status: 4096.0
2026-07-10 10:48:43 [MQTT Call: paho2145044059066] INFO  c.s.Seminar1.services.MqttService - Gespeichert - Wago750 Status: 2048.0
2026-07-10 10:48:43 [MQTT Call: paho2145044059066] INFO  c.s.Seminar1.services.MqttService - Gespeichert - Temperatur Differenz: 1.62
2026-07-10 10:48:43 [MQTT Call: paho2145044059066] INFO  c.s.Seminar1.services.MqttService - Gespeichert - Temperatur Ist: 29.24
2026-07-10 10:48:44 [MQTT Call: paho2145044059066] INFO  c.s.Seminar1.services.MqttService - Gespeichert - Wago750 Status: 1024.0
2026-07-10 10:48:46 [MQTT Call: paho2145044059066] INFO  c.s.Seminar1.services.MqttService - Gespeichert - Wago750 Status: 256.0
2026-07-10 10:48:47 [MQTT Call: paho2145044059066] INFO  c.s.Seminar1.services.MqttService - Gespeichert - Wago750 Control: 0
2026-07-10 10:48:47 [MQTT Call: paho2145044059066] INFO  c.s.Seminar1.services.MqttService - Gespeichert - Wago750 Status: 0.0
2026-07-10 10:48:48 [MQTT Call: paho2145044059066] INFO  c.s.Seminar1.services.MqttService - Gespeichert - Temperatur Differenz: 1.6
2026-07-10 10:48:48 [MQTT Call: paho2145044059066] INFO  c.s.Seminar1.services.MqttService - Gespeichert - Temperatur Ist: 29.22
2026-07-10 10:48:49 [MQTT Call: paho2145044059066] INFO  c.s.Seminar1.services.MqttService - Gespeichert - Temperatur Soll: 27.59
2026-07-10 10:48:49 [MQTT Call: paho2145044059066] INFO  c.s.Seminar1.services.MqttService - Gespeichert - Temperatur Differenz: 1.63
2026-07-10 10:48:50 [MQTT Call: paho2145044059066] INFO  c.s.Seminar1.services.MqttService - Gespeichert - Temperatur Soll: 27.62
2026-07-10 10:48:50 [MQTT Call: paho2145044059066] INFO  c.s.Seminar1.services.MqttService - Gespeichert - Temperatur Differenz: 1.6
2026-07-10 10:48:51 [MQTT Call: paho2145044059066] INFO  c.s.Seminar1.services.MqttService - Gespeichert - Temperatur Soll: 27.59
2026-07-10 10:48:51 [MQTT Call: paho2145044059066] INFO  c.s.Seminar1.services.MqttService - Gespeichert - Temperatur Differenz: 1.61
2026-07-10 10:48:51 [MQTT Call: paho2145044059066] INFO  c.s.Seminar1.services.MqttService - Gespeichert - Temperatur Ist: 29.2
2026-07-10 10:48:54 [MQTT Call: paho2145044059066] INFO  c.s.Seminar1.services.MqttService - Gespeichert - Temperatur Differenz: 1.6
2026-07-10 10:48:54 [MQTT Call: paho2145044059066] INFO  c.s.Seminar1.services.MqttService - Gespeichert - Temperatur Ist: 29.19
2026-07-10 10:48:59 [MQTT Call: paho2145044059066] INFO  c.s.Seminar1.services.MqttService - Gespeichert - Temperatur Differenz: 1.57
2026-07-10 10:48:59 [MQTT Call: paho2145044059066] INFO  c.s.Seminar1.services.MqttService - Gespeichert - Temperatur Ist: 29.16
2026-07-10 10:49:03 [MQTT Call: paho2145044059066] INFO  c.s.Seminar1.services.MqttService - Gespeichert - Temperatur Differenz: 1.55
2026-07-10 10:49:03 [MQTT Call: paho2145044059066] INFO  c.s.Seminar1.services.MqttService - Gespeichert - Temperatur Ist: 29.14
2026-07-10 10:49:06 [MQTT Call: paho2145044059066] INFO  c.s.Seminar1.services.MqttService - Gespeichert - Temperatur Differenz: 1.53
2026-07-10 10:49:06 [MQTT Call: paho2145044059066] INFO  c.s.Seminar1.services.MqttService - Gespeichert - Temperatur Ist: 29.12
2026-07-10 10:49:07 [MQTT Call: paho2145044059066] INFO  c.s.Seminar1.services.MqttService - Gespeichert - Temperatur Differenz: 1.55
2026-07-10 10:49:07 [MQTT Call: paho2145044059066] INFO  c.s.Seminar1.services.MqttService - Gespeichert - Temperatur Ist: 29.14
2026-07-10 10:49:08 [MQTT Call: paho2145044059066] INFO  c.s.Seminar1.services.MqttService - Gespeichert - Temperatur Soll: 27.58
2026-07-10 10:49:08 [MQTT Call: paho2145044059066] INFO  c.s.Seminar1.services.MqttService - Gespeichert - Temperatur Differenz: 1.54
2026-07-10 10:49:08 [MQTT Call: paho2145044059066] INFO  c.s.Seminar1.services.MqttService - Gespeichert - Temperatur Ist: 29.12
2026-07-10 10:49:11 [MQTT Call: paho2145044059066] INFO  c.s.Seminar1.services.MqttService - Gespeichert - Temperatur Differenz: 1.52
2026-07-10 10:49:11 [MQTT Call: paho2145044059066] INFO  c.s.Seminar1.services.MqttService - Gespeichert - Temperatur Ist: 29.1
2026-07-10 10:49:15 [MQTT Call: paho2145044059066] INFO  c.s.Seminar1.services.MqttService - Gespeichert - Temperatur Differenz: 1.51
2026-07-10 10:49:15 [MQTT Call: paho2145044059066] INFO  c.s.Seminar1.services.MqttService - Gespeichert - Temperatur Ist: 29.09
2026-07-10 10:49:19 [MQTT Call: paho2145044059066] INFO  c.s.Seminar1.services.MqttService - Gespeichert - Temperatur Differenz: 1.48
2026-07-10 10:49:19 [MQTT Call: paho2145044059066] INFO  c.s.Seminar1.services.MqttService - Gespeichert - Temperatur Ist: 29.06
2026-07-10 10:49:24 [MQTT Call: paho2145044059066] INFO  c.s.Seminar1.services.MqttService - Gespeichert - Temperatur Differenz: 1.46
2026-07-10 10:49:24 [MQTT Call: paho2145044059066] INFO  c.s.Seminar1.services.MqttService - Gespeichert - Temperatur Ist: 29.04
2026-07-10 10:49:28 [MQTT Call: paho2145044059066] INFO  c.s.Seminar1.services.MqttService - Gespeichert - Temperatur Soll: 27.55
2026-07-10 10:49:28 [MQTT Call: paho2145044059066] INFO  c.s.Seminar1.services.MqttService - Gespeichert - Temperatur Differenz: 1.48
2026-07-10 10:49:28 [MQTT Call: paho2145044059066] INFO  c.s.Seminar1.services.MqttService - Gespeichert - Temperatur Ist: 29.03
2026-07-10 10:49:31 [MQTT Call: paho2145044059066] INFO  c.s.Seminar1.services.MqttService - Gespeichert - Temperatur Differenz: 1.45
2026-07-10 10:49:31 [MQTT Call: paho2145044059066] INFO  c.s.Seminar1.services.MqttService - Gespeichert - Temperatur Ist: 29.0
2026-07-10 10:49:36 [MQTT Call: paho2145044059066] INFO  c.s.Seminar1.services.MqttService - Gespeichert - Temperatur Differenz: 1.44
2026-07-10 10:49:36 [MQTT Call: paho2145044059066] INFO  c.s.Seminar1.services.MqttService - Gespeichert - Temperatur Ist: 28.99
2026-07-10 10:49:41 [MQTT Call: paho2145044059066] INFO  c.s.Seminar1.services.MqttService - Gespeichert - Temperatur Differenz: 1.41
2026-07-10 10:49:41 [MQTT Call: paho2145044059066] INFO  c.s.Seminar1.services.MqttService - Gespeichert - Temperatur Ist: 28.96
2026-07-10 10:49:46 [MQTT Call: paho2145044059066] INFO  c.s.Seminar1.services.MqttService - Gespeichert - Temperatur Differenz: 1.39
2026-07-10 10:49:46 [MQTT Call: paho2145044059066] INFO  c.s.Seminar1.services.MqttService - Gespeichert - Temperatur Ist: 28.94
2026-07-10 10:49:49 [MQTT Call: paho2145044059066] INFO  c.s.Seminar1.services.MqttService - Gespeichert - Temperatur Soll: 27.53
2026-07-10 10:49:49 [MQTT Call: paho2145044059066] INFO  c.s.Seminar1.services.MqttService - Gespeichert - Temperatur Differenz: 1.41
2026-07-10 10:49:50 [MQTT Call: paho2145044059066] INFO  c.s.Seminar1.services.MqttService - Gespeichert - Temperatur Differenz: 1.4
2026-07-10 10:49:50 [MQTT Call: paho2145044059066] INFO  c.s.Seminar1.services.MqttService - Gespeichert - Temperatur Ist: 28.93
2026-07-10 10:49:53 [MQTT Call: paho2145044059066] INFO  c.s.Seminar1.services.MqttService - Gespeichert - Temperatur Differenz: 1.37
2026-07-10 10:49:53 [MQTT Call: paho2145044059066] INFO  c.s.Seminar1.services.MqttService - Gespeichert - Temperatur Ist: 28.9
2026-07-10 10:49:59 [MQTT Call: paho2145044059066] INFO  c.s.Seminar1.services.MqttService - Gespeichert - Temperatur Differenz: 1.36
2026-07-10 10:49:59 [MQTT Call: paho2145044059066] INFO  c.s.Seminar1.services.MqttService - Gespeichert - Temperatur Ist: 28.89
2026-07-10 10:50:04 [MQTT Call: paho2145044059066] INFO  c.s.Seminar1.services.MqttService - Gespeichert - Temperatur Differenz: 1.34
2026-07-10 10:50:04 [MQTT Call: paho2145044059066] INFO  c.s.Seminar1.services.MqttService - Gespeichert - Temperatur Ist: 28.87
2026-07-10 10:50:07 [MQTT Call: paho2145044059066] INFO  c.s.Seminar1.services.MqttService - Gespeichert - Temperatur Differenz: 1.35
2026-07-10 10:50:08 [MQTT Call: paho2145044059066] INFO  c.s.Seminar1.services.MqttService - Gespeichert - Temperatur Soll: 27.52
2026-07-10 10:50:09 [MQTT Call: paho2145044059066] INFO  c.s.Seminar1.services.MqttService - Gespeichert - Temperatur Differenz: 1.32
2026-07-10 10:50:09 [MQTT Call: paho2145044059066] INFO  c.s.Seminar1.services.MqttService - Gespeichert - Temperatur Ist: 28.84
2026-07-10 10:50:14 [MQTT Call: paho2145044059066] INFO  c.s.Seminar1.services.MqttService - Gespeichert - Temperatur Differenz: 1.31
2026-07-10 10:50:14 [MQTT Call: paho2145044059066] INFO  c.s.Seminar1.services.MqttService - Gespeichert - Temperatur Ist: 28.83
2026-07-10 10:50:18 [MQTT Call: paho2145044059066] INFO  c.s.Seminar1.services.MqttService - Gespeichert - Temperatur Differenz: 1.28
2026-07-10 10:50:18 [MQTT Call: paho2145044059066] INFO  c.s.Seminar1.services.MqttService - Gespeichert - Temperatur Ist: 28.8
2026-07-10 10:50:23 [MQTT Call: paho2145044059066] INFO  c.s.Seminar1.services.MqttService - Gespeichert - Temperatur Differenz: 1.27
2026-07-10 10:50:23 [MQTT Call: paho2145044059066] INFO  c.s.Seminar1.services.MqttService - Gespeichert - Temperatur Ist: 28.79
2026-07-10 10:50:28 [MQTT Call: paho2145044059066] INFO  c.s.Seminar1.services.MqttService - Gespeichert - Temperatur Differenz: 1.25
2026-07-10 10:50:28 [MQTT Call: paho2145044059066] INFO  c.s.Seminar1.services.MqttService - Gespeichert - Temperatur Ist: 28.77
2026-07-10 10:50:30 [MQTT Call: paho2145044059066] INFO  c.s.Seminar1.services.MqttService - Gespeichert - Temperatur Soll: 27.49
2026-07-10 10:50:30 [MQTT Call: paho2145044059066] INFO  c.s.Seminar1.services.MqttService - Gespeichert - Temperatur Differenz: 1.28
2026-07-10 10:50:31 [MQTT Call: paho2145044059066] INFO  c.s.Seminar1.services.MqttService - Gespeichert - Temperatur Soll: 27.52
2026-07-10 10:50:31 [MQTT Call: paho2145044059066] INFO  c.s.Seminar1.services.MqttService - Gespeichert - Temperatur Differenz: 1.25
2026-07-10 10:50:32 [MQTT Call: paho2145044059066] INFO  c.s.Seminar1.services.MqttService - Gespeichert - Temperatur Soll: 27.49
2026-07-10 10:50:32 [MQTT Call: paho2145044059066] INFO  c.s.Seminar1.services.MqttService - Gespeichert - Temperatur Differenz: 1.28
2026-07-10 10:50:34 [MQTT Call: paho2145044059066] INFO  c.s.Seminar1.services.MqttService - Gespeichert - Temperatur Differenz: 1.25
2026-07-10 10:50:34 [MQTT Call: paho2145044059066] INFO  c.s.Seminar1.services.MqttService - Gespeichert - Temperatur Ist: 28.74
2026-07-10 10:50:39 [MQTT Call: paho2145044059066] INFO  c.s.Seminar1.services.MqttService - Gespeichert - Temperatur Differenz: 1.24
2026-07-10 10:50:39 [MQTT Call: paho2145044059066] INFO  c.s.Seminar1.services.MqttService - Gespeichert - Temperatur Ist: 28.73
2026-07-10 10:50:45 [MQTT Call: paho2145044059066] INFO  c.s.Seminar1.services.MqttService - Gespeichert - Temperatur Differenz: 1.22
2026-07-10 10:50:45 [MQTT Call: paho2145044059066] INFO  c.s.Seminar1.services.MqttService - Gespeichert - Temperatur Ist: 28.71
2026-07-10 10:50:51 [MQTT Call: paho2145044059066] INFO  c.s.Seminar1.services.MqttService - Gespeichert - Temperatur Differenz: 1.2
2026-07-10 10:50:51 [MQTT Call: paho2145044059066] INFO  c.s.Seminar1.services.MqttService - Gespeichert - Temperatur Ist: 28.69
2026-07-10 10:50:56 [MQTT Call: paho2145044059066] INFO  c.s.Seminar1.services.MqttService - Gespeichert - Temperatur Differenz: 1.18
2026-07-10 10:50:56 [MQTT Call: paho2145044059066] INFO  c.s.Seminar1.services.MqttService - Gespeichert - Temperatur Ist: 28.67
2026-07-10 10:51:03 [MQTT Call: paho2145044059066] INFO  c.s.Seminar1.services.MqttService - Gespeichert - Temperatur Differenz: 1.15
2026-07-10 10:51:03 [MQTT Call: paho2145044059066] INFO  c.s.Seminar1.services.MqttService - Gespeichert - Temperatur Ist: 28.64
2026-07-10 10:51:07 [MQTT Call: paho2145044059066] INFO  c.s.Seminar1.services.MqttService - Gespeichert - Temperatur Soll: 27.48
2026-07-10 10:51:07 [MQTT Call: paho2145044059066] INFO  c.s.Seminar1.services.MqttService - Gespeichert - Temperatur Differenz: 1.16
2026-07-10 10:51:09 [MQTT Call: paho2145044059066] INFO  c.s.Seminar1.services.MqttService - Gespeichert - Temperatur Differenz: 1.15
2026-07-10 10:51:09 [MQTT Call: paho2145044059066] INFO  c.s.Seminar1.services.MqttService - Gespeichert - Temperatur Ist: 28.63
2026-07-10 10:51:15 [MQTT Call: paho2145044059066] INFO  c.s.Seminar1.services.MqttService - Gespeichert - Temperatur Differenz: 1.13
2026-07-10 10:51:15 [MQTT Call: paho2145044059066] INFO  c.s.Seminar1.services.MqttService - Gespeichert - Temperatur Ist: 28.61
2026-07-10 10:51:22 [MQTT Call: paho2145044059066] INFO  c.s.Seminar1.services.MqttService - Gespeichert - Temperatur Differenz: 1.1
2026-07-10 10:51:22 [MQTT Call: paho2145044059066] INFO  c.s.Seminar1.services.MqttService - Gespeichert - Temperatur Ist: 28.58
2026-07-10 10:51:29 [MQTT Call: paho2145044059066] INFO  c.s.Seminar1.services.MqttService - Gespeichert - Temperatur Differenz: 1.09
2026-07-10 10:51:29 [MQTT Call: paho2145044059066] INFO  c.s.Seminar1.services.MqttService - Gespeichert - Temperatur Ist: 28.57
2026-07-10 10:51:34 [MQTT Call: paho2145044059066] INFO  c.s.Seminar1.services.MqttService - Gespeichert - Wago750 Control: 2
2026-07-10 10:51:34 [MQTT Call: paho2145044059066] INFO  c.s.Seminar1.services.MqttService - Gespeichert - Wago750 Status: 2.0
2026-07-10 10:51:35 [MQTT Call: paho2145044059066] INFO  c.s.Seminar1.services.MqttService - Gespeichert - Wago750 Status: 4.0
2026-07-10 10:51:35 [MQTT Call: paho2145044059066] INFO  c.s.Seminar1.services.MqttService - Gespeichert - Temperatur Differenz: 1.08
2026-07-10 10:51:35 [MQTT Call: paho2145044059066] INFO  c.s.Seminar1.services.MqttService - Gespeichert - Temperatur Ist: 28.56
2026-07-10 10:51:36 [MQTT Call: paho2145044059066] INFO  c.s.Seminar1.services.MqttService - Gespeichert - Wago750 Status: 8.0
2026-07-10 10:51:37 [MQTT Call: paho2145044059066] INFO  c.s.Seminar1.services.MqttService - Gespeichert - Wago750 Status: 16.0
2026-07-10 10:51:38 [MQTT Call: paho2145044059066] INFO  c.s.Seminar1.services.MqttService - Gespeichert - Wago750 Status: 32.0
2026-07-10 10:51:39 [MQTT Call: paho2145044059066] INFO  c.s.Seminar1.services.MqttService - Gespeichert - Wago750 Status: 64.0
2026-07-10 10:51:40 [MQTT Call: paho2145044059066] INFO  c.s.Seminar1.services.MqttService - Gespeichert - Wago750 Status: 128.0
2026-07-10 10:51:41 [MQTT Call: paho2145044059066] INFO  c.s.Seminar1.services.MqttService - Gespeichert - Wago750 Status: 32768.0
2026-07-10 10:51:42 [MQTT Call: paho2145044059066] INFO  c.s.Seminar1.services.MqttService - Gespeichert - Wago750 Status: 16384.0
2026-07-10 10:51:43 [MQTT Call: paho2145044059066] INFO  c.s.Seminar1.services.MqttService - Gespeichert - Wago750 Status: 8192.0
2026-07-10 10:51:43 [MQTT Call: paho2145044059066] INFO  c.s.Seminar1.services.MqttService - Gespeichert - Temperatur Differenz: 1.05
2026-07-10 10:51:43 [MQTT Call: paho2145044059066] INFO  c.s.Seminar1.services.MqttService - Gespeichert - Temperatur Ist: 28.53
2026-07-10 10:51:44 [MQTT Call: paho2145044059066] INFO  c.s.Seminar1.services.MqttService - Gespeichert - Wago750 Status: 4096.0
2026-07-10 10:51:44 [MQTT Call: paho2145044059066] INFO  c.s.Seminar1.services.MqttService - Gespeichert - Temperatur Differenz: 1.07
2026-07-10 10:51:45 [MQTT Call: paho2145044059066] INFO  c.s.Seminar1.services.MqttService - Gespeichert - Wago750 Status: 2048.0
2026-07-10 10:51:45 [MQTT Call: paho2145044059066] INFO  c.s.Seminar1.services.MqttService - Gespeichert - Temperatur Differenz: 1.05
2026-07-10 10:51:46 [MQTT Call: paho2145044059066] INFO  c.s.Seminar1.services.MqttService - Gespeichert - Wago750 Status: 1024.0
2026-07-10 10:51:47 [MQTT Call: paho2145044059066] INFO  c.s.Seminar1.services.MqttService - Gespeichert - Wago750 Status: 512.0
2026-07-10 10:51:48 [MQTT Call: paho2145044059066] INFO  c.s.Seminar1.services.MqttService - Gespeichert - Temperatur Soll: 27.46
2026-07-10 10:51:48 [MQTT Call: paho2145044059066] INFO  c.s.Seminar1.services.MqttService - Gespeichert - Wago750 Status: 256.0
2026-07-10 10:51:49 [MQTT Call: paho2145044059066] INFO  c.s.Seminar1.services.MqttService - Gespeichert - Wago750 Status: 1.0
2026-07-10 10:51:49 [MQTT Call: paho2145044059066] INFO  c.s.Seminar1.services.MqttService - Gespeichert - Temperatur Ist: 28.51
2026-07-10 10:51:50 [MQTT Call: paho2145044059066] INFO  c.s.Seminar1.services.MqttService - Gespeichert - Wago750 Status: 2.0
2026-07-10 10:51:51 [MQTT Call: paho2145044059066] INFO  c.s.Seminar1.services.MqttService - Gespeichert - Wago750 Status: 4.0
2026-07-10 10:51:52 [MQTT Call: paho2145044059066] INFO  c.s.Seminar1.services.MqttService - Gespeichert - Wago750 Control: 1
2026-07-10 10:51:52 [MQTT Call: paho2145044059066] INFO  c.s.Seminar1.services.MqttService - Gespeichert - Temperatur Soll: 27.48
2026-07-10 10:51:52 [MQTT Call: paho2145044059066] INFO  c.s.Seminar1.services.MqttService - Gespeichert - Wago750 Status: 65280.0
2026-07-10 10:51:52 [MQTT Call: paho2145044059066] INFO  c.s.Seminar1.services.MqttService - Gespeichert - Temperatur Differenz: 1.03
2026-07-10 10:51:53 [MQTT Call: paho2145044059066] INFO  c.s.Seminar1.services.MqttService - Gespeichert - Temperatur Soll: 27.46
2026-07-10 10:51:53 [MQTT Call: paho2145044059066] INFO  c.s.Seminar1.services.MqttService - Gespeichert - Wago750 Status: 255.0
2026-07-10 10:51:53 [MQTT Call: paho2145044059066] INFO  c.s.Seminar1.services.MqttService - Gespeichert - Temperatur Differenz: 1.05
2026-07-10 10:51:54 [MQTT Call: paho2145044059066] INFO  c.s.Seminar1.services.MqttService - Gespeichert - Wago750 Status: 65280.0
2026-07-10 10:51:55 [MQTT Call: paho2145044059066] INFO  c.s.Seminar1.services.MqttService - Gespeichert - Wago750 Status: 255.0
2026-07-10 10:51:56 [MQTT Call: paho2145044059066] INFO  c.s.Seminar1.services.MqttService - Gespeichert - Wago750 Status: 65280.0
2026-07-10 10:51:56 [MQTT Call: paho2145044059066] INFO  c.s.Seminar1.services.MqttService - Gespeichert - Temperatur Differenz: 1.02
2026-07-10 10:51:56 [MQTT Call: paho2145044059066] INFO  c.s.Seminar1.services.MqttService - Gespeichert - Temperatur Ist: 28.48
2026-07-10 10:51:57 [MQTT Call: paho2145044059066] INFO  c.s.Seminar1.services.MqttService - Gespeichert - Wago750 Status: 255.0
2026-07-10 10:51:58 [MQTT Call: paho2145044059066] INFO  c.s.Seminar1.services.MqttService - Gespeichert - Wago750 Status: 65280.0
2026-07-10 10:51:59 [MQTT Call: paho2145044059066] INFO  c.s.Seminar1.services.MqttService - Gespeichert - Wago750 Status: 255.0
2026-07-10 10:52:00 [MQTT Call: paho2145044059066] INFO  c.s.Seminar1.services.MqttService - Gespeichert - Wago750 Status: 65280.0
2026-07-10 10:52:01 [MQTT Call: paho2145044059066] INFO  c.s.Seminar1.services.MqttService - Gespeichert - Wago750 Status: 255.0
2026-07-10 10:52:02 [MQTT Call: paho2145044059066] INFO  c.s.Seminar1.services.MqttService - Gespeichert - Wago750 Status: 65280.0
2026-07-10 10:52:03 [MQTT Call: paho2145044059066] INFO  c.s.Seminar1.services.MqttService - Gespeichert - Wago750 Status: 255.0
2026-07-10 10:52:03 [MQTT Call: paho2145044059066] INFO  c.s.Seminar1.services.MqttService - Gespeichert - Temperatur Differenz: 1.01
2026-07-10 10:52:03 [MQTT Call: paho2145044059066] INFO  c.s.Seminar1.services.MqttService - Gespeichert - Temperatur Ist: 28.47
2026-07-10 10:52:04 [MQTT Call: paho2145044059066] INFO  c.s.Seminar1.services.MqttService - Gespeichert - Wago750 Status: 65280.0
2026-07-10 10:52:05 [MQTT Call: paho2145044059066] INFO  c.s.Seminar1.services.MqttService - Gespeichert - Wago750 Status: 255.0
2026-07-10 10:52:06 [MQTT Call: paho2145044059066] INFO  c.s.Seminar1.services.MqttService - Gespeichert - Wago750 Status: 65280.0
2026-07-10 10:52:07 [MQTT Call: paho2145044059066] INFO  c.s.Seminar1.services.MqttService - Gespeichert - Wago750 Status: 255.0
2026-07-10 10:52:08 [MQTT Call: paho2145044059066] INFO  c.s.Seminar1.services.MqttService - Gespeichert - Wago750 Status: 65280.0
2026-07-10 10:52:09 [MQTT Call: paho2145044059066] INFO  c.s.Seminar1.services.MqttService - Gespeichert - Wago750 Status: 255.0
2026-07-10 10:52:10 [MQTT Call: paho2145044059066] INFO  c.s.Seminar1.services.MqttService - Gespeichert - Wago750 Status: 65280.0
2026-07-10 10:52:11 [MQTT Call: paho2145044059066] INFO  c.s.Seminar1.services.MqttService - Gespeichert - Wago750 Status: 255.0
2026-07-10 10:52:11 [MQTT Call: paho2145044059066] INFO  c.s.Seminar1.services.MqttService - Gespeichert - Temperatur Differenz: 1.0
2026-07-10 10:52:11 [MQTT Call: paho2145044059066] INFO  c.s.Seminar1.services.MqttService - Gespeichert - Temperatur Ist: 28.46
2026-07-10 10:52:12 [MQTT Call: paho2145044059066] INFO  c.s.Seminar1.services.MqttService - Gespeichert - Wago750 Status: 65280.0
2026-07-10 10:52:13 [MQTT Call: paho2145044059066] INFO  c.s.Seminar1.services.MqttService - Gespeichert - Wago750 Status: 255.0
2026-07-10 10:52:14 [MQTT Call: paho2145044059066] INFO  c.s.Seminar1.services.MqttService - Gespeichert - Wago750 Status: 65280.0
2026-07-10 10:52:15 [MQTT Call: paho2145044059066] INFO  c.s.Seminar1.services.MqttService - Gespeichert - Wago750 Status: 255.0
2026-07-10 10:52:16 [MQTT Call: paho2145044059066] INFO  c.s.Seminar1.services.MqttService - Gespeichert - Wago750 Status: 65280.0
2026-07-10 10:52:17 [MQTT Call: paho2145044059066] INFO  c.s.Seminar1.services.MqttService - Gespeichert - Wago750 Status: 255.0
2026-07-10 10:52:18 [MQTT Call: paho2145044059066] INFO  c.s.Seminar1.services.MqttService - Gespeichert - Wago750 Status: 65280.0
2026-07-10 10:52:19 [MQTT Call: paho2145044059066] INFO  c.s.Seminar1.services.MqttService - Gespeichert - Wago750 Status: 255.0
2026-07-10 10:52:20 [MQTT Call: paho2145044059066] INFO  c.s.Seminar1.services.MqttService - Gespeichert - Wago750 Status: 65280.0
2026-07-10 10:52:21 [MQTT Call: paho2145044059066] INFO  c.s.Seminar1.services.MqttService - Gespeichert - Temperatur Differenz: 0.97
2026-07-10 10:52:21 [MQTT Call: paho2145044059066] INFO  c.s.Seminar1.services.MqttService - Gespeichert - Temperatur Ist: 28.43
2026-07-10 10:52:22 [MQTT Call: paho2145044059066] INFO  c.s.Seminar1.services.MqttService - Gespeichert - Wago750 Status: 255.0
2026-07-10 10:52:23 [MQTT Call: paho2145044059066] INFO  c.s.Seminar1.services.MqttService - Gespeichert - Wago750 Status: 65280.0
2026-07-10 10:52:24 [MQTT Call: paho2145044059066] INFO  c.s.Seminar1.services.MqttService - Gespeichert - Wago750 Status: 255.0
2026-07-10 10:52:25 [MQTT Call: paho2145044059066] INFO  c.s.Seminar1.services.MqttService - Gespeichert - Wago750 Status: 65280.0
2026-07-10 10:52:26 [MQTT Call: paho2145044059066] INFO  c.s.Seminar1.services.MqttService - Gespeichert - Wago750 Status: 255.0
2026-07-10 10:52:27 [MQTT Call: paho2145044059066] INFO  c.s.Seminar1.services.MqttService - Gespeichert - Wago750 Status: 65280.0
2026-07-10 10:52:28 [MQTT Call: paho2145044059066] INFO  c.s.Seminar1.services.MqttService - Gespeichert - Wago750 Status: 255.0
2026-07-10 10:52:28 [MQTT Call: paho2145044059066] INFO  c.s.Seminar1.services.MqttService - Gespeichert - Temperatur Differenz: 0.95
2026-07-10 10:52:28 [MQTT Call: paho2145044059066] INFO  c.s.Seminar1.services.MqttService - Gespeichert - Temperatur Ist: 28.41
2026-07-10 10:52:29 [MQTT Call: paho2145044059066] INFO  c.s.Seminar1.services.MqttService - Gespeichert - Wago750 Status: 65280.0
2026-07-10 10:52:30 [MQTT Call: paho2145044059066] INFO  c.s.Seminar1.services.MqttService - Gespeichert - Wago750 Status: 255.0
2026-07-10 10:52:31 [MQTT Call: paho2145044059066] INFO  c.s.Seminar1.services.MqttService - Gespeichert - Wago750 Status: 65280.0
2026-07-10 10:52:32 [MQTT Call: paho2145044059066] INFO  c.s.Seminar1.services.MqttService - Gespeichert - Wago750 Status: 255.0
2026-07-10 10:52:33 [MQTT Call: paho2145044059066] INFO  c.s.Seminar1.services.MqttService - Gespeichert - Wago750 Status: 65280.0
2026-07-10 10:52:34 [MQTT Call: paho2145044059066] INFO  c.s.Seminar1.services.MqttService - Gespeichert - Wago750 Status: 255.0
2026-07-10 10:52:35 [MQTT Call: paho2145044059066] INFO  c.s.Seminar1.services.MqttService - Gespeichert - Wago750 Status: 65280.0
2026-07-10 10:52:36 [MQTT Call: paho2145044059066] INFO  c.s.Seminar1.services.MqttService - Gespeichert - Wago750 Status: 255.0
2026-07-10 10:52:36 [MQTT Call: paho2145044059066] INFO  c.s.Seminar1.services.MqttService - Gespeichert - Temperatur Differenz: 0.94
2026-07-10 10:52:36 [MQTT Call: paho2145044059066] INFO  c.s.Seminar1.services.MqttService - Gespeichert - Temperatur Ist: 28.4
2026-07-10 10:52:37 [MQTT Call: paho2145044059066] INFO  c.s.Seminar1.services.MqttService - Gespeichert - Wago750 Status: 65280.0
2026-07-10 10:52:38 [MQTT Call: paho2145044059066] INFO  c.s.Seminar1.services.MqttService - Gespeichert - Wago750 Status: 255.0
2026-07-10 10:52:39 [MQTT Call: paho2145044059066] INFO  c.s.Seminar1.services.MqttService - Gespeichert - Wago750 Status: 65280.0
2026-07-10 10:52:40 [MQTT Call: paho2145044059066] INFO  c.s.Seminar1.services.MqttService - Gespeichert - Wago750 Status: 255.0
2026-07-10 10:52:41 [MQTT Call: paho2145044059066] INFO  c.s.Seminar1.services.MqttService - Gespeichert - Wago750 Status: 65280.0
2026-07-10 10:52:42 [MQTT Call: paho2145044059066] INFO  c.s.Seminar1.services.MqttService - Gespeichert - Wago750 Status: 255.0
2026-07-10 10:52:42 [MQTT Call: paho2145044059066] INFO  c.s.Seminar1.services.MqttService - Gespeichert - Temperatur Differenz: 0.91
2026-07-10 10:52:42 [MQTT Call: paho2145044059066] INFO  c.s.Seminar1.services.MqttService - Gespeichert - Temperatur Ist: 28.37
2026-07-10 10:52:43 [MQTT Call: paho2145044059066] INFO  c.s.Seminar1.services.MqttService - Gespeichert - Wago750 Status: 65280.0
2026-07-10 10:52:44 [MQTT Call: paho2145044059066] INFO  c.s.Seminar1.services.MqttService - Gespeichert - Wago750 Status: 255.0
2026-07-10 10:52:45 [MQTT Call: paho2145044059066] INFO  c.s.Seminar1.services.MqttService - Gespeichert - Wago750 Status: 65280.0
2026-07-10 10:52:46 [MQTT Call: paho2145044059066] INFO  c.s.Seminar1.services.MqttService - Gespeichert - Wago750 Status: 255.0
2026-07-10 10:52:47 [MQTT Call: paho2145044059066] INFO  c.s.Seminar1.services.MqttService - Gespeichert - Wago750 Status: 65280.0
2026-07-10 10:52:48 [MQTT Call: paho2145044059066] INFO  c.s.Seminar1.services.MqttService - Gespeichert - Wago750 Status: 255.0
2026-07-10 10:52:49 [MQTT Call: paho2145044059066] INFO  c.s.Seminar1.services.MqttService - Gespeichert - Wago750 Status: 65280.0
2026-07-10 10:52:50 [MQTT Call: paho2145044059066] INFO  c.s.Seminar1.services.MqttService - Gespeichert - Wago750 Status: 255.0
2026-07-10 10:52:51 [MQTT Call: paho2145044059066] INFO  c.s.Seminar1.services.MqttService - Gespeichert - Wago750 Status: 65280.0
2026-07-10 10:52:52 [MQTT Call: paho2145044059066] INFO  c.s.Seminar1.services.MqttService - Gespeichert - Temperatur Differenz: 0.9
2026-07-10 10:52:52 [MQTT Call: paho2145044059066] INFO  c.s.Seminar1.services.MqttService - Gespeichert - Temperatur Ist: 28.36
2026-07-10 10:52:54 [MQTT Call: paho2145044059066] INFO  c.s.Seminar1.services.MqttService - Gespeichert - Wago750 Status: 255.0
2026-07-10 10:52:55 [MQTT Call: paho2145044059066] INFO  c.s.Seminar1.services.MqttService - Gespeichert - Wago750 Status: 65280.0
2026-07-10 10:52:56 [MQTT Call: paho2145044059066] INFO  c.s.Seminar1.services.MqttService - Gespeichert - Wago750 Status: 255.0
2026-07-10 10:52:57 [MQTT Call: paho2145044059066] INFO  c.s.Seminar1.services.MqttService - Gespeichert - Wago750 Status: 65280.0
2026-07-10 10:52:58 [MQTT Call: paho2145044059066] INFO  c.s.Seminar1.services.MqttService - Gespeichert - Wago750 Status: 255.0
2026-07-10 10:52:59 [MQTT Call: paho2145044059066] INFO  c.s.Seminar1.services.MqttService - Gespeichert - Wago750 Status: 65280.0
2026-07-10 10:52:59 [MQTT Call: paho2145044059066] INFO  c.s.Seminar1.services.MqttService - Gespeichert - Temperatur Differenz: 0.87
2026-07-10 10:52:59 [MQTT Call: paho2145044059066] INFO  c.s.Seminar1.services.MqttService - Gespeichert - Temperatur Ist: 28.33
2026-07-10 10:53:00 [MQTT Call: paho2145044059066] INFO  c.s.Seminar1.services.MqttService - Gespeichert - Wago750 Status: 255.0
2026-07-10 10:53:01 [MQTT Call: paho2145044059066] INFO  c.s.Seminar1.services.MqttService - Gespeichert - Wago750 Status: 65280.0
2026-07-10 10:53:02 [MQTT Call: paho2145044059066] INFO  c.s.Seminar1.services.MqttService - Gespeichert - Wago750 Status: 255.0
2026-07-10 10:53:03 [MQTT Call: paho2145044059066] INFO  c.s.Seminar1.services.MqttService - Gespeichert - Temperatur Soll: 27.48
2026-07-10 10:53:03 [MQTT Call: paho2145044059066] INFO  c.s.Seminar1.services.MqttService - Gespeichert - Wago750 Status: 65280.0
2026-07-10 10:53:03 [MQTT Call: paho2145044059066] INFO  c.s.Seminar1.services.MqttService - Gespeichert - Temperatur Differenz: 0.85
2026-07-10 10:53:04 [MQTT Call: paho2145044059066] INFO  c.s.Seminar1.services.MqttService - Gespeichert - Temperatur Soll: 27.46
2026-07-10 10:53:04 [MQTT Call: paho2145044059066] INFO  c.s.Seminar1.services.MqttService - Gespeichert - Wago750 Status: 255.0
2026-07-10 10:53:04 [MQTT Call: paho2145044059066] INFO  c.s.Seminar1.services.MqttService - Gespeichert - Temperatur Differenz: 0.87
2026-07-10 10:53:05 [MQTT Call: paho2145044059066] INFO  c.s.Seminar1.services.MqttService - Gespeichert - Wago750 Status: 65280.0
2026-07-10 10:53:06 [MQTT Call: paho2145044059066] INFO  c.s.Seminar1.services.MqttService - Gespeichert - Wago750 Status: 255.0
2026-07-10 10:53:07 [MQTT Call: paho2145044059066] INFO  c.s.Seminar1.services.MqttService - Gespeichert - Wago750 Status: 65280.0
2026-07-10 10:53:07 [MQTT Call: paho2145044059066] INFO  c.s.Seminar1.services.MqttService - Gespeichert - Temperatur Differenz: 0.83
2026-07-10 10:53:07 [MQTT Call: paho2145044059066] INFO  c.s.Seminar1.services.MqttService - Gespeichert - Temperatur Ist: 28.31
2026-07-10 10:53:08 [MQTT Call: paho2145044059066] INFO  c.s.Seminar1.services.MqttService - Gespeichert - Wago750 Status: 255.0
2026-07-10 10:53:08 [MQTT Call: paho2145044059066] INFO  c.s.Seminar1.services.MqttService - Gespeichert - Temperatur Differenz: 0.87
2026-07-10 10:53:08 [MQTT Call: paho2145044059066] INFO  c.s.Seminar1.services.MqttService - Gespeichert - Temperatur Ist: 28.33
2026-07-10 10:53:09 [MQTT Call: paho2145044059066] INFO  c.s.Seminar1.services.MqttService - Gespeichert - Wago750 Status: 65280.0
2026-07-10 10:53:09 [MQTT Call: paho2145044059066] INFO  c.s.Seminar1.services.MqttService - Gespeichert - Temperatur Differenz: 0.85
2026-07-10 10:53:09 [MQTT Call: paho2145044059066] INFO  c.s.Seminar1.services.MqttService - Gespeichert - Temperatur Ist: 28.31
2026-07-10 10:53:10 [MQTT Call: paho2145044059066] INFO  c.s.Seminar1.services.MqttService - Gespeichert - Wago750 Status: 255.0
2026-07-10 10:53:11 [MQTT Call: paho2145044059066] INFO  c.s.Seminar1.services.MqttService - Gespeichert - Wago750 Status: 65280.0
2026-07-10 10:53:12 [MQTT Call: paho2145044059066] INFO  c.s.Seminar1.services.MqttService - Gespeichert - Wago750 Status: 255.0
2026-07-10 10:53:13 [MQTT Call: paho2145044059066] INFO  c.s.Seminar1.services.MqttService - Gespeichert - Wago750 Status: 65280.0
2026-07-10 10:53:14 [MQTT Call: paho2145044059066] INFO  c.s.Seminar1.services.MqttService - Gespeichert - Wago750 Status: 255.0
2026-07-10 10:53:15 [MQTT Call: paho2145044059066] INFO  c.s.Seminar1.services.MqttService - Gespeichert - Wago750 Status: 65280.0
2026-07-10 10:53:16 [MQTT Call: paho2145044059066] INFO  c.s.Seminar1.services.MqttService - Gespeichert - Wago750 Status: 255.0
2026-07-10 10:53:17 [MQTT Call: paho2145044059066] INFO  c.s.Seminar1.services.MqttService - Gespeichert - Wago750 Status: 65280.0
2026-07-10 10:53:18 [MQTT Call: paho2145044059066] INFO  c.s.Seminar1.services.MqttService - Gespeichert - Temperatur Soll: 27.48
2026-07-10 10:53:18 [MQTT Call: paho2145044059066] INFO  c.s.Seminar1.services.MqttService - Gespeichert - Wago750 Status: 255.0
2026-07-10 10:53:19 [MQTT Call: paho2145044059066] INFO  c.s.Seminar1.services.MqttService - Gespeichert - Wago750 Status: 65280.0
2026-07-10 10:53:19 [MQTT Call: paho2145044059066] INFO  c.s.Seminar1.services.MqttService - Gespeichert - Temperatur Differenz: 0.83
2026-07-10 10:53:20 [MQTT Call: paho2145044059066] INFO  c.s.Seminar1.services.MqttService - Gespeichert - Wago750 Status: 255.0
2026-07-10 10:53:20 [MQTT Call: paho2145044059066] INFO  c.s.Seminar1.services.MqttService - Gespeichert - Temperatur Differenz: 0.82
2026-07-10 10:53:20 [MQTT Call: paho2145044059066] INFO  c.s.Seminar1.services.MqttService - Gespeichert - Temperatur Ist: 28.3
2026-07-10 10:53:21 [MQTT Call: paho2145044059066] INFO  c.s.Seminar1.services.MqttService - Gespeichert - Temperatur Soll: 27.46
2026-07-10 10:53:21 [MQTT Call: paho2145044059066] INFO  c.s.Seminar1.services.MqttService - Gespeichert - Wago750 Status: 65280.0
2026-07-10 10:53:21 [MQTT Call: paho2145044059066] INFO  c.s.Seminar1.services.MqttService - Gespeichert - Temperatur Differenz: 0.84
2026-07-10 10:53:22 [MQTT Call: paho2145044059066] INFO  c.s.Seminar1.services.MqttService - Gespeichert - Temperatur Soll: 27.48
2026-07-10 10:53:22 [MQTT Call: paho2145044059066] INFO  c.s.Seminar1.services.MqttService - Gespeichert - Wago750 Status: 255.0
2026-07-10 10:53:22 [MQTT Call: paho2145044059066] INFO  c.s.Seminar1.services.MqttService - Gespeichert - Temperatur Differenz: 0.82
2026-07-10 10:53:23 [MQTT Call: paho2145044059066] INFO  c.s.Seminar1.services.MqttService - Gespeichert - Wago750 Status: 65280.0
2026-07-10 10:53:24 [MQTT Call: paho2145044059066] INFO  c.s.Seminar1.services.MqttService - Gespeichert - Wago750 Status: 255.0
2026-07-10 10:53:25 [MQTT Call: paho2145044059066] INFO  c.s.Seminar1.services.MqttService - Gespeichert - Temperatur Soll: 27.46
2026-07-10 10:53:25 [MQTT Call: paho2145044059066] INFO  c.s.Seminar1.services.MqttService - Gespeichert - Wago750 Status: 65280.0
2026-07-10 10:53:25 [MQTT Call: paho2145044059066] INFO  c.s.Seminar1.services.MqttService - Gespeichert - Temperatur Differenz: 0.84
2026-07-10 10:53:26 [MQTT Call: paho2145044059066] INFO  c.s.Seminar1.services.MqttService - Gespeichert - Wago750 Status: 255.0
2026-07-10 10:53:27 [MQTT Call: paho2145044059066] INFO  c.s.Seminar1.services.MqttService - Gespeichert - Temperatur Soll: 27.48
2026-07-10 10:53:27 [MQTT Call: paho2145044059066] INFO  c.s.Seminar1.services.MqttService - Gespeichert - Wago750 Status: 65280.0
2026-07-10 10:53:27 [MQTT Call: paho2145044059066] INFO  c.s.Seminar1.services.MqttService - Gespeichert - Temperatur Differenz: 0.82
2026-07-10 10:53:28 [MQTT Call: paho2145044059066] INFO  c.s.Seminar1.services.MqttService - Gespeichert - Temperatur Soll: 27.46
2026-07-10 10:53:28 [MQTT Call: paho2145044059066] INFO  c.s.Seminar1.services.MqttService - Gespeichert - Wago750 Status: 255.0
2026-07-10 10:53:28 [MQTT Call: paho2145044059066] INFO  c.s.Seminar1.services.MqttService - Gespeichert - Temperatur Differenz: 0.84
2026-07-10 10:53:29 [MQTT Call: paho2145044059066] INFO  c.s.Seminar1.services.MqttService - Gespeichert - Temperatur Soll: 27.48
2026-07-10 10:53:29 [MQTT Call: paho2145044059066] INFO  c.s.Seminar1.services.MqttService - Gespeichert - Wago750 Status: 65280.0
2026-07-10 10:53:29 [MQTT Call: paho2145044059066] INFO  c.s.Seminar1.services.MqttService - Gespeichert - Temperatur Differenz: 0.82
2026-07-10 10:53:30 [MQTT Call: paho2145044059066] INFO  c.s.Seminar1.services.MqttService - Gespeichert - Wago750 Status: 255.0
2026-07-10 10:53:30 [MQTT Call: paho2145044059066] INFO  c.s.Seminar1.services.MqttService - Gespeichert - Temperatur Differenz: 0.79
2026-07-10 10:53:30 [MQTT Call: paho2145044059066] INFO  c.s.Seminar1.services.MqttService - Gespeichert - Temperatur Ist: 28.27
2026-07-10 10:53:31 [MQTT Call: paho2145044059066] INFO  c.s.Seminar1.services.MqttService - Gespeichert - Temperatur Soll: 27.46
2026-07-10 10:53:31 [MQTT Call: paho2145044059066] INFO  c.s.Seminar1.services.MqttService - Gespeichert - Wago750 Status: 65280.0
2026-07-10 10:53:31 [MQTT Call: paho2145044059066] INFO  c.s.Seminar1.services.MqttService - Gespeichert - Temperatur Differenz: 0.81
2026-07-10 10:53:32 [MQTT Call: paho2145044059066] INFO  c.s.Seminar1.services.MqttService - Gespeichert - Temperatur Soll: 27.48
2026-07-10 10:53:32 [MQTT Call: paho2145044059066] INFO  c.s.Seminar1.services.MqttService - Gespeichert - Wago750 Status: 255.0
2026-07-10 10:53:32 [MQTT Call: paho2145044059066] INFO  c.s.Seminar1.services.MqttService - Gespeichert - Temperatur Differenz: 0.79
2026-07-10 10:53:33 [MQTT Call: paho2145044059066] INFO  c.s.Seminar1.services.MqttService - Gespeichert - Wago750 Status: 65280.0
2026-07-10 10:53:34 [MQTT Call: paho2145044059066] INFO  c.s.Seminar1.services.MqttService - Gespeichert - Wago750 Status: 255.0
2026-07-10 10:53:35 [MQTT Call: paho2145044059066] INFO  c.s.Seminar1.services.MqttService - Gespeichert - Wago750 Status: 65280.0
2026-07-10 10:53:36 [MQTT Call: paho2145044059066] INFO  c.s.Seminar1.services.MqttService - Gespeichert - Wago750 Status: 255.0
2026-07-10 10:53:37 [MQTT Call: paho2145044059066] INFO  c.s.Seminar1.services.MqttService - Gespeichert - Wago750 Status: 65280.0
2026-07-10 10:53:38 [MQTT Call: paho2145044059066] INFO  c.s.Seminar1.services.MqttService - Gespeichert - Wago750 Status: 255.0
2026-07-10 10:53:39 [MQTT Call: paho2145044059066] INFO  c.s.Seminar1.services.MqttService - Gespeichert - Wago750 Status: 65280.0
2026-07-10 10:53:40 [MQTT Call: paho2145044059066] INFO  c.s.Seminar1.services.MqttService - Gespeichert - Wago750 Status: 255.0
2026-07-10 10:53:41 [MQTT Call: paho2145044059066] INFO  c.s.Seminar1.services.MqttService - Gespeichert - Wago750 Status: 65280.0
2026-07-10 10:53:42 [MQTT Call: paho2145044059066] INFO  c.s.Seminar1.services.MqttService - Gespeichert - Wago750 Status: 255.0
2026-07-10 10:53:43 [MQTT Call: paho2145044059066] INFO  c.s.Seminar1.services.MqttService - Gespeichert - Wago750 Status: 65280.0
2026-07-10 10:53:43 [MQTT Call: paho2145044059066] INFO  c.s.Seminar1.services.MqttService - Gespeichert - Temperatur Differenz: 0.77
2026-07-10 10:53:43 [MQTT Call: paho2145044059066] INFO  c.s.Seminar1.services.MqttService - Gespeichert - Temperatur Ist: 28.25
2026-07-10 10:53:44 [MQTT Call: paho2145044059066] INFO  c.s.Seminar1.services.MqttService - Gespeichert - Wago750 Status: 255.0
2026-07-10 10:53:45 [MQTT Call: paho2145044059066] INFO  c.s.Seminar1.services.MqttService - Gespeichert - Wago750 Status: 65280.0
2026-07-10 10:53:46 [MQTT Call: paho2145044059066] INFO  c.s.Seminar1.services.MqttService - Gespeichert - Wago750 Status: 255.0
2026-07-10 10:53:47 [MQTT Call: paho2145044059066] INFO  c.s.Seminar1.services.MqttService - Gespeichert - Wago750 Status: 65280.0
2026-07-10 10:53:48 [MQTT Call: paho2145044059066] INFO  c.s.Seminar1.services.MqttService - Gespeichert - Wago750 Status: 255.0
2026-07-10 10:53:49 [MQTT Call: paho2145044059066] INFO  c.s.Seminar1.services.MqttService - Gespeichert - Wago750 Status: 65280.0
2026-07-10 10:53:50 [MQTT Call: paho2145044059066] INFO  c.s.Seminar1.services.MqttService - Gespeichert - Wago750 Status: 255.0
2026-07-10 10:53:51 [MQTT Call: paho2145044059066] INFO  c.s.Seminar1.services.MqttService - Gespeichert - Wago750 Status: 65280.0
2026-07-10 10:53:52 [MQTT Call: paho2145044059066] INFO  c.s.Seminar1.services.MqttService - Gespeichert - Wago750 Status: 255.0
2026-07-10 10:53:55 [MQTT Call: paho2145044059066] INFO  c.s.Seminar1.services.MqttService - Gespeichert - Wago750 Status: 65280.0
2026-07-10 10:53:55 [MQTT Call: paho2145044059066] INFO  c.s.Seminar1.services.MqttService - Gespeichert - Temperatur Differenz: 0.76
2026-07-10 10:53:55 [MQTT Call: paho2145044059066] INFO  c.s.Seminar1.services.MqttService - Gespeichert - Temperatur Ist: 28.24
2026-07-10 10:53:56 [MQTT Call: paho2145044059066] INFO  c.s.Seminar1.services.MqttService - Gespeichert - Wago750 Status: 255.0
2026-07-10 10:53:57 [MQTT Call: paho2145044059066] INFO  c.s.Seminar1.services.MqttService - Gespeichert - Wago750 Status: 65280.0
2026-07-10 10:53:57 [MQTT Call: paho2145044059066] INFO  c.s.Seminar1.services.MqttService - Gespeichert - Temperatur Differenz: 0.77
2026-07-10 10:53:57 [MQTT Call: paho2145044059066] INFO  c.s.Seminar1.services.MqttService - Gespeichert - Temperatur Ist: 28.25
2026-07-10 10:53:58 [MQTT Call: paho2145044059066] INFO  c.s.Seminar1.services.MqttService - Gespeichert - Wago750 Status: 255.0
2026-07-10 10:53:58 [MQTT Call: paho2145044059066] INFO  c.s.Seminar1.services.MqttService - Gespeichert - Temperatur Differenz: 0.76
2026-07-10 10:53:58 [MQTT Call: paho2145044059066] INFO  c.s.Seminar1.services.MqttService - Gespeichert - Temperatur Ist: 28.24
2026-07-10 10:53:59 [MQTT Call: paho2145044059066] INFO  c.s.Seminar1.services.MqttService - Gespeichert - Wago750 Status: 65280.0
2026-07-10 10:54:00 [MQTT Call: paho2145044059066] INFO  c.s.Seminar1.services.MqttService - Gespeichert - Wago750 Status: 255.0
2026-07-10 10:54:01 [MQTT Call: paho2145044059066] INFO  c.s.Seminar1.services.MqttService - Gespeichert - Wago750 Status: 65280.0
2026-07-10 10:54:02 [MQTT Call: paho2145044059066] INFO  c.s.Seminar1.services.MqttService - Gespeichert - Wago750 Status: 255.0
2026-07-10 10:54:03 [MQTT Call: paho2145044059066] INFO  c.s.Seminar1.services.MqttService - Gespeichert - Wago750 Status: 65280.0
2026-07-10 10:54:04 [MQTT Call: paho2145044059066] INFO  c.s.Seminar1.services.MqttService - Gespeichert - Wago750 Status: 255.0
2026-07-10 10:54:05 [MQTT Call: paho2145044059066] INFO  c.s.Seminar1.services.MqttService - Gespeichert - Wago750 Status: 65280.0
2026-07-10 10:54:06 [MQTT Call: paho2145044059066] INFO  c.s.Seminar1.services.MqttService - Gespeichert - Wago750 Status: 255.0
2026-07-10 10:54:07 [MQTT Call: paho2145044059066] INFO  c.s.Seminar1.services.MqttService - Gespeichert - Wago750 Status: 65280.0
2026-07-10 10:54:08 [MQTT Call: paho2145044059066] INFO  c.s.Seminar1.services.MqttService - Gespeichert - Wago750 Status: 255.0
2026-07-10 10:54:08 [MQTT Call: paho2145044059066] INFO  c.s.Seminar1.services.MqttService - Gespeichert - Temperatur Differenz: 0.73
2026-07-10 10:54:08 [MQTT Call: paho2145044059066] INFO  c.s.Seminar1.services.MqttService - Gespeichert - Temperatur Ist: 28.21
2026-07-10 10:54:09 [MQTT Call: paho2145044059066] INFO  c.s.Seminar1.services.MqttService - Gespeichert - Wago750 Status: 65280.0
2026-07-10 10:54:09 [MQTT Call: paho2145044059066] INFO  c.s.Seminar1.services.MqttService - Gespeichert - Temperatur Differenz: 0.76
2026-07-10 10:54:09 [MQTT Call: paho2145044059066] INFO  c.s.Seminar1.services.MqttService - Gespeichert - Temperatur Ist: 28.24
2026-07-10 10:54:10 [MQTT Call: paho2145044059066] INFO  c.s.Seminar1.services.MqttService - Gespeichert - Wago750 Status: 255.0
2026-07-10 10:54:10 [MQTT Call: paho2145044059066] INFO  c.s.Seminar1.services.MqttService - Gespeichert - Temperatur Differenz: 0.73
2026-07-10 10:54:10 [MQTT Call: paho2145044059066] INFO  c.s.Seminar1.services.MqttService - Gespeichert - Temperatur Ist: 28.21
2026-07-10 10:54:11 [MQTT Call: paho2145044059066] INFO  c.s.Seminar1.services.MqttService - Gespeichert - Wago750 Status: 65280.0
2026-07-10 10:54:12 [MQTT Call: paho2145044059066] INFO  c.s.Seminar1.services.MqttService - Gespeichert - Wago750 Status: 255.0
2026-07-10 10:54:13 [MQTT Call: paho2145044059066] INFO  c.s.Seminar1.services.MqttService - Gespeichert - Wago750 Status: 65280.0
2026-07-10 10:54:14 [MQTT Call: paho2145044059066] INFO  c.s.Seminar1.services.MqttService - Gespeichert - Wago750 Status: 255.0
2026-07-10 10:54:15 [MQTT Call: paho2145044059066] INFO  c.s.Seminar1.services.MqttService - Gespeichert - Wago750 Status: 65280.0
2026-07-10 10:54:16 [MQTT Call: paho2145044059066] INFO  c.s.Seminar1.services.MqttService - Gespeichert - Wago750 Status: 255.0
2026-07-10 10:54:17 [MQTT Call: paho2145044059066] INFO  c.s.Seminar1.services.MqttService - Gespeichert - Wago750 Status: 65280.0
2026-07-10 10:54:18 [MQTT Call: paho2145044059066] INFO  c.s.Seminar1.services.MqttService - Gespeichert - Wago750 Status: 255.0
2026-07-10 10:54:19 [MQTT Call: paho2145044059066] INFO  c.s.Seminar1.services.MqttService - Gespeichert - Wago750 Status: 65280.0
2026-07-10 10:54:20 [MQTT Call: paho2145044059066] INFO  c.s.Seminar1.services.MqttService - Gespeichert - Wago750 Status: 255.0
2026-07-10 10:54:21 [MQTT Call: paho2145044059066] INFO  c.s.Seminar1.services.MqttService - Gespeichert - Wago750 Status: 65280.0
2026-07-10 10:54:22 [MQTT Call: paho2145044059066] INFO  c.s.Seminar1.services.MqttService - Gespeichert - Wago750 Status: 255.0
2026-07-10 10:54:22 [MQTT Call: paho2145044059066] INFO  c.s.Seminar1.services.MqttService - Gespeichert - Temperatur Differenz: 0.72
2026-07-10 10:54:22 [MQTT Call: paho2145044059066] INFO  c.s.Seminar1.services.MqttService - Gespeichert - Temperatur Ist: 28.2
2026-07-10 10:54:23 [MQTT Call: paho2145044059066] INFO  c.s.Seminar1.services.MqttService - Gespeichert - Wago750 Status: 65280.0
2026-07-10 10:54:23 [MQTT Call: paho2145044059066] INFO  c.s.Seminar1.services.MqttService - Gespeichert - Temperatur Differenz: 0.73
2026-07-10 10:54:23 [MQTT Call: paho2145044059066] INFO  c.s.Seminar1.services.MqttService - Gespeichert - Temperatur Ist: 28.21
2026-07-10 10:54:24 [MQTT Call: paho2145044059066] INFO  c.s.Seminar1.services.MqttService - Gespeichert - Wago750 Status: 255.0
2026-07-10 10:54:24 [MQTT Call: paho2145044059066] INFO  c.s.Seminar1.services.MqttService - Gespeichert - Temperatur Differenz: 0.72
2026-07-10 10:54:24 [MQTT Call: paho2145044059066] INFO  c.s.Seminar1.services.MqttService - Gespeichert - Temperatur Ist: 28.2
2026-07-10 10:54:25 [MQTT Call: paho2145044059066] INFO  c.s.Seminar1.services.MqttService - Gespeichert - Wago750 Status: 65280.0
2026-07-10 10:54:26 [MQTT Call: paho2145044059066] INFO  c.s.Seminar1.services.MqttService - Gespeichert - Wago750 Status: 255.0
2026-07-10 10:54:27 [MQTT Call: paho2145044059066] INFO  c.s.Seminar1.services.MqttService - Gespeichert - Wago750 Status: 65280.0
2026-07-10 10:54:28 [MQTT Call: paho2145044059066] INFO  c.s.Seminar1.services.MqttService - Gespeichert - Wago750 Status: 255.0
2026-07-10 10:54:29 [MQTT Call: paho2145044059066] INFO  c.s.Seminar1.services.MqttService - Gespeichert - Wago750 Status: 65280.0
2026-07-10 10:54:30 [MQTT Call: paho2145044059066] INFO  c.s.Seminar1.services.MqttService - Gespeichert - Wago750 Status: 255.0
2026-07-10 10:54:31 [MQTT Call: paho2145044059066] INFO  c.s.Seminar1.services.MqttService - Gespeichert - Wago750 Status: 65280.0
2026-07-10 10:54:32 [MQTT Call: paho2145044059066] INFO  c.s.Seminar1.services.MqttService - Gespeichert - Wago750 Status: 255.0
2026-07-10 10:54:32 [MQTT Call: paho2145044059066] INFO  c.s.Seminar1.services.MqttService - Gespeichert - Temperatur Soll: 27.49
2026-07-10 10:54:32 [MQTT Call: paho2145044059066] INFO  c.s.Seminar1.services.MqttService - Gespeichert - Temperatur Differenz: 0.71
2026-07-10 10:54:33 [MQTT Call: paho2145044059066] INFO  c.s.Seminar1.services.MqttService - Gespeichert - Wago750 Status: 65280.0
2026-07-10 10:54:33 [MQTT Call: paho2145044059066] INFO  c.s.Seminar1.services.MqttService - Gespeichert - Temperatur Differenz: 0.72
2026-07-10 10:54:34 [MQTT Call: paho2145044059066] INFO  c.s.Seminar1.services.MqttService - Gespeichert - Wago750 Status: 255.0
2026-07-10 10:54:34 [MQTT Call: paho2145044059066] INFO  c.s.Seminar1.services.MqttService - Gespeichert - Temperatur Differenz: 0.71
2026-07-10 10:54:35 [MQTT Call: paho2145044059066] INFO  c.s.Seminar1.services.MqttService - Gespeichert - Wago750 Status: 65280.0
2026-07-10 10:54:35 [MQTT Call: paho2145044059066] INFO  c.s.Seminar1.services.MqttService - Gespeichert - Temperatur Soll: 27.48
2026-07-10 10:54:35 [MQTT Call: paho2145044059066] INFO  c.s.Seminar1.services.MqttService - Gespeichert - Temperatur Differenz: 0.72
2026-07-10 10:54:36 [MQTT Call: paho2145044059066] INFO  c.s.Seminar1.services.MqttService - Gespeichert - Wago750 Status: 255.0
2026-07-10 10:54:36 [MQTT Call: paho2145044059066] INFO  c.s.Seminar1.services.MqttService - Gespeichert - Temperatur Soll: 27.49
2026-07-10 10:54:36 [MQTT Call: paho2145044059066] INFO  c.s.Seminar1.services.MqttService - Gespeichert - Temperatur Differenz: 0.71
2026-07-10 10:54:37 [MQTT Call: paho2145044059066] INFO  c.s.Seminar1.services.MqttService - Gespeichert - Wago750 Status: 65280.0
2026-07-10 10:54:37 [MQTT Call: paho2145044059066] INFO  c.s.Seminar1.services.MqttService - Gespeichert - Temperatur Differenz: 0.68
2026-07-10 10:54:37 [MQTT Call: paho2145044059066] INFO  c.s.Seminar1.services.MqttService - Gespeichert - Temperatur Ist: 28.17
2026-07-10 10:54:38 [MQTT Call: paho2145044059066] INFO  c.s.Seminar1.services.MqttService - Gespeichert - Wago750 Status: 255.0
2026-07-10 10:54:39 [MQTT Call: paho2145044059066] INFO  c.s.Seminar1.services.MqttService - Gespeichert - Wago750 Status: 65280.0
2026-07-10 10:54:40 [MQTT Call: paho2145044059066] INFO  c.s.Seminar1.services.MqttService - Gespeichert - Wago750 Status: 255.0
2026-07-10 10:54:41 [MQTT Call: paho2145044059066] INFO  c.s.Seminar1.services.MqttService - Gespeichert - Wago750 Status: 65280.0
2026-07-10 10:54:42 [MQTT Call: paho2145044059066] INFO  c.s.Seminar1.services.MqttService - Gespeichert - Wago750 Status: 255.0
2026-07-10 10:54:43 [MQTT Call: paho2145044059066] INFO  c.s.Seminar1.services.MqttService - Gespeichert - Wago750 Status: 65280.0
2026-07-10 10:54:44 [MQTT Call: paho2145044059066] INFO  c.s.Seminar1.services.MqttService - Gespeichert - Wago750 Status: 255.0
2026-07-10 10:54:45 [MQTT Call: paho2145044059066] INFO  c.s.Seminar1.services.MqttService - Gespeichert - Wago750 Status: 65280.0
2026-07-10 10:54:46 [MQTT Call: paho2145044059066] INFO  c.s.Seminar1.services.MqttService - Gespeichert - Wago750 Status: 255.0
2026-07-10 10:54:47 [MQTT Call: paho2145044059066] INFO  c.s.Seminar1.services.MqttService - Gespeichert - Wago750 Status: 65280.0
2026-07-10 10:54:48 [MQTT Call: paho2145044059066] INFO  c.s.Seminar1.services.MqttService - Gespeichert - Wago750 Status: 255.0
2026-07-10 10:54:49 [MQTT Call: paho2145044059066] INFO  c.s.Seminar1.services.MqttService - Gespeichert - Wago750 Status: 65280.0
2026-07-10 10:54:50 [MQTT Call: paho2145044059066] INFO  c.s.Seminar1.services.MqttService - Gespeichert - Wago750 Status: 255.0
2026-07-10 10:54:51 [MQTT Call: paho2145044059066] INFO  c.s.Seminar1.services.MqttService - Gespeichert - Wago750 Status: 65280.0
2026-07-10 10:54:51 [MQTT Call: paho2145044059066] INFO  c.s.Seminar1.services.MqttService - Gespeichert - Temperatur Differenz: 0.66
2026-07-10 10:54:51 [MQTT Call: paho2145044059066] INFO  c.s.Seminar1.services.MqttService - Gespeichert - Temperatur Ist: 28.15
2026-07-10 10:54:52 [MQTT Call: paho2145044059066] INFO  c.s.Seminar1.services.MqttService - Gespeichert - Wago750 Status: 255.0
2026-07-10 10:54:53 [MQTT Call: paho2145044059066] INFO  c.s.Seminar1.services.MqttService - Gespeichert - Wago750 Status: 65280.0
2026-07-10 10:54:54 [MQTT Call: paho2145044059066] INFO  c.s.Seminar1.services.MqttService - Gespeichert - Wago750 Status: 255.0
2026-07-10 10:54:55 [MQTT Call: paho2145044059066] INFO  c.s.Seminar1.services.MqttService - Gespeichert - Wago750 Status: 65280.0
2026-07-10 10:54:56 [MQTT Call: paho2145044059066] INFO  c.s.Seminar1.services.MqttService - Gespeichert - Wago750 Status: 255.0
2026-07-10 10:54:57 [MQTT Call: paho2145044059066] INFO  c.s.Seminar1.services.MqttService - Gespeichert - Wago750 Status: 65280.0
2026-07-10 10:54:58 [MQTT Call: paho2145044059066] INFO  c.s.Seminar1.services.MqttService - Gespeichert - Wago750 Status: 255.0
2026-07-10 10:54:59 [MQTT Call: paho2145044059066] INFO  c.s.Seminar1.services.MqttService - Gespeichert - Wago750 Status: 65280.0
2026-07-10 10:55:00 [MQTT Call: paho2145044059066] INFO  c.s.Seminar1.services.MqttService - Gespeichert - Wago750 Status: 255.0
2026-07-10 10:55:01 [MQTT Call: paho2145044059066] INFO  c.s.Seminar1.services.MqttService - Gespeichert - Wago750 Status: 65280.0
2026-07-10 10:55:02 [MQTT Call: paho2145044059066] INFO  c.s.Seminar1.services.MqttService - Gespeichert - Wago750 Status: 255.0
2026-07-10 10:55:03 [MQTT Call: paho2145044059066] INFO  c.s.Seminar1.services.MqttService - Gespeichert - Wago750 Status: 65280.0
2026-07-10 10:55:04 [MQTT Call: paho2145044059066] INFO  c.s.Seminar1.services.MqttService - Gespeichert - Wago750 Status: 255.0
2026-07-10 10:55:05 [MQTT Call: paho2145044059066] INFO  c.s.Seminar1.services.MqttService - Gespeichert - Temperatur Differenz: 0.65
2026-07-10 10:55:05 [MQTT Call: paho2145044059066] INFO  c.s.Seminar1.services.MqttService - Gespeichert - Temperatur Ist: 28.14
2026-07-10 10:55:06 [MQTT Call: paho2145044059066] INFO  c.s.Seminar1.services.MqttService - Gespeichert - Wago750 Status: 65280.0
2026-07-10 10:55:07 [MQTT Call: paho2145044059066] INFO  c.s.Seminar1.services.MqttService - Gespeichert - Wago750 Status: 255.0
2026-07-10 10:55:08 [MQTT Call: paho2145044059066] INFO  c.s.Seminar1.services.MqttService - Gespeichert - Wago750 Status: 65280.0
2026-07-10 10:55:09 [MQTT Call: paho2145044059066] INFO  c.s.Seminar1.services.MqttService - Gespeichert - Wago750 Status: 255.0
2026-07-10 10:55:10 [MQTT Call: paho2145044059066] INFO  c.s.Seminar1.services.MqttService - Gespeichert - Wago750 Status: 65280.0
2026-07-10 10:55:11 [MQTT Call: paho2145044059066] INFO  c.s.Seminar1.services.MqttService - Gespeichert - Wago750 Status: 255.0
2026-07-10 10:55:12 [MQTT Call: paho2145044059066] INFO  c.s.Seminar1.services.MqttService - Gespeichert - Wago750 Status: 65280.0
2026-07-10 10:55:13 [MQTT Call: paho2145044059066] INFO  c.s.Seminar1.services.MqttService - Gespeichert - Wago750 Status: 255.0
2026-07-10 10:55:14 [MQTT Call: paho2145044059066] INFO  c.s.Seminar1.services.MqttService - Gespeichert - Wago750 Status: 65280.0
2026-07-10 10:55:15 [MQTT Call: paho2145044059066] INFO  c.s.Seminar1.services.MqttService - Gespeichert - Wago750 Status: 255.0
2026-07-10 10:55:16 [MQTT Call: paho2145044059066] INFO  c.s.Seminar1.services.MqttService - Gespeichert - Wago750 Status: 65280.0
2026-07-10 10:55:16 [MQTT Call: paho2145044059066] INFO  c.s.Seminar1.services.MqttService - Gespeichert - Temperatur Soll: 27.52
2026-07-10 10:55:16 [MQTT Call: paho2145044059066] INFO  c.s.Seminar1.services.MqttService - Gespeichert - Temperatur Differenz: 0.62
2026-07-10 10:55:17 [MQTT Call: paho2145044059066] INFO  c.s.Seminar1.services.MqttService - Gespeichert - Wago750 Status: 255.0
2026-07-10 10:55:17 [MQTT Call: paho2145044059066] INFO  c.s.Seminar1.services.MqttService - Gespeichert - Temperatur Soll: 27.49
2026-07-10 10:55:17 [MQTT Call: paho2145044059066] INFO  c.s.Seminar1.services.MqttService - Gespeichert - Temperatur Differenz: 0.65
2026-07-10 10:55:18 [MQTT Call: paho2145044059066] INFO  c.s.Seminar1.services.MqttService - Gespeichert - Wago750 Status: 65280.0
2026-07-10 10:55:19 [MQTT Call: paho2145044059066] INFO  c.s.Seminar1.services.MqttService - Gespeichert - Wago750 Status: 255.0
2026-07-10 10:55:20 [MQTT Call: paho2145044059066] INFO  c.s.Seminar1.services.MqttService - Gespeichert - Wago750 Status: 65280.0
2026-07-10 10:55:20 [MQTT Call: paho2145044059066] INFO  c.s.Seminar1.services.MqttService - Gespeichert - Temperatur Differenz: 0.62
2026-07-10 10:55:21 [MQTT Call: paho2145044059066] INFO  c.s.Seminar1.services.MqttService - Gespeichert - Wago750 Status: 255.0
2026-07-10 10:55:21 [MQTT Call: paho2145044059066] INFO  c.s.Seminar1.services.MqttService - Gespeichert - Temperatur Ist: 28.11
2026-07-10 10:55:22 [MQTT Call: paho2145044059066] INFO  c.s.Seminar1.services.MqttService - Gespeichert - Wago750 Status: 65280.0
2026-07-10 10:55:22 [MQTT Call: paho2145044059066] INFO  c.s.Seminar1.services.MqttService - Gespeichert - Temperatur Differenz: 0.65
2026-07-10 10:55:22 [MQTT Call: paho2145044059066] INFO  c.s.Seminar1.services.MqttService - Gespeichert - Temperatur Ist: 28.14
2026-07-10 10:55:23 [MQTT Call: paho2145044059066] INFO  c.s.Seminar1.services.MqttService - Gespeichert - Wago750 Status: 255.0
2026-07-10 10:55:23 [MQTT Call: paho2145044059066] INFO  c.s.Seminar1.services.MqttService - Gespeichert - Temperatur Differenz: 0.62
2026-07-10 10:55:23 [MQTT Call: paho2145044059066] INFO  c.s.Seminar1.services.MqttService - Gespeichert - Temperatur Ist: 28.11
2026-07-10 10:55:24 [MQTT Call: paho2145044059066] INFO  c.s.Seminar1.services.MqttService - Gespeichert - Wago750 Status: 65280.0
2026-07-10 10:55:25 [MQTT Call: paho2145044059066] INFO  c.s.Seminar1.services.MqttService - Gespeichert - Wago750 Status: 255.0
2026-07-10 10:55:25 [MQTT Call: paho2145044059066] INFO  c.s.Seminar1.services.MqttService - Gespeichert - Temperatur Soll: 27.52
2026-07-10 10:55:25 [MQTT Call: paho2145044059066] INFO  c.s.Seminar1.services.MqttService - Gespeichert - Temperatur Differenz: 0.59
2026-07-10 10:55:26 [MQTT Call: paho2145044059066] INFO  c.s.Seminar1.services.MqttService - Gespeichert - Wago750 Status: 65280.0
2026-07-10 10:55:27 [MQTT Call: paho2145044059066] INFO  c.s.Seminar1.services.MqttService - Gespeichert - Wago750 Status: 255.0
2026-07-10 10:55:28 [MQTT Call: paho2145044059066] INFO  c.s.Seminar1.services.MqttService - Gespeichert - Wago750 Status: 65280.0
2026-07-10 10:55:29 [MQTT Call: paho2145044059066] INFO  c.s.Seminar1.services.MqttService - Gespeichert - Wago750 Status: 255.0
2026-07-10 10:55:30 [MQTT Call: paho2145044059066] INFO  c.s.Seminar1.services.MqttService - Gespeichert - Wago750 Status: 65280.0
2026-07-10 10:55:31 [MQTT Call: paho2145044059066] INFO  c.s.Seminar1.services.MqttService - Gespeichert - Wago750 Status: 255.0
2026-07-10 10:55:32 [MQTT Call: paho2145044059066] INFO  c.s.Seminar1.services.MqttService - Gespeichert - Wago750 Status: 65280.0
2026-07-10 10:55:33 [MQTT Call: paho2145044059066] INFO  c.s.Seminar1.services.MqttService - Gespeichert - Wago750 Status: 255.0
2026-07-10 10:55:34 [MQTT Call: paho2145044059066] INFO  c.s.Seminar1.services.MqttService - Gespeichert - Wago750 Status: 65280.0
2026-07-10 10:55:35 [MQTT Call: paho2145044059066] INFO  c.s.Seminar1.services.MqttService - Gespeichert - Wago750 Status: 255.0
2026-07-10 10:55:36 [MQTT Call: paho2145044059066] INFO  c.s.Seminar1.services.MqttService - Gespeichert - Wago750 Status: 65280.0
2026-07-10 10:55:37 [MQTT Call: paho2145044059066] INFO  c.s.Seminar1.services.MqttService - Gespeichert - Wago750 Status: 255.0
2026-07-10 10:55:38 [MQTT Call: paho2145044059066] INFO  c.s.Seminar1.services.MqttService - Gespeichert - Wago750 Status: 65280.0
2026-07-10 10:55:39 [MQTT Call: paho2145044059066] INFO  c.s.Seminar1.services.MqttService - Gespeichert - Wago750 Status: 255.0
2026-07-10 10:55:40 [MQTT Call: paho2145044059066] INFO  c.s.Seminar1.services.MqttService - Gespeichert - Wago750 Status: 65280.0
2026-07-10 10:55:40 [MQTT Call: paho2145044059066] INFO  c.s.Seminar1.services.MqttService - Gespeichert - Temperatur Differenz: 0.58
2026-07-10 10:55:40 [MQTT Call: paho2145044059066] INFO  c.s.Seminar1.services.MqttService - Gespeichert - Temperatur Ist: 28.1
2026-07-10 10:55:41 [MQTT Call: paho2145044059066] INFO  c.s.Seminar1.services.MqttService - Gespeichert - Wago750 Status: 255.0
2026-07-10 10:55:42 [MQTT Call: paho2145044059066] INFO  c.s.Seminar1.services.MqttService - Gespeichert - Wago750 Status: 65280.0
2026-07-10 10:55:43 [MQTT Call: paho2145044059066] INFO  c.s.Seminar1.services.MqttService - Gespeichert - Wago750 Status: 255.0
2026-07-10 10:55:44 [MQTT Call: paho2145044059066] INFO  c.s.Seminar1.services.MqttService - Gespeichert - Wago750 Status: 65280.0
2026-07-10 10:55:45 [MQTT Call: paho2145044059066] INFO  c.s.Seminar1.services.MqttService - Gespeichert - Wago750 Status: 255.0
2026-07-10 10:55:46 [MQTT Call: paho2145044059066] INFO  c.s.Seminar1.services.MqttService - Gespeichert - Wago750 Status: 65280.0
2026-07-10 10:55:47 [MQTT Call: paho2145044059066] INFO  c.s.Seminar1.services.MqttService - Gespeichert - Wago750 Status: 255.0
2026-07-10 10:55:48 [MQTT Call: paho2145044059066] INFO  c.s.Seminar1.services.MqttService - Gespeichert - Wago750 Status: 65280.0
2026-07-10 10:55:49 [MQTT Call: paho2145044059066] INFO  c.s.Seminar1.services.MqttService - Gespeichert - Wago750 Status: 255.0
2026-07-10 10:55:50 [MQTT Call: paho2145044059066] INFO  c.s.Seminar1.services.MqttService - Gespeichert - Wago750 Status: 65280.0
2026-07-10 10:55:51 [MQTT Call: paho2145044059066] INFO  c.s.Seminar1.services.MqttService - Gespeichert - Wago750 Status: 255.0
2026-07-10 10:55:52 [MQTT Call: paho2145044059066] INFO  c.s.Seminar1.services.MqttService - Gespeichert - Wago750 Status: 65280.0
2026-07-10 10:55:53 [MQTT Call: paho2145044059066] INFO  c.s.Seminar1.services.MqttService - Gespeichert - Wago750 Status: 255.0
2026-07-10 10:55:54 [MQTT Call: paho2145044059066] INFO  c.s.Seminar1.services.MqttService - Gespeichert - Wago750 Status: 65280.0
2026-07-10 10:55:55 [MQTT Call: paho2145044059066] INFO  c.s.Seminar1.services.MqttService - Gespeichert - Wago750 Status: 255.0
2026-07-10 10:55:56 [MQTT Call: paho2145044059066] INFO  c.s.Seminar1.services.MqttService - Gespeichert - Wago750 Status: 65280.0
2026-07-10 10:55:57 [MQTT Call: paho2145044059066] INFO  c.s.Seminar1.services.MqttService - Gespeichert - Wago750 Status: 255.0
2026-07-10 10:55:58 [MQTT Call: paho2145044059066] INFO  c.s.Seminar1.services.MqttService - Gespeichert - Wago750 Status: 65280.0
2026-07-10 10:55:59 [MQTT Call: paho2145044059066] INFO  c.s.Seminar1.services.MqttService - Gespeichert - Wago750 Status: 255.0
2026-07-10 10:56:00 [MQTT Call: paho2145044059066] INFO  c.s.Seminar1.services.MqttService - Gespeichert - Wago750 Status: 65280.0
2026-07-10 10:56:01 [MQTT Call: paho2145044059066] INFO  c.s.Seminar1.services.MqttService - Gespeichert - Temperatur Differenz: 0.56
2026-07-10 10:56:01 [MQTT Call: paho2145044059066] INFO  c.s.Seminar1.services.MqttService - Gespeichert - Temperatur Ist: 28.08
2026-07-10 10:56:03 [MQTT Call: paho2145044059066] INFO  c.s.Seminar1.services.MqttService - Gespeichert - Wago750 Status: 255.0
2026-07-10 10:56:04 [MQTT Call: paho2145044059066] INFO  c.s.Seminar1.services.MqttService - Gespeichert - Wago750 Status: 65280.0
2026-07-10 10:56:05 [MQTT Call: paho2145044059066] INFO  c.s.Seminar1.services.MqttService - Gespeichert - Wago750 Status: 255.0
2026-07-10 10:56:06 [MQTT Call: paho2145044059066] INFO  c.s.Seminar1.services.MqttService - Gespeichert - Wago750 Status: 65280.0
2026-07-10 10:56:07 [MQTT Call: paho2145044059066] INFO  c.s.Seminar1.services.MqttService - Gespeichert - Wago750 Status: 255.0
2026-07-10 10:56:07 [MQTT Call: paho2145044059066] INFO  c.s.Seminar1.services.MqttService - Gespeichert - Temperatur Differenz: 0.53
2026-07-10 10:56:07 [MQTT Call: paho2145044059066] INFO  c.s.Seminar1.services.MqttService - Gespeichert - Temperatur Ist: 28.05
2026-07-10 10:56:08 [MQTT Call: paho2145044059066] INFO  c.s.Seminar1.services.MqttService - Gespeichert - Wago750 Status: 65280.0
2026-07-10 10:56:09 [MQTT Call: paho2145044059066] INFO  c.s.Seminar1.services.MqttService - Gespeichert - Wago750 Status: 255.0
2026-07-10 10:56:10 [MQTT Call: paho2145044059066] INFO  c.s.Seminar1.services.MqttService - Gespeichert - Wago750 Status: 65280.0
2026-07-10 10:56:11 [MQTT Call: paho2145044059066] INFO  c.s.Seminar1.services.MqttService - Gespeichert - Wago750 Status: 255.0
2026-07-10 10:56:12 [MQTT Call: paho2145044059066] INFO  c.s.Seminar1.services.MqttService - Gespeichert - Wago750 Status: 65280.0
2026-07-10 10:56:13 [MQTT Call: paho2145044059066] INFO  c.s.Seminar1.services.MqttService - Gespeichert - Wago750 Status: 255.0
2026-07-10 10:56:14 [MQTT Call: paho2145044059066] INFO  c.s.Seminar1.services.MqttService - Gespeichert - Wago750 Status: 65280.0
2026-07-10 10:56:15 [MQTT Call: paho2145044059066] INFO  c.s.Seminar1.services.MqttService - Gespeichert - Wago750 Status: 255.0
2026-07-10 10:56:15 [MQTT Call: paho2145044059066] INFO  c.s.Seminar1.services.MqttService - Gespeichert - Temperatur Differenz: 0.52
2026-07-10 10:56:15 [MQTT Call: paho2145044059066] INFO  c.s.Seminar1.services.MqttService - Gespeichert - Temperatur Ist: 28.04
2026-07-10 10:56:16 [MQTT Call: paho2145044059066] INFO  c.s.Seminar1.services.MqttService - Gespeichert - Wago750 Status: 65280.0
2026-07-10 10:56:16 [MQTT Call: paho2145044059066] INFO  c.s.Seminar1.services.MqttService - Gespeichert - Temperatur Differenz: 0.53
2026-07-10 10:56:16 [MQTT Call: paho2145044059066] INFO  c.s.Seminar1.services.MqttService - Gespeichert - Temperatur Ist: 28.05
2026-07-10 10:56:17 [MQTT Call: paho2145044059066] INFO  c.s.Seminar1.services.MqttService - Gespeichert - Wago750 Status: 255.0
2026-07-10 10:56:17 [MQTT Call: paho2145044059066] INFO  c.s.Seminar1.services.MqttService - Gespeichert - Temperatur Differenz: 0.52
2026-07-10 10:56:17 [MQTT Call: paho2145044059066] INFO  c.s.Seminar1.services.MqttService - Gespeichert - Temperatur Ist: 28.04
2026-07-10 10:56:18 [MQTT Call: paho2145044059066] INFO  c.s.Seminar1.services.MqttService - Gespeichert - Wago750 Status: 65280.0
2026-07-10 10:56:19 [MQTT Call: paho2145044059066] INFO  c.s.Seminar1.services.MqttService - Gespeichert - Wago750 Status: 255.0
2026-07-10 10:56:20 [MQTT Call: paho2145044059066] INFO  c.s.Seminar1.services.MqttService - Gespeichert - Wago750 Status: 65280.0
2026-07-10 10:56:21 [MQTT Call: paho2145044059066] INFO  c.s.Seminar1.services.MqttService - Gespeichert - Wago750 Status: 255.0
2026-07-10 10:56:22 [MQTT Call: paho2145044059066] INFO  c.s.Seminar1.services.MqttService - Gespeichert - Wago750 Status: 65280.0
2026-07-10 10:56:23 [MQTT Call: paho2145044059066] INFO  c.s.Seminar1.services.MqttService - Gespeichert - Wago750 Status: 255.0
2026-07-10 10:56:24 [MQTT Call: paho2145044059066] INFO  c.s.Seminar1.services.MqttService - Gespeichert - Wago750 Status: 65280.0
2026-07-10 10:56:25 [MQTT Call: paho2145044059066] INFO  c.s.Seminar1.services.MqttService - Gespeichert - Wago750 Status: 255.0
2026-07-10 10:56:26 [MQTT Call: paho2145044059066] INFO  c.s.Seminar1.services.MqttService - Gespeichert - Wago750 Status: 65280.0
2026-07-10 10:56:27 [MQTT Call: paho2145044059066] INFO  c.s.Seminar1.services.MqttService - Gespeichert - Wago750 Status: 255.0
2026-07-10 10:56:28 [MQTT Call: paho2145044059066] INFO  c.s.Seminar1.services.MqttService - Gespeichert - Wago750 Status: 65280.0
2026-07-10 10:56:29 [MQTT Call: paho2145044059066] INFO  c.s.Seminar1.services.MqttService - Gespeichert - Wago750 Status: 255.0
2026-07-10 10:56:30 [MQTT Call: paho2145044059066] INFO  c.s.Seminar1.services.MqttService - Gespeichert - Wago750 Status: 65280.0
2026-07-10 10:56:31 [MQTT Call: paho2145044059066] INFO  c.s.Seminar1.services.MqttService - Gespeichert - Wago750 Status: 255.0
2026-07-10 10:56:32 [MQTT Call: paho2145044059066] INFO  c.s.Seminar1.services.MqttService - Gespeichert - Wago750 Status: 65280.0
2026-07-10 10:56:33 [MQTT Call: paho2145044059066] INFO  c.s.Seminar1.services.MqttService - Gespeichert - Wago750 Status: 255.0
2026-07-10 10:56:34 [MQTT Call: paho2145044059066] INFO  c.s.Seminar1.services.MqttService - Gespeichert - Wago750 Status: 65280.0
2026-07-10 10:56:34 [MQTT Call: paho2145044059066] INFO  c.s.Seminar1.services.MqttService - Gespeichert - Temperatur Differenz: 0.49
2026-07-10 10:56:34 [MQTT Call: paho2145044059066] INFO  c.s.Seminar1.services.MqttService - Gespeichert - Temperatur Ist: 28.01
2026-07-10 10:56:35 [MQTT Call: paho2145044059066] INFO  c.s.Seminar1.services.MqttService - Gespeichert - Wago750 Status: 255.0
2026-07-10 10:56:36 [MQTT Call: paho2145044059066] INFO  c.s.Seminar1.services.MqttService - Gespeichert - Wago750 Status: 65280.0
2026-07-10 10:56:37 [MQTT Call: paho2145044059066] INFO  c.s.Seminar1.services.MqttService - Gespeichert - Wago750 Status: 255.0
2026-07-10 10:56:37 [MQTT Call: paho2145044059066] INFO  c.s.Seminar1.services.MqttService - Gespeichert - Temperatur Soll: 27.53
2026-07-10 10:56:37 [MQTT Call: paho2145044059066] INFO  c.s.Seminar1.services.MqttService - Gespeichert - Temperatur Differenz: 0.48
2026-07-10 10:56:38 [MQTT Call: paho2145044059066] INFO  c.s.Seminar1.services.MqttService - Gespeichert - Wago750 Status: 65280.0
2026-07-10 10:56:38 [MQTT Call: paho2145044059066] INFO  c.s.Seminar1.services.MqttService - Gespeichert - Temperatur Soll: 27.52
2026-07-10 10:56:38 [MQTT Call: paho2145044059066] INFO  c.s.Seminar1.services.MqttService - Gespeichert - Temperatur Differenz: 0.49
2026-07-10 10:56:39 [MQTT Call: paho2145044059066] INFO  c.s.Seminar1.services.MqttService - Gespeichert - Wago750 Status: 255.0
2026-07-10 10:56:40 [MQTT Call: paho2145044059066] INFO  c.s.Seminar1.services.MqttService - Gespeichert - Wago750 Status: 65280.0
2026-07-10 10:56:40 [MQTT Call: paho2145044059066] INFO  c.s.Seminar1.services.MqttService - Gespeichert - Temperatur Soll: 27.53
2026-07-10 10:56:40 [MQTT Call: paho2145044059066] INFO  c.s.Seminar1.services.MqttService - Gespeichert - Temperatur Differenz: 0.48
2026-07-10 10:56:41 [MQTT Call: paho2145044059066] INFO  c.s.Seminar1.services.MqttService - Gespeichert - Wago750 Status: 255.0
2026-07-10 10:56:42 [MQTT Call: paho2145044059066] INFO  c.s.Seminar1.services.MqttService - Gespeichert - Wago750 Status: 65280.0
2026-07-10 10:56:43 [MQTT Call: paho2145044059066] INFO  c.s.Seminar1.services.MqttService - Gespeichert - Wago750 Status: 255.0
2026-07-10 10:56:44 [MQTT Call: paho2145044059066] INFO  c.s.Seminar1.services.MqttService - Gespeichert - Wago750 Status: 65280.0
2026-07-10 10:56:45 [MQTT Call: paho2145044059066] INFO  c.s.Seminar1.services.MqttService - Gespeichert - Wago750 Status: 255.0
2026-07-10 10:56:45 [MQTT Call: paho2145044059066] INFO  c.s.Seminar1.services.MqttService - Gespeichert - Temperatur Differenz: 0.47
2026-07-10 10:56:45 [MQTT Call: paho2145044059066] INFO  c.s.Seminar1.services.MqttService - Gespeichert - Temperatur Ist: 28.0
2026-07-10 10:56:46 [MQTT Call: paho2145044059066] INFO  c.s.Seminar1.services.MqttService - Gespeichert - Wago750 Status: 65280.0
2026-07-10 10:56:47 [MQTT Call: paho2145044059066] INFO  c.s.Seminar1.services.MqttService - Gespeichert - Wago750 Status: 255.0
2026-07-10 10:56:48 [MQTT Call: paho2145044059066] INFO  c.s.Seminar1.services.MqttService - Gespeichert - Wago750 Status: 65280.0
2026-07-10 10:56:49 [MQTT Call: paho2145044059066] INFO  c.s.Seminar1.services.MqttService - Gespeichert - Wago750 Status: 255.0
2026-07-10 10:56:50 [MQTT Call: paho2145044059066] INFO  c.s.Seminar1.services.MqttService - Gespeichert - Wago750 Status: 65280.0
2026-07-10 10:56:51 [MQTT Call: paho2145044059066] INFO  c.s.Seminar1.services.MqttService - Gespeichert - Wago750 Status: 255.0
2026-07-10 10:56:52 [MQTT Call: paho2145044059066] INFO  c.s.Seminar1.services.MqttService - Gespeichert - Wago750 Status: 65280.0
2026-07-10 10:56:53 [MQTT Call: paho2145044059066] INFO  c.s.Seminar1.services.MqttService - Gespeichert - Wago750 Status: 255.0
2026-07-10 10:56:54 [MQTT Call: paho2145044059066] INFO  c.s.Seminar1.services.MqttService - Gespeichert - Wago750 Status: 65280.0
2026-07-10 10:56:55 [MQTT Call: paho2145044059066] INFO  c.s.Seminar1.services.MqttService - Gespeichert - Wago750 Status: 255.0
2026-07-10 10:56:55 [MQTT Call: paho2145044059066] INFO  c.s.Seminar1.services.MqttService - Gespeichert - Temperatur Differenz: 0.45
2026-07-10 10:56:55 [MQTT Call: paho2145044059066] INFO  c.s.Seminar1.services.MqttService - Gespeichert - Temperatur Ist: 27.98
2026-07-10 10:56:56 [MQTT Call: paho2145044059066] INFO  c.s.Seminar1.services.MqttService - Gespeichert - Wago750 Status: 65280.0
2026-07-10 10:56:57 [MQTT Call: paho2145044059066] INFO  c.s.Seminar1.services.MqttService - Gespeichert - Wago750 Status: 255.0
2026-07-10 10:56:58 [MQTT Call: paho2145044059066] INFO  c.s.Seminar1.services.MqttService - Gespeichert - Wago750 Status: 65280.0
2026-07-10 10:56:59 [MQTT Call: paho2145044059066] INFO  c.s.Seminar1.services.MqttService - Gespeichert - Wago750 Status: 255.0
2026-07-10 10:57:00 [MQTT Call: paho2145044059066] INFO  c.s.Seminar1.services.MqttService - Gespeichert - Wago750 Status: 65280.0
2026-07-10 10:57:01 [MQTT Call: paho2145044059066] INFO  c.s.Seminar1.services.MqttService - Gespeichert - Wago750 Status: 255.0
2026-07-10 10:57:03 [MQTT Call: paho2145044059066] INFO  c.s.Seminar1.services.MqttService - Gespeichert - Temperatur Soll: 27.55
2026-07-10 10:57:03 [MQTT Call: paho2145044059066] INFO  c.s.Seminar1.services.MqttService - Gespeichert - Temperatur Differenz: 0.43
2026-07-10 10:57:04 [MQTT Call: paho2145044059066] INFO  c.s.Seminar1.services.MqttService - Gespeichert - Wago750 Status: 65280.0
2026-07-10 10:57:05 [MQTT Call: paho2145044059066] INFO  c.s.Seminar1.services.MqttService - Gespeichert - Wago750 Status: 255.0
2026-07-10 10:57:06 [MQTT Call: paho2145044059066] INFO  c.s.Seminar1.services.MqttService - Gespeichert - Wago750 Status: 65280.0
2026-07-10 10:57:07 [MQTT Call: paho2145044059066] INFO  c.s.Seminar1.services.MqttService - Gespeichert - Wago750 Status: 255.0
2026-07-10 10:57:08 [MQTT Call: paho2145044059066] INFO  c.s.Seminar1.services.MqttService - Gespeichert - Wago750 Status: 65280.0
2026-07-10 10:57:08 [MQTT Call: paho2145044059066] INFO  c.s.Seminar1.services.MqttService - Gespeichert - Temperatur Differenz: 0.4
2026-07-10 10:57:08 [MQTT Call: paho2145044059066] INFO  c.s.Seminar1.services.MqttService - Gespeichert - Temperatur Ist: 27.95
2026-07-10 10:57:09 [MQTT Call: paho2145044059066] INFO  c.s.Seminar1.services.MqttService - Gespeichert - Wago750 Status: 255.0
2026-07-10 10:57:10 [MQTT Call: paho2145044059066] INFO  c.s.Seminar1.services.MqttService - Gespeichert - Wago750 Status: 65280.0
2026-07-10 10:57:11 [MQTT Call: paho2145044059066] INFO  c.s.Seminar1.services.MqttService - Gespeichert - Wago750 Status: 255.0
2026-07-10 10:57:12 [MQTT Call: paho2145044059066] INFO  c.s.Seminar1.services.MqttService - Gespeichert - Wago750 Status: 65280.0
2026-07-10 10:57:13 [MQTT Call: paho2145044059066] INFO  c.s.Seminar1.services.MqttService - Gespeichert - Wago750 Status: 255.0
2026-07-10 10:57:14 [MQTT Call: paho2145044059066] INFO  c.s.Seminar1.services.MqttService - Gespeichert - Wago750 Status: 65280.0
2026-07-10 10:57:15 [MQTT Call: paho2145044059066] INFO  c.s.Seminar1.services.MqttService - Gespeichert - Wago750 Status: 255.0
2026-07-10 10:57:16 [MQTT Call: paho2145044059066] INFO  c.s.Seminar1.services.MqttService - Gespeichert - Wago750 Status: 65280.0
2026-07-10 10:57:17 [MQTT Call: paho2145044059066] INFO  c.s.Seminar1.services.MqttService - Gespeichert - Wago750 Status: 255.0
2026-07-10 10:57:18 [MQTT Call: paho2145044059066] INFO  c.s.Seminar1.services.MqttService - Gespeichert - Wago750 Status: 65280.0
2026-07-10 10:57:19 [MQTT Call: paho2145044059066] INFO  c.s.Seminar1.services.MqttService - Gespeichert - Wago750 Status: 255.0
2026-07-10 10:57:20 [MQTT Call: paho2145044059066] INFO  c.s.Seminar1.services.MqttService - Gespeichert - Wago750 Status: 65280.0
2026-07-10 10:57:21 [MQTT Call: paho2145044059066] INFO  c.s.Seminar1.services.MqttService - Gespeichert - Wago750 Status: 255.0
2026-07-10 10:57:22 [MQTT Call: paho2145044059066] INFO  c.s.Seminar1.services.MqttService - Gespeichert - Wago750 Status: 65280.0
2026-07-10 10:57:23 [MQTT Call: paho2145044059066] INFO  c.s.Seminar1.services.MqttService - Gespeichert - Wago750 Status: 255.0
2026-07-10 10:57:24 [MQTT Call: paho2145044059066] INFO  c.s.Seminar1.services.MqttService - Gespeichert - Wago750 Status: 65280.0
2026-07-10 10:57:25 [MQTT Call: paho2145044059066] INFO  c.s.Seminar1.services.MqttService - Gespeichert - Wago750 Status: 255.0
2026-07-10 10:57:26 [MQTT Call: paho2145044059066] INFO  c.s.Seminar1.services.MqttService - Gespeichert - Wago750 Status: 65280.0
2026-07-10 10:57:27 [MQTT Call: paho2145044059066] INFO  c.s.Seminar1.services.MqttService - Gespeichert - Wago750 Status: 255.0
2026-07-10 10:57:28 [MQTT Call: paho2145044059066] INFO  c.s.Seminar1.services.MqttService - Gespeichert - Wago750 Status: 65280.0
2026-07-10 10:57:29 [MQTT Call: paho2145044059066] INFO  c.s.Seminar1.services.MqttService - Gespeichert - Wago750 Status: 255.0
2026-07-10 10:57:30 [MQTT Call: paho2145044059066] INFO  c.s.Seminar1.services.MqttService - Gespeichert - Wago750 Status: 65280.0
2026-07-10 10:57:31 [MQTT Call: paho2145044059066] INFO  c.s.Seminar1.services.MqttService - Gespeichert - Wago750 Status: 255.0
2026-07-10 10:57:32 [MQTT Call: paho2145044059066] INFO  c.s.Seminar1.services.MqttService - Gespeichert - Wago750 Status: 65280.0
2026-07-10 10:57:32 [MQTT Call: paho2145044059066] INFO  c.s.Seminar1.services.MqttService - Gespeichert - Temperatur Differenz: 0.39
2026-07-10 10:57:32 [MQTT Call: paho2145044059066] INFO  c.s.Seminar1.services.MqttService - Gespeichert - Temperatur Ist: 27.94
2026-07-10 10:57:33 [MQTT Call: paho2145044059066] INFO  c.s.Seminar1.services.MqttService - Gespeichert - Wago750 Status: 255.0
2026-07-10 10:57:34 [MQTT Call: paho2145044059066] INFO  c.s.Seminar1.services.MqttService - Gespeichert - Wago750 Status: 65280.0
2026-07-10 10:57:35 [MQTT Call: paho2145044059066] INFO  c.s.Seminar1.services.MqttService - Gespeichert - Wago750 Status: 255.0
2026-07-10 10:57:36 [MQTT Call: paho2145044059066] INFO  c.s.Seminar1.services.MqttService - Gespeichert - Wago750 Status: 65280.0
2026-07-10 10:57:37 [MQTT Call: paho2145044059066] INFO  c.s.Seminar1.services.MqttService - Gespeichert - Wago750 Status: 255.0
2026-07-10 10:57:38 [MQTT Call: paho2145044059066] INFO  c.s.Seminar1.services.MqttService - Gespeichert - Wago750 Status: 65280.0
2026-07-10 10:57:39 [MQTT Call: paho2145044059066] INFO  c.s.Seminar1.services.MqttService - Gespeichert - Wago750 Status: 255.0
2026-07-10 10:57:40 [MQTT Call: paho2145044059066] INFO  c.s.Seminar1.services.MqttService - Gespeichert - Wago750 Status: 65280.0
2026-07-10 10:57:41 [MQTT Call: paho2145044059066] INFO  c.s.Seminar1.services.MqttService - Gespeichert - Wago750 Status: 255.0
2026-07-10 10:57:42 [MQTT Call: paho2145044059066] INFO  c.s.Seminar1.services.MqttService - Gespeichert - Wago750 Status: 65280.0
2026-07-10 10:57:43 [MQTT Call: paho2145044059066] INFO  c.s.Seminar1.services.MqttService - Gespeichert - Wago750 Status: 255.0
2026-07-10 10:57:44 [MQTT Call: paho2145044059066] INFO  c.s.Seminar1.services.MqttService - Gespeichert - Wago750 Status: 65280.0
2026-07-10 10:57:45 [MQTT Call: paho2145044059066] INFO  c.s.Seminar1.services.MqttService - Gespeichert - Wago750 Status: 255.0
2026-07-10 10:57:46 [MQTT Call: paho2145044059066] INFO  c.s.Seminar1.services.MqttService - Gespeichert - Wago750 Status: 65280.0
2026-07-10 10:57:47 [MQTT Call: paho2145044059066] INFO  c.s.Seminar1.services.MqttService - Gespeichert - Wago750 Status: 255.0
2026-07-10 10:57:49 [MQTT Call: paho2145044059066] INFO  c.s.Seminar1.services.MqttService - Gespeichert - Wago750 Status: 65280.0
2026-07-10 10:57:50 [MQTT Call: paho2145044059066] INFO  c.s.Seminar1.services.MqttService - Gespeichert - Wago750 Status: 255.0
2026-07-10 10:57:51 [MQTT Call: paho2145044059066] INFO  c.s.Seminar1.services.MqttService - Gespeichert - Wago750 Status: 65280.0
2026-07-10 10:57:52 [MQTT Call: paho2145044059066] INFO  c.s.Seminar1.services.MqttService - Gespeichert - Wago750 Status: 255.0
2026-07-10 10:57:53 [MQTT Call: paho2145044059066] INFO  c.s.Seminar1.services.MqttService - Gespeichert - Wago750 Status: 65280.0
2026-07-10 10:57:54 [MQTT Call: paho2145044059066] INFO  c.s.Seminar1.services.MqttService - Gespeichert - Wago750 Status: 255.0
2026-07-10 10:57:55 [MQTT Call: paho2145044059066] INFO  c.s.Seminar1.services.MqttService - Gespeichert - Wago750 Status: 65280.0
2026-07-10 10:57:56 [MQTT Call: paho2145044059066] INFO  c.s.Seminar1.services.MqttService - Gespeichert - Wago750 Status: 255.0
2026-07-10 10:57:57 [MQTT Call: paho2145044059066] INFO  c.s.Seminar1.services.MqttService - Gespeichert - Wago750 Status: 65280.0
2026-07-10 10:57:58 [MQTT Call: paho2145044059066] INFO  c.s.Seminar1.services.MqttService - Gespeichert - Wago750 Status: 255.0
2026-07-10 10:57:59 [MQTT Call: paho2145044059066] INFO  c.s.Seminar1.services.MqttService - Gespeichert - Wago750 Status: 65280.0
2026-07-10 10:58:00 [MQTT Call: paho2145044059066] INFO  c.s.Seminar1.services.MqttService - Gespeichert - Wago750 Status: 255.0
2026-07-10 10:58:00 [MQTT Call: paho2145044059066] INFO  c.s.Seminar1.services.MqttService - Gespeichert - Temperatur Differenz: 0.37
2026-07-10 10:58:00 [MQTT Call: paho2145044059066] INFO  c.s.Seminar1.services.MqttService - Gespeichert - Temperatur Ist: 27.92
2026-07-10 10:58:01 [MQTT Call: paho2145044059066] INFO  c.s.Seminar1.services.MqttService - Gespeichert - Wago750 Status: 65280.0
2026-07-10 10:58:02 [MQTT Call: paho2145044059066] INFO  c.s.Seminar1.services.MqttService - Gespeichert - Wago750 Status: 255.0
2026-07-10 10:58:05 [MQTT Call: paho2145044059066] INFO  c.s.Seminar1.services.MqttService - Gespeichert - Wago750 Status: 65280.0
2026-07-10 10:58:06 [MQTT Call: paho2145044059066] INFO  c.s.Seminar1.services.MqttService - Gespeichert - Wago750 Status: 255.0
2026-07-10 10:58:07 [MQTT Call: paho2145044059066] INFO  c.s.Seminar1.services.MqttService - Gespeichert - Wago750 Status: 65280.0
2026-07-10 10:58:08 [MQTT Call: paho2145044059066] INFO  c.s.Seminar1.services.MqttService - Gespeichert - Wago750 Status: 255.0
2026-07-10 10:58:09 [MQTT Call: paho2145044059066] INFO  c.s.Seminar1.services.MqttService - Gespeichert - Wago750 Status: 65280.0
2026-07-10 10:58:10 [MQTT Call: paho2145044059066] INFO  c.s.Seminar1.services.MqttService - Gespeichert - Wago750 Status: 255.0
2026-07-10 10:58:11 [MQTT Call: paho2145044059066] INFO  c.s.Seminar1.services.MqttService - Gespeichert - Wago750 Status: 65280.0
2026-07-10 10:58:12 [MQTT Call: paho2145044059066] INFO  c.s.Seminar1.services.MqttService - Gespeichert - Wago750 Status: 255.0
2026-07-10 10:58:13 [MQTT Call: paho2145044059066] INFO  c.s.Seminar1.services.MqttService - Gespeichert - Wago750 Status: 65280.0
2026-07-10 10:58:14 [MQTT Call: paho2145044059066] INFO  c.s.Seminar1.services.MqttService - Gespeichert - Wago750 Status: 255.0
2026-07-10 10:58:15 [MQTT Call: paho2145044059066] INFO  c.s.Seminar1.services.MqttService - Gespeichert - Wago750 Status: 65280.0
2026-07-10 10:58:16 [MQTT Call: paho2145044059066] INFO  c.s.Seminar1.services.MqttService - Gespeichert - Wago750 Status: 255.0
2026-07-10 10:58:17 [MQTT Call: paho2145044059066] INFO  c.s.Seminar1.services.MqttService - Gespeichert - Wago750 Status: 65280.0
2026-07-10 10:58:18 [MQTT Call: paho2145044059066] INFO  c.s.Seminar1.services.MqttService - Gespeichert - Wago750 Status: 255.0
2026-07-10 10:58:19 [MQTT Call: paho2145044059066] INFO  c.s.Seminar1.services.MqttService - Gespeichert - Wago750 Status: 65280.0
2026-07-10 10:58:20 [MQTT Call: paho2145044059066] INFO  c.s.Seminar1.services.MqttService - Gespeichert - Wago750 Status: 255.0
2026-07-10 10:58:21 [MQTT Call: paho2145044059066] INFO  c.s.Seminar1.services.MqttService - Gespeichert - Wago750 Status: 65280.0
2026-07-10 10:58:22 [MQTT Call: paho2145044059066] INFO  c.s.Seminar1.services.MqttService - Gespeichert - Wago750 Status: 255.0
2026-07-10 10:58:23 [MQTT Call: paho2145044059066] INFO  c.s.Seminar1.services.MqttService - Gespeichert - Wago750 Status: 65280.0
2026-07-10 10:58:24 [MQTT Call: paho2145044059066] INFO  c.s.Seminar1.services.MqttService - Gespeichert - Wago750 Status: 255.0
2026-07-10 10:58:25 [MQTT Call: paho2145044059066] INFO  c.s.Seminar1.services.MqttService - Gespeichert - Wago750 Status: 65280.0
2026-07-10 10:58:26 [MQTT Call: paho2145044059066] INFO  c.s.Seminar1.services.MqttService - Gespeichert - Wago750 Status: 255.0
2026-07-10 10:58:27 [MQTT Call: paho2145044059066] INFO  c.s.Seminar1.services.MqttService - Gespeichert - Wago750 Status: 65280.0
2026-07-10 10:58:28 [MQTT Call: paho2145044059066] INFO  c.s.Seminar1.services.MqttService - Gespeichert - Wago750 Status: 255.0
2026-07-10 10:58:29 [MQTT Call: paho2145044059066] INFO  c.s.Seminar1.services.MqttService - Gespeichert - Wago750 Status: 65280.0
2026-07-10 10:58:29 [MQTT Call: paho2145044059066] INFO  c.s.Seminar1.services.MqttService - Gespeichert - Temperatur Differenz: 0.35
2026-07-10 10:58:29 [MQTT Call: paho2145044059066] INFO  c.s.Seminar1.services.MqttService - Gespeichert - Temperatur Ist: 27.9
2026-07-10 10:58:30 [MQTT Call: paho2145044059066] INFO  c.s.Seminar1.services.MqttService - Gespeichert - Wago750 Status: 255.0
2026-07-10 10:58:31 [MQTT Call: paho2145044059066] INFO  c.s.Seminar1.services.MqttService - Gespeichert - Wago750 Status: 65280.0
2026-07-10 10:58:32 [MQTT Call: paho2145044059066] INFO  c.s.Seminar1.services.MqttService - Gespeichert - Wago750 Status: 255.0
2026-07-10 10:58:33 [MQTT Call: paho2145044059066] INFO  c.s.Seminar1.services.MqttService - Gespeichert - Wago750 Status: 65280.0
2026-07-10 10:58:34 [MQTT Call: paho2145044059066] INFO  c.s.Seminar1.services.MqttService - Gespeichert - Wago750 Status: 255.0
2026-07-10 10:58:35 [MQTT Call: paho2145044059066] INFO  c.s.Seminar1.services.MqttService - Gespeichert - Wago750 Status: 65280.0
2026-07-10 10:58:36 [MQTT Call: paho2145044059066] INFO  c.s.Seminar1.services.MqttService - Gespeichert - Wago750 Status: 255.0
2026-07-10 10:58:37 [MQTT Call: paho2145044059066] INFO  c.s.Seminar1.services.MqttService - Gespeichert - Wago750 Status: 65280.0
2026-07-10 10:58:38 [MQTT Call: paho2145044059066] INFO  c.s.Seminar1.services.MqttService - Gespeichert - Wago750 Status: 255.0
2026-07-10 10:58:39 [MQTT Call: paho2145044059066] INFO  c.s.Seminar1.services.MqttService - Gespeichert - Wago750 Status: 65280.0
2026-07-10 10:58:40 [MQTT Call: paho2145044059066] INFO  c.s.Seminar1.services.MqttService - Gespeichert - Wago750 Status: 255.0
2026-07-10 10:58:41 [MQTT Call: paho2145044059066] INFO  c.s.Seminar1.services.MqttService - Gespeichert - Wago750 Status: 65280.0
2026-07-10 10:58:42 [MQTT Call: paho2145044059066] INFO  c.s.Seminar1.services.MqttService - Gespeichert - Wago750 Status: 255.0
2026-07-10 10:58:43 [MQTT Call: paho2145044059066] INFO  c.s.Seminar1.services.MqttService - Gespeichert - Wago750 Status: 65280.0
2026-07-10 10:58:44 [MQTT Call: paho2145044059066] INFO  c.s.Seminar1.services.MqttService - Gespeichert - Wago750 Status: 255.0
2026-07-10 10:58:45 [MQTT Call: paho2145044059066] INFO  c.s.Seminar1.services.MqttService - Gespeichert - Wago750 Status: 65280.0
2026-07-10 10:58:46 [MQTT Call: paho2145044059066] INFO  c.s.Seminar1.services.MqttService - Gespeichert - Wago750 Status: 255.0
2026-07-10 10:58:47 [MQTT Call: paho2145044059066] INFO  c.s.Seminar1.services.MqttService - Gespeichert - Wago750 Status: 65280.0
2026-07-10 10:58:47 [MQTT Call: paho2145044059066] INFO  c.s.Seminar1.services.MqttService - Gespeichert - Wago750 Control: 2
2026-07-10 10:58:48 [MQTT Call: paho2145044059066] INFO  c.s.Seminar1.services.MqttService - Gespeichert - Wago750 Status: 16.0
2026-07-10 10:58:49 [MQTT Call: paho2145044059066] INFO  c.s.Seminar1.services.MqttService - Gespeichert - Wago750 Status: 32.0
2026-07-10 10:58:50 [MQTT Call: paho2145044059066] INFO  c.s.Seminar1.services.MqttService - Gespeichert - Wago750 Status: 64.0
2026-07-10 10:58:51 [MQTT Call: paho2145044059066] INFO  c.s.Seminar1.services.MqttService - Gespeichert - Wago750 Status: 128.0
2026-07-10 10:58:52 [MQTT Call: paho2145044059066] INFO  c.s.Seminar1.services.MqttService - Gespeichert - Wago750 Status: 32768.0
2026-07-10 10:58:53 [MQTT Call: paho2145044059066] INFO  c.s.Seminar1.services.MqttService - Gespeichert - Wago750 Status: 16384.0
2026-07-10 10:58:54 [MQTT Call: paho2145044059066] INFO  c.s.Seminar1.services.MqttService - Gespeichert - Wago750 Status: 8192.0
2026-07-10 10:58:55 [MQTT Call: paho2145044059066] INFO  c.s.Seminar1.services.MqttService - Gespeichert - Wago750 Status: 4096.0
2026-07-10 10:58:56 [MQTT Call: paho2145044059066] INFO  c.s.Seminar1.services.MqttService - Gespeichert - Wago750 Status: 2048.0
2026-07-10 10:58:57 [MQTT Call: paho2145044059066] INFO  c.s.Seminar1.services.MqttService - Gespeichert - Wago750 Status: 1024.0
2026-07-10 10:58:58 [MQTT Call: paho2145044059066] INFO  c.s.Seminar1.services.MqttService - Gespeichert - Wago750 Status: 512.0
2026-07-10 10:58:59 [MQTT Call: paho2145044059066] INFO  c.s.Seminar1.services.MqttService - Gespeichert - Wago750 Status: 256.0
2026-07-10 10:59:00 [MQTT Call: paho2145044059066] INFO  c.s.Seminar1.services.MqttService - Gespeichert - Wago750 Status: 1.0
2026-07-10 10:59:01 [MQTT Call: paho2145044059066] INFO  c.s.Seminar1.services.MqttService - Gespeichert - Wago750 Status: 2.0
2026-07-10 10:59:01 [MQTT Call: paho2145044059066] INFO  c.s.Seminar1.services.MqttService - Gespeichert - Temperatur Differenz: 0.33
2026-07-10 10:59:01 [MQTT Call: paho2145044059066] INFO  c.s.Seminar1.services.MqttService - Gespeichert - Temperatur Ist: 27.88
2026-07-10 10:59:02 [MQTT Call: paho2145044059066] INFO  c.s.Seminar1.services.MqttService - Gespeichert - Wago750 Status: 4.0
2026-07-10 10:59:03 [MQTT Call: paho2145044059066] INFO  c.s.Seminar1.services.MqttService - Gespeichert - Wago750 Status: 8.0
2026-07-10 10:59:04 [MQTT Call: paho2145044059066] INFO  c.s.Seminar1.services.MqttService - Gespeichert - Wago750 Status: 16.0
2026-07-10 10:59:05 [MQTT Call: paho2145044059066] INFO  c.s.Seminar1.services.MqttService - Gespeichert - Wago750 Status: 32.0
2026-07-10 10:59:06 [MQTT Call: paho2145044059066] INFO  c.s.Seminar1.services.MqttService - Gespeichert - Wago750 Status: 64.0
2026-07-10 10:59:07 [MQTT Call: paho2145044059066] INFO  c.s.Seminar1.services.MqttService - Gespeichert - Wago750 Status: 128.0
2026-07-10 10:59:08 [MQTT Call: paho2145044059066] INFO  c.s.Seminar1.services.MqttService - Gespeichert - Wago750 Status: 32768.0
2026-07-10 10:59:09 [MQTT Call: paho2145044059066] INFO  c.s.Seminar1.services.MqttService - Gespeichert - Wago750 Status: 16384.0
2026-07-10 10:59:10 [MQTT Call: paho2145044059066] INFO  c.s.Seminar1.services.MqttService - Gespeichert - Wago750 Status: 8192.0
2026-07-10 10:59:11 [MQTT Call: paho2145044059066] INFO  c.s.Seminar1.services.MqttService - Gespeichert - Wago750 Status: 4096.0
2026-07-10 10:59:12 [MQTT Call: paho2145044059066] INFO  c.s.Seminar1.services.MqttService - Gespeichert - Wago750 Status: 2048.0
2026-07-10 10:59:13 [MQTT Call: paho2145044059066] INFO  c.s.Seminar1.services.MqttService - Gespeichert - Wago750 Status: 1024.0
2026-07-10 10:59:14 [MQTT Call: paho2145044059066] INFO  c.s.Seminar1.services.MqttService - Gespeichert - Wago750 Status: 512.0
2026-07-10 10:59:15 [MQTT Call: paho2145044059066] INFO  c.s.Seminar1.services.MqttService - Gespeichert - Wago750 Status: 256.0
2026-07-10 10:59:16 [MQTT Call: paho2145044059066] INFO  c.s.Seminar1.services.MqttService - Gespeichert - Wago750 Status: 1.0
2026-07-10 10:59:17 [MQTT Call: paho2145044059066] INFO  c.s.Seminar1.services.MqttService - Gespeichert - Wago750 Status: 2.0
2026-07-10 10:59:18 [MQTT Call: paho2145044059066] INFO  c.s.Seminar1.services.MqttService - Gespeichert - Wago750 Status: 4.0
2026-07-10 10:59:19 [MQTT Call: paho2145044059066] INFO  c.s.Seminar1.services.MqttService - Gespeichert - Wago750 Status: 8.0
2026-07-10 10:59:20 [MQTT Call: paho2145044059066] INFO  c.s.Seminar1.services.MqttService - Gespeichert - Wago750 Status: 16.0
2026-07-10 10:59:21 [MQTT Call: paho2145044059066] INFO  c.s.Seminar1.services.MqttService - Gespeichert - Wago750 Status: 32.0
2026-07-10 10:59:22 [MQTT Call: paho2145044059066] INFO  c.s.Seminar1.services.MqttService - Gespeichert - Wago750 Status: 64.0
2026-07-10 10:59:23 [MQTT Call: paho2145044059066] INFO  c.s.Seminar1.services.MqttService - Gespeichert - Wago750 Status: 128.0
2026-07-10 10:59:24 [MQTT Call: paho2145044059066] INFO  c.s.Seminar1.services.MqttService - Gespeichert - Wago750 Status: 32768.0
2026-07-10 10:59:25 [MQTT Call: paho2145044059066] INFO  c.s.Seminar1.services.MqttService - Gespeichert - Wago750 Status: 16384.0
2026-07-10 10:59:26 [MQTT Call: paho2145044059066] INFO  c.s.Seminar1.services.MqttService - Gespeichert - Wago750 Status: 8192.0
2026-07-10 10:59:27 [MQTT Call: paho2145044059066] INFO  c.s.Seminar1.services.MqttService - Gespeichert - Wago750 Status: 4096.0
2026-07-10 10:59:28 [MQTT Call: paho2145044059066] INFO  c.s.Seminar1.services.MqttService - Gespeichert - Wago750 Status: 2048.0
2026-07-10 10:59:29 [MQTT Call: paho2145044059066] INFO  c.s.Seminar1.services.MqttService - Gespeichert - Wago750 Status: 1024.0
2026-07-10 10:59:30 [MQTT Call: paho2145044059066] INFO  c.s.Seminar1.services.MqttService - Gespeichert - Wago750 Status: 512.0
2026-07-10 10:59:31 [MQTT Call: paho2145044059066] INFO  c.s.Seminar1.services.MqttService - Gespeichert - Wago750 Status: 256.0
2026-07-10 10:59:31 [MQTT Call: paho2145044059066] INFO  c.s.Seminar1.services.MqttService - Gespeichert - Temperatur Differenz: 0.3
2026-07-10 10:59:31 [MQTT Call: paho2145044059066] INFO  c.s.Seminar1.services.MqttService - Gespeichert - Temperatur Ist: 27.85
2026-07-10 10:59:32 [MQTT Call: paho2145044059066] INFO  c.s.Seminar1.services.MqttService - Gespeichert - Wago750 Status: 1.0
2026-07-10 10:59:32 [MQTT Call: paho2145044059066] INFO  c.s.Seminar1.services.MqttService - Gespeichert - Temperatur Differenz: 0.33
2026-07-10 10:59:32 [MQTT Call: paho2145044059066] INFO  c.s.Seminar1.services.MqttService - Gespeichert - Temperatur Ist: 27.88
2026-07-10 10:59:33 [MQTT Call: paho2145044059066] INFO  c.s.Seminar1.services.MqttService - Gespeichert - Wago750 Status: 2.0
2026-07-10 10:59:33 [MQTT Call: paho2145044059066] INFO  c.s.Seminar1.services.MqttService - Gespeichert - Temperatur Differenz: 0.3
2026-07-10 10:59:33 [MQTT Call: paho2145044059066] INFO  c.s.Seminar1.services.MqttService - Gespeichert - Temperatur Ist: 27.85
2026-07-10 10:59:34 [MQTT Call: paho2145044059066] INFO  c.s.Seminar1.services.MqttService - Gespeichert - Wago750 Status: 4.0
2026-07-10 10:59:35 [MQTT Call: paho2145044059066] INFO  c.s.Seminar1.services.MqttService - Gespeichert - Wago750 Status: 8.0
2026-07-10 10:59:36 [MQTT Call: paho2145044059066] INFO  c.s.Seminar1.services.MqttService - Gespeichert - Wago750 Status: 16.0
2026-07-10 10:59:37 [MQTT Call: paho2145044059066] INFO  c.s.Seminar1.services.MqttService - Gespeichert - Wago750 Status: 32.0
2026-07-10 10:59:38 [MQTT Call: paho2145044059066] INFO  c.s.Seminar1.services.MqttService - Gespeichert - Wago750 Status: 64.0
2026-07-10 10:59:39 [MQTT Call: paho2145044059066] INFO  c.s.Seminar1.services.MqttService - Gespeichert - Wago750 Status: 128.0
2026-07-10 10:59:40 [MQTT Call: paho2145044059066] INFO  c.s.Seminar1.services.MqttService - Gespeichert - Wago750 Status: 32768.0
2026-07-10 10:59:41 [MQTT Call: paho2145044059066] INFO  c.s.Seminar1.services.MqttService - Gespeichert - Wago750 Status: 16384.0
2026-07-10 10:59:42 [MQTT Call: paho2145044059066] INFO  c.s.Seminar1.services.MqttService - Gespeichert - Wago750 Status: 8192.0
2026-07-10 10:59:43 [MQTT Call: paho2145044059066] INFO  c.s.Seminar1.services.MqttService - Gespeichert - Wago750 Status: 4096.0
2026-07-10 10:59:44 [MQTT Call: paho2145044059066] INFO  c.s.Seminar1.services.MqttService - Gespeichert - Wago750 Status: 2048.0
2026-07-10 10:59:45 [MQTT Call: paho2145044059066] INFO  c.s.Seminar1.services.MqttService - Gespeichert - Wago750 Status: 1024.0
2026-07-10 10:59:46 [MQTT Call: paho2145044059066] INFO  c.s.Seminar1.services.MqttService - Gespeichert - Wago750 Status: 512.0
2026-07-10 10:59:47 [MQTT Call: paho2145044059066] INFO  c.s.Seminar1.services.MqttService - Gespeichert - Wago750 Status: 256.0
2026-07-10 10:59:48 [MQTT Call: paho2145044059066] INFO  c.s.Seminar1.services.MqttService - Gespeichert - Wago750 Status: 1.0
2026-07-10 10:59:49 [MQTT Call: paho2145044059066] INFO  c.s.Seminar1.services.MqttService - Gespeichert - Wago750 Status: 2.0
2026-07-10 10:59:50 [MQTT Call: paho2145044059066] INFO  c.s.Seminar1.services.MqttService - Gespeichert - Wago750 Status: 4.0
2026-07-10 10:59:51 [MQTT Call: paho2145044059066] INFO  c.s.Seminar1.services.MqttService - Gespeichert - Wago750 Status: 8.0
2026-07-10 10:59:52 [MQTT Call: paho2145044059066] INFO  c.s.Seminar1.services.MqttService - Gespeichert - Wago750 Status: 16.0
2026-07-10 10:59:53 [MQTT Call: paho2145044059066] INFO  c.s.Seminar1.services.MqttService - Gespeichert - Wago750 Status: 32.0
2026-07-10 10:59:54 [MQTT Call: paho2145044059066] INFO  c.s.Seminar1.services.MqttService - Gespeichert - Wago750 Status: 64.0
2026-07-10 10:59:55 [MQTT Call: paho2145044059066] INFO  c.s.Seminar1.services.MqttService - Gespeichert - Wago750 Status: 128.0
2026-07-10 10:59:56 [MQTT Call: paho2145044059066] INFO  c.s.Seminar1.services.MqttService - Gespeichert - Wago750 Status: 32768.0
2026-07-10 10:59:57 [MQTT Call: paho2145044059066] INFO  c.s.Seminar1.services.MqttService - Gespeichert - Wago750 Status: 16384.0
2026-07-10 10:59:58 [MQTT Call: paho2145044059066] INFO  c.s.Seminar1.services.MqttService - Gespeichert - Wago750 Status: 8192.0
2026-07-10 10:59:59 [MQTT Call: paho2145044059066] INFO  c.s.Seminar1.services.MqttService - Gespeichert - Wago750 Status: 4096.0
2026-07-10 11:00:00 [MQTT Call: paho2145044059066] INFO  c.s.Seminar1.services.MqttService - Gespeichert - Wago750 Status: 2048.0
2026-07-10 11:00:01 [MQTT Call: paho2145044059066] INFO  c.s.Seminar1.services.MqttService - Gespeichert - Wago750 Status: 1024.0
2026-07-10 11:00:02 [MQTT Call: paho2145044059066] INFO  c.s.Seminar1.services.MqttService - Gespeichert - Wago750 Status: 512.0
2026-07-10 11:00:03 [MQTT Call: paho2145044059066] INFO  c.s.Seminar1.services.MqttService - Gespeichert - Wago750 Status: 256.0
2026-07-10 11:00:04 [MQTT Call: paho2145044059066] INFO  c.s.Seminar1.services.MqttService - Gespeichert - Wago750 Status: 1.0
2026-07-10 11:00:05 [MQTT Call: paho2145044059066] INFO  c.s.Seminar1.services.MqttService - Gespeichert - Wago750 Status: 2.0
2026-07-10 11:00:06 [MQTT Call: paho2145044059066] INFO  c.s.Seminar1.services.MqttService - Gespeichert - Wago750 Status: 4.0
2026-07-10 11:00:07 [MQTT Call: paho2145044059066] INFO  c.s.Seminar1.services.MqttService - Gespeichert - Wago750 Status: 8.0
2026-07-10 11:00:08 [MQTT Call: paho2145044059066] INFO  c.s.Seminar1.services.MqttService - Gespeichert - Wago750 Status: 16.0
2026-07-10 11:00:09 [MQTT Call: paho2145044059066] INFO  c.s.Seminar1.services.MqttService - Gespeichert - Wago750 Control: 3
2026-07-10 11:00:09 [MQTT Call: paho2145044059066] INFO  c.s.Seminar1.services.MqttService - Gespeichert - Wago750 Status: 9252.0
2026-07-10 11:00:09 [MQTT Call: paho2145044059066] INFO  c.s.Seminar1.services.MqttService - Gespeichert - Wago750 Control: 2
2026-07-10 11:00:10 [MQTT Call: paho2145044059066] INFO  c.s.Seminar1.services.MqttService - Gespeichert - Wago750 Status: 32.0
2026-07-10 11:00:10 [MQTT Call: paho2145044059066] INFO  c.s.Seminar1.services.MqttService - Gespeichert - Wago750 Control: 1
2026-07-10 11:00:11 [MQTT Call: paho2145044059066] INFO  c.s.Seminar1.services.MqttService - Gespeichert - Wago750 Status: 65280.0
2026-07-10 11:00:12 [MQTT Call: paho2145044059066] INFO  c.s.Seminar1.services.MqttService - Gespeichert - Wago750 Status: 255.0
2026-07-10 11:00:13 [MQTT Call: paho2145044059066] INFO  c.s.Seminar1.services.MqttService - Gespeichert - Wago750 Status: 65280.0
2026-07-10 11:00:14 [MQTT Call: paho2145044059066] INFO  c.s.Seminar1.services.MqttService - Gespeichert - Wago750 Status: 255.0
2026-07-10 11:00:15 [MQTT Call: paho2145044059066] INFO  c.s.Seminar1.services.MqttService - Gespeichert - Wago750 Status: 65280.0
2026-07-10 11:00:16 [MQTT Call: paho2145044059066] INFO  c.s.Seminar1.services.MqttService - Gespeichert - Wago750 Status: 255.0
2026-07-10 11:00:17 [MQTT Call: paho2145044059066] INFO  c.s.Seminar1.services.MqttService - Gespeichert - Wago750 Status: 65280.0
2026-07-10 11:00:18 [MQTT Call: paho2145044059066] INFO  c.s.Seminar1.services.MqttService - Gespeichert - Wago750 Status: 255.0
2026-07-10 11:00:19 [MQTT Call: paho2145044059066] INFO  c.s.Seminar1.services.MqttService - Gespeichert - Wago750 Status: 65280.0
2026-07-10 11:00:20 [MQTT Call: paho2145044059066] INFO  c.s.Seminar1.services.MqttService - Gespeichert - Wago750 Status: 255.0
2026-07-10 11:00:21 [MQTT Call: paho2145044059066] INFO  c.s.Seminar1.services.MqttService - Gespeichert - Temperatur Soll: 27.58
2026-07-10 11:00:21 [MQTT Call: paho2145044059066] INFO  c.s.Seminar1.services.MqttService - Gespeichert - Wago750 Status: 65280.0
2026-07-10 11:00:21 [MQTT Call: paho2145044059066] INFO  c.s.Seminar1.services.MqttService - Gespeichert - Temperatur Differenz: 0.27
2026-07-10 11:00:22 [MQTT Call: paho2145044059066] INFO  c.s.Seminar1.services.MqttService - Gespeichert - Temperatur Soll: 27.55
2026-07-10 11:00:22 [MQTT Call: paho2145044059066] INFO  c.s.Seminar1.services.MqttService - Gespeichert - Wago750 Status: 255.0
2026-07-10 11:00:22 [MQTT Call: paho2145044059066] INFO  c.s.Seminar1.services.MqttService - Gespeichert - Temperatur Differenz: 0.3
2026-07-10 11:00:23 [MQTT Call: paho2145044059066] INFO  c.s.Seminar1.services.MqttService - Gespeichert - Wago750 Status: 65280.0
2026-07-10 11:00:23 [MQTT Call: paho2145044059066] INFO  c.s.Seminar1.services.MqttService - Gespeichert - Temperatur Differenz: 0.27
2026-07-10 11:00:24 [MQTT Call: paho2145044059066] INFO  c.s.Seminar1.services.MqttService - Gespeichert - Wago750 Status: 255.0
2026-07-10 11:00:24 [MQTT Call: paho2145044059066] INFO  c.s.Seminar1.services.MqttService - Gespeichert - Temperatur Differenz: 0.3
2026-07-10 11:00:25 [MQTT Call: paho2145044059066] INFO  c.s.Seminar1.services.MqttService - Gespeichert - Temperatur Soll: 27.58
2026-07-10 11:00:25 [MQTT Call: paho2145044059066] INFO  c.s.Seminar1.services.MqttService - Gespeichert - Wago750 Status: 65280.0
2026-07-10 11:00:25 [MQTT Call: paho2145044059066] INFO  c.s.Seminar1.services.MqttService - Gespeichert - Temperatur Differenz: 0.27
2026-07-10 11:00:26 [MQTT Call: paho2145044059066] INFO  c.s.Seminar1.services.MqttService - Gespeichert - Wago750 Status: 255.0
2026-07-10 11:00:27 [MQTT Call: paho2145044059066] INFO  c.s.Seminar1.services.MqttService - Gespeichert - Wago750 Status: 65280.0
2026-07-10 11:00:28 [MQTT Call: paho2145044059066] INFO  c.s.Seminar1.services.MqttService - Gespeichert - Wago750 Status: 255.0
2026-07-10 11:00:29 [MQTT Call: paho2145044059066] INFO  c.s.Seminar1.services.MqttService - Gespeichert - Wago750 Status: 65280.0
2026-07-10 11:00:30 [MQTT Call: paho2145044059066] INFO  c.s.Seminar1.services.MqttService - Gespeichert - Wago750 Status: 255.0
2026-07-10 11:00:30 [MQTT Call: paho2145044059066] INFO  c.s.Seminar1.services.MqttService - Gespeichert - Temperatur Differenz: 0.26
2026-07-10 11:00:30 [MQTT Call: paho2145044059066] INFO  c.s.Seminar1.services.MqttService - Gespeichert - Temperatur Ist: 27.84
2026-07-10 11:00:31 [MQTT Call: paho2145044059066] INFO  c.s.Seminar1.services.MqttService - Gespeichert - Wago750 Status: 65280.0
2026-07-10 11:00:32 [MQTT Call: paho2145044059066] INFO  c.s.Seminar1.services.MqttService - Gespeichert - Wago750 Status: 255.0
2026-07-10 11:00:33 [MQTT Call: paho2145044059066] INFO  c.s.Seminar1.services.MqttService - Gespeichert - Wago750 Status: 65280.0
2026-07-10 11:00:34 [MQTT Call: paho2145044059066] INFO  c.s.Seminar1.services.MqttService - Gespeichert - Wago750 Status: 255.0
2026-07-10 11:00:35 [MQTT Call: paho2145044059066] INFO  c.s.Seminar1.services.MqttService - Gespeichert - Wago750 Status: 65280.0
2026-07-10 11:00:36 [MQTT Call: paho2145044059066] INFO  c.s.Seminar1.services.MqttService - Gespeichert - Wago750 Status: 255.0
2026-07-10 11:00:37 [MQTT Call: paho2145044059066] INFO  c.s.Seminar1.services.MqttService - Gespeichert - Wago750 Status: 65280.0
2026-07-10 11:00:37 [MQTT Call: paho2145044059066] INFO  c.s.Seminar1.services.MqttService - Gespeichert - Temperatur Differenz: 0.27
2026-07-10 11:00:37 [MQTT Call: paho2145044059066] INFO  c.s.Seminar1.services.MqttService - Gespeichert - Temperatur Ist: 27.85
2026-07-10 11:00:38 [MQTT Call: paho2145044059066] INFO  c.s.Seminar1.services.MqttService - Gespeichert - Wago750 Status: 255.0
2026-07-10 11:00:38 [MQTT Call: paho2145044059066] INFO  c.s.Seminar1.services.MqttService - Gespeichert - Temperatur Differenz: 0.26
2026-07-10 11:00:38 [MQTT Call: paho2145044059066] INFO  c.s.Seminar1.services.MqttService - Gespeichert - Temperatur Ist: 27.84
2026-07-10 11:00:39 [MQTT Call: paho2145044059066] INFO  c.s.Seminar1.services.MqttService - Gespeichert - Wago750 Status: 65280.0
2026-07-10 11:00:40 [MQTT Call: paho2145044059066] INFO  c.s.Seminar1.services.MqttService - Gespeichert - Wago750 Status: 255.0
2026-07-10 11:00:41 [MQTT Call: paho2145044059066] INFO  c.s.Seminar1.services.MqttService - Gespeichert - Wago750 Status: 65280.0
2026-07-10 11:00:42 [MQTT Call: paho2145044059066] INFO  c.s.Seminar1.services.MqttService - Gespeichert - Wago750 Status: 255.0
2026-07-10 11:00:43 [MQTT Call: paho2145044059066] INFO  c.s.Seminar1.services.MqttService - Gespeichert - Wago750 Status: 65280.0
2026-07-10 11:00:44 [MQTT Call: paho2145044059066] INFO  c.s.Seminar1.services.MqttService - Gespeichert - Wago750 Status: 255.0
2026-07-10 11:00:45 [MQTT Call: paho2145044059066] INFO  c.s.Seminar1.services.MqttService - Gespeichert - Wago750 Status: 65280.0
2026-07-10 11:00:46 [MQTT Call: paho2145044059066] INFO  c.s.Seminar1.services.MqttService - Gespeichert - Wago750 Status: 255.0
2026-07-10 11:00:47 [MQTT Call: paho2145044059066] INFO  c.s.Seminar1.services.MqttService - Gespeichert - Wago750 Status: 65280.0
2026-07-10 11:00:48 [MQTT Call: paho2145044059066] INFO  c.s.Seminar1.services.MqttService - Gespeichert - Wago750 Status: 255.0
2026-07-10 11:00:49 [MQTT Call: paho2145044059066] INFO  c.s.Seminar1.services.MqttService - Gespeichert - Wago750 Status: 65280.0
2026-07-10 11:00:50 [MQTT Call: paho2145044059066] INFO  c.s.Seminar1.services.MqttService - Gespeichert - Wago750 Status: 255.0
2026-07-10 11:00:51 [MQTT Call: paho2145044059066] INFO  c.s.Seminar1.services.MqttService - Gespeichert - Wago750 Status: 65280.0
2026-07-10 11:00:52 [MQTT Call: paho2145044059066] INFO  c.s.Seminar1.services.MqttService - Gespeichert - Wago750 Status: 255.0
2026-07-10 11:00:53 [MQTT Call: paho2145044059066] INFO  c.s.Seminar1.services.MqttService - Gespeichert - Wago750 Status: 65280.0
2026-07-10 11:00:54 [MQTT Call: paho2145044059066] INFO  c.s.Seminar1.services.MqttService - Gespeichert - Wago750 Status: 255.0
2026-07-10 11:00:55 [MQTT Call: paho2145044059066] INFO  c.s.Seminar1.services.MqttService - Gespeichert - Wago750 Status: 65280.0
2026-07-10 11:00:56 [MQTT Call: paho2145044059066] INFO  c.s.Seminar1.services.MqttService - Gespeichert - Wago750 Status: 255.0
2026-07-10 11:00:57 [MQTT Call: paho2145044059066] INFO  c.s.Seminar1.services.MqttService - Gespeichert - Wago750 Status: 65280.0
2026-07-10 11:00:58 [MQTT Call: paho2145044059066] INFO  c.s.Seminar1.services.MqttService - Gespeichert - Wago750 Status: 255.0
2026-07-10 11:00:59 [MQTT Call: paho2145044059066] INFO  c.s.Seminar1.services.MqttService - Gespeichert - Wago750 Status: 65280.0
2026-07-10 11:01:00 [MQTT Call: paho2145044059066] INFO  c.s.Seminar1.services.MqttService - Gespeichert - Wago750 Status: 255.0
2026-07-10 11:01:01 [MQTT Call: paho2145044059066] INFO  c.s.Seminar1.services.MqttService - Gespeichert - Wago750 Status: 65280.0
2026-07-10 11:01:02 [MQTT Call: paho2145044059066] INFO  c.s.Seminar1.services.MqttService - Gespeichert - Wago750 Status: 255.0
2026-07-10 11:01:03 [MQTT Call: paho2145044059066] INFO  c.s.Seminar1.services.MqttService - Gespeichert - Wago750 Status: 65280.0
2026-07-10 11:01:04 [MQTT Call: paho2145044059066] INFO  c.s.Seminar1.services.MqttService - Gespeichert - Wago750 Status: 255.0
2026-07-10 11:01:05 [MQTT Call: paho2145044059066] INFO  c.s.Seminar1.services.MqttService - Gespeichert - Wago750 Status: 65280.0
2026-07-10 11:01:06 [MQTT Call: paho2145044059066] INFO  c.s.Seminar1.services.MqttService - Gespeichert - Wago750 Status: 255.0
2026-07-10 11:01:07 [MQTT Call: paho2145044059066] INFO  c.s.Seminar1.services.MqttService - Gespeichert - Temperatur Soll: 27.59
2026-07-10 11:01:07 [MQTT Call: paho2145044059066] INFO  c.s.Seminar1.services.MqttService - Gespeichert - Wago750 Status: 65280.0
2026-07-10 11:01:07 [MQTT Call: paho2145044059066] INFO  c.s.Seminar1.services.MqttService - Gespeichert - Temperatur Differenz: 0.25
2026-07-10 11:01:08 [MQTT Call: paho2145044059066] INFO  c.s.Seminar1.services.MqttService - Gespeichert - Temperatur Soll: 27.58
2026-07-10 11:01:08 [MQTT Call: paho2145044059066] INFO  c.s.Seminar1.services.MqttService - Gespeichert - Wago750 Status: 255.0
2026-07-10 11:01:08 [MQTT Call: paho2145044059066] INFO  c.s.Seminar1.services.MqttService - Gespeichert - Temperatur Differenz: 0.26
2026-07-10 11:01:09 [MQTT Call: paho2145044059066] INFO  c.s.Seminar1.services.MqttService - Gespeichert - Wago750 Status: 65280.0
2026-07-10 11:01:10 [MQTT Call: paho2145044059066] INFO  c.s.Seminar1.services.MqttService - Gespeichert - Temperatur Soll: 27.59
2026-07-10 11:01:10 [MQTT Call: paho2145044059066] INFO  c.s.Seminar1.services.MqttService - Gespeichert - Wago750 Status: 255.0
2026-07-10 11:01:10 [MQTT Call: paho2145044059066] INFO  c.s.Seminar1.services.MqttService - Gespeichert - Temperatur Differenz: 0.25
2026-07-10 11:01:13 [MQTT Call: paho2145044059066] INFO  c.s.Seminar1.services.MqttService - Gespeichert - Wago750 Status: 65280.0
2026-07-10 11:01:14 [MQTT Call: paho2145044059066] INFO  c.s.Seminar1.services.MqttService - Gespeichert - Wago750 Status: 255.0
2026-07-10 11:01:15 [MQTT Call: paho2145044059066] INFO  c.s.Seminar1.services.MqttService - Gespeichert - Wago750 Status: 65280.0
2026-07-10 11:01:16 [MQTT Call: paho2145044059066] INFO  c.s.Seminar1.services.MqttService - Gespeichert - Wago750 Status: 255.0
2026-07-10 11:01:17 [MQTT Call: paho2145044059066] INFO  c.s.Seminar1.services.MqttService - Gespeichert - Wago750 Status: 65280.0
2026-07-10 11:01:18 [MQTT Call: paho2145044059066] INFO  c.s.Seminar1.services.MqttService - Gespeichert - Wago750 Status: 255.0
2026-07-10 11:01:19 [MQTT Call: paho2145044059066] INFO  c.s.Seminar1.services.MqttService - Gespeichert - Wago750 Status: 65280.0
2026-07-10 11:01:20 [MQTT Call: paho2145044059066] INFO  c.s.Seminar1.services.MqttService - Gespeichert - Wago750 Status: 255.0
2026-07-10 11:01:21 [MQTT Call: paho2145044059066] INFO  c.s.Seminar1.services.MqttService - Gespeichert - Wago750 Status: 65280.0
2026-07-10 11:01:22 [MQTT Call: paho2145044059066] INFO  c.s.Seminar1.services.MqttService - Gespeichert - Wago750 Status: 255.0
2026-07-10 11:01:23 [MQTT Call: paho2145044059066] INFO  c.s.Seminar1.services.MqttService - Gespeichert - Wago750 Status: 65280.0
2026-07-10 11:01:24 [MQTT Call: paho2145044059066] INFO  c.s.Seminar1.services.MqttService - Gespeichert - Wago750 Status: 255.0
2026-07-10 11:01:25 [MQTT Call: paho2145044059066] INFO  c.s.Seminar1.services.MqttService - Gespeichert - Wago750 Status: 65280.0
2026-07-10 11:01:26 [MQTT Call: paho2145044059066] INFO  c.s.Seminar1.services.MqttService - Gespeichert - Wago750 Status: 255.0
2026-07-10 11:01:27 [MQTT Call: paho2145044059066] INFO  c.s.Seminar1.services.MqttService - Gespeichert - Wago750 Status: 65280.0
2026-07-10 11:01:28 [MQTT Call: paho2145044059066] INFO  c.s.Seminar1.services.MqttService - Gespeichert - Wago750 Status: 255.0
2026-07-10 11:01:29 [MQTT Call: paho2145044059066] INFO  c.s.Seminar1.services.MqttService - Gespeichert - Wago750 Status: 65280.0
2026-07-10 11:01:30 [MQTT Call: paho2145044059066] INFO  c.s.Seminar1.services.MqttService - Gespeichert - Wago750 Status: 255.0
2026-07-10 11:01:31 [MQTT Call: paho2145044059066] INFO  c.s.Seminar1.services.MqttService - Gespeichert - Wago750 Status: 65280.0
2026-07-10 11:01:32 [MQTT Call: paho2145044059066] INFO  c.s.Seminar1.services.MqttService - Gespeichert - Wago750 Status: 255.0
2026-07-10 11:01:33 [MQTT Call: paho2145044059066] INFO  c.s.Seminar1.services.MqttService - Gespeichert - Wago750 Status: 65280.0
2026-07-10 11:01:34 [MQTT Call: paho2145044059066] INFO  c.s.Seminar1.services.MqttService - Gespeichert - Wago750 Status: 255.0
2026-07-10 11:01:35 [MQTT Call: paho2145044059066] INFO  c.s.Seminar1.services.MqttService - Gespeichert - Wago750 Status: 65280.0
2026-07-10 11:01:36 [MQTT Call: paho2145044059066] INFO  c.s.Seminar1.services.MqttService - Gespeichert - Wago750 Status: 255.0
2026-07-10 11:01:37 [MQTT Call: paho2145044059066] INFO  c.s.Seminar1.services.MqttService - Gespeichert - Wago750 Status: 65280.0
2026-07-10 11:01:38 [MQTT Call: paho2145044059066] INFO  c.s.Seminar1.services.MqttService - Gespeichert - Wago750 Status: 255.0
2026-07-10 11:01:39 [MQTT Call: paho2145044059066] INFO  c.s.Seminar1.services.MqttService - Gespeichert - Wago750 Status: 65280.0
2026-07-10 11:01:40 [MQTT Call: paho2145044059066] INFO  c.s.Seminar1.services.MqttService - Gespeichert - Wago750 Status: 255.0
2026-07-10 11:01:41 [MQTT Call: paho2145044059066] INFO  c.s.Seminar1.services.MqttService - Gespeichert - Wago750 Status: 65280.0
2026-07-10 11:01:42 [MQTT Call: paho2145044059066] INFO  c.s.Seminar1.services.MqttService - Gespeichert - Wago750 Status: 255.0
2026-07-10 11:01:43 [MQTT Call: paho2145044059066] INFO  c.s.Seminar1.services.MqttService - Gespeichert - Wago750 Status: 65280.0
2026-07-10 11:01:44 [MQTT Call: paho2145044059066] INFO  c.s.Seminar1.services.MqttService - Gespeichert - Wago750 Status: 255.0
2026-07-10 11:01:45 [MQTT Call: paho2145044059066] INFO  c.s.Seminar1.services.MqttService - Gespeichert - Wago750 Status: 65280.0
2026-07-10 11:01:46 [MQTT Call: paho2145044059066] INFO  c.s.Seminar1.services.MqttService - Gespeichert - Wago750 Status: 255.0
2026-07-10 11:01:47 [MQTT Call: paho2145044059066] INFO  c.s.Seminar1.services.MqttService - Gespeichert - Wago750 Status: 65280.0
2026-07-10 11:01:48 [MQTT Call: paho2145044059066] INFO  c.s.Seminar1.services.MqttService - Gespeichert - Wago750 Status: 255.0
2026-07-10 11:01:49 [MQTT Call: paho2145044059066] INFO  c.s.Seminar1.services.MqttService - Gespeichert - Wago750 Status: 65280.0
2026-07-10 11:01:50 [MQTT Call: paho2145044059066] INFO  c.s.Seminar1.services.MqttService - Gespeichert - Wago750 Status: 255.0
2026-07-10 11:01:51 [MQTT Call: paho2145044059066] INFO  c.s.Seminar1.services.MqttService - Gespeichert - Wago750 Status: 65280.0
2026-07-10 11:01:51 [MQTT Call: paho2145044059066] INFO  c.s.Seminar1.services.MqttService - Gespeichert - Temperatur Differenz: 0.23
2026-07-10 11:01:51 [MQTT Call: paho2145044059066] INFO  c.s.Seminar1.services.MqttService - Gespeichert - Temperatur Ist: 27.82
2026-07-10 11:01:52 [MQTT Call: paho2145044059066] INFO  c.s.Seminar1.services.MqttService - Gespeichert - Wago750 Status: 255.0
2026-07-10 11:01:52 [MQTT Call: paho2145044059066] INFO  c.s.Seminar1.services.MqttService - Gespeichert - Temperatur Differenz: 0.25
2026-07-10 11:01:52 [MQTT Call: paho2145044059066] INFO  c.s.Seminar1.services.MqttService - Gespeichert - Temperatur Ist: 27.84
2026-07-10 11:01:53 [MQTT Call: paho2145044059066] INFO  c.s.Seminar1.services.MqttService - Gespeichert - Wago750 Status: 65280.0
2026-07-10 11:01:54 [MQTT Call: paho2145044059066] INFO  c.s.Seminar1.services.MqttService - Gespeichert - Wago750 Status: 255.0
2026-07-10 11:01:55 [MQTT Call: paho2145044059066] INFO  c.s.Seminar1.services.MqttService - Gespeichert - Wago750 Status: 65280.0
2026-07-10 11:01:55 [MQTT Call: paho2145044059066] INFO  c.s.Seminar1.services.MqttService - Gespeichert - Temperatur Differenz: 0.23
2026-07-10 11:01:55 [MQTT Call: paho2145044059066] INFO  c.s.Seminar1.services.MqttService - Gespeichert - Temperatur Ist: 27.82
2026-07-10 11:01:56 [MQTT Call: paho2145044059066] INFO  c.s.Seminar1.services.MqttService - Gespeichert - Wago750 Status: 255.0
2026-07-10 11:01:56 [MQTT Call: paho2145044059066] INFO  c.s.Seminar1.services.MqttService - Gespeichert - Temperatur Differenz: 0.25
2026-07-10 11:01:56 [MQTT Call: paho2145044059066] INFO  c.s.Seminar1.services.MqttService - Gespeichert - Temperatur Ist: 27.84
2026-07-10 11:01:57 [MQTT Call: paho2145044059066] INFO  c.s.Seminar1.services.MqttService - Gespeichert - Wago750 Status: 65280.0
2026-07-10 11:01:58 [MQTT Call: paho2145044059066] INFO  c.s.Seminar1.services.MqttService - Gespeichert - Wago750 Status: 255.0
2026-07-10 11:01:59 [MQTT Call: paho2145044059066] INFO  c.s.Seminar1.services.MqttService - Gespeichert - Wago750 Status: 65280.0
2026-07-10 11:02:00 [MQTT Call: paho2145044059066] INFO  c.s.Seminar1.services.MqttService - Gespeichert - Wago750 Status: 255.0
2026-07-10 11:02:01 [MQTT Call: paho2145044059066] INFO  c.s.Seminar1.services.MqttService - Gespeichert - Wago750 Status: 65280.0
2026-07-10 11:02:02 [MQTT Call: paho2145044059066] INFO  c.s.Seminar1.services.MqttService - Gespeichert - Wago750 Status: 255.0
2026-07-10 11:02:02 [MQTT Call: paho2145044059066] INFO  c.s.Seminar1.services.MqttService - Gespeichert - Temperatur Differenz: 0.23
2026-07-10 11:02:02 [MQTT Call: paho2145044059066] INFO  c.s.Seminar1.services.MqttService - Gespeichert - Temperatur Ist: 27.82
2026-07-10 11:02:03 [MQTT Call: paho2145044059066] INFO  c.s.Seminar1.services.MqttService - Gespeichert - Wago750 Status: 65280.0
2026-07-10 11:02:03 [MQTT Call: paho2145044059066] INFO  c.s.Seminar1.services.MqttService - Gespeichert - Temperatur Differenz: 0.25
2026-07-10 11:02:03 [MQTT Call: paho2145044059066] INFO  c.s.Seminar1.services.MqttService - Gespeichert - Temperatur Ist: 27.84
2026-07-10 11:02:04 [MQTT Call: paho2145044059066] INFO  c.s.Seminar1.services.MqttService - Gespeichert - Wago750 Status: 255.0
2026-07-10 11:02:04 [MQTT Call: paho2145044059066] INFO  c.s.Seminar1.services.MqttService - Gespeichert - Temperatur Differenz: 0.23
2026-07-10 11:02:04 [MQTT Call: paho2145044059066] INFO  c.s.Seminar1.services.MqttService - Gespeichert - Temperatur Ist: 27.82
2026-07-10 11:02:05 [MQTT Call: paho2145044059066] INFO  c.s.Seminar1.services.MqttService - Gespeichert - Wago750 Status: 65280.0
2026-07-10 11:02:06 [MQTT Call: paho2145044059066] INFO  c.s.Seminar1.services.MqttService - Gespeichert - Wago750 Status: 255.0
2026-07-10 11:02:07 [MQTT Call: paho2145044059066] INFO  c.s.Seminar1.services.MqttService - Gespeichert - Wago750 Status: 65280.0
2026-07-10 11:02:08 [MQTT Call: paho2145044059066] INFO  c.s.Seminar1.services.MqttService - Gespeichert - Wago750 Status: 255.0
2026-07-10 11:02:09 [MQTT Call: paho2145044059066] INFO  c.s.Seminar1.services.MqttService - Gespeichert - Wago750 Status: 65280.0
2026-07-10 11:02:10 [MQTT Call: paho2145044059066] INFO  c.s.Seminar1.services.MqttService - Gespeichert - Wago750 Status: 255.0
2026-07-10 11:02:11 [MQTT Call: paho2145044059066] INFO  c.s.Seminar1.services.MqttService - Gespeichert - Wago750 Status: 65280.0
2026-07-10 11:02:14 [MQTT Call: paho2145044059066] INFO  c.s.Seminar1.services.MqttService - Gespeichert - Wago750 Status: 255.0
2026-07-10 11:02:15 [MQTT Call: paho2145044059066] INFO  c.s.Seminar1.services.MqttService - Gespeichert - Wago750 Status: 65280.0
2026-07-10 11:02:16 [MQTT Call: paho2145044059066] INFO  c.s.Seminar1.services.MqttService - Gespeichert - Wago750 Status: 255.0
2026-07-10 11:02:17 [MQTT Call: paho2145044059066] INFO  c.s.Seminar1.services.MqttService - Gespeichert - Wago750 Status: 65280.0
2026-07-10 11:02:18 [MQTT Call: paho2145044059066] INFO  c.s.Seminar1.services.MqttService - Gespeichert - Wago750 Status: 255.0
2026-07-10 11:02:19 [MQTT Call: paho2145044059066] INFO  c.s.Seminar1.services.MqttService - Gespeichert - Wago750 Status: 65280.0
2026-07-10 11:02:20 [MQTT Call: paho2145044059066] INFO  c.s.Seminar1.services.MqttService - Gespeichert - Wago750 Status: 255.0
2026-07-10 11:02:21 [MQTT Call: paho2145044059066] INFO  c.s.Seminar1.services.MqttService - Gespeichert - Wago750 Status: 65280.0
2026-07-10 11:02:22 [MQTT Call: paho2145044059066] INFO  c.s.Seminar1.services.MqttService - Gespeichert - Wago750 Status: 255.0
2026-07-10 11:02:23 [MQTT Call: paho2145044059066] INFO  c.s.Seminar1.services.MqttService - Gespeichert - Wago750 Status: 65280.0
2026-07-10 11:02:24 [MQTT Call: paho2145044059066] INFO  c.s.Seminar1.services.MqttService - Gespeichert - Wago750 Status: 255.0
2026-07-10 11:02:25 [MQTT Call: paho2145044059066] INFO  c.s.Seminar1.services.MqttService - Gespeichert - Wago750 Status: 65280.0
2026-07-10 11:02:26 [MQTT Call: paho2145044059066] INFO  c.s.Seminar1.services.MqttService - Gespeichert - Wago750 Status: 255.0
2026-07-10 11:02:27 [MQTT Call: paho2145044059066] INFO  c.s.Seminar1.services.MqttService - Gespeichert - Wago750 Status: 65280.0
2026-07-10 11:02:28 [MQTT Call: paho2145044059066] INFO  c.s.Seminar1.services.MqttService - Gespeichert - Wago750 Status: 255.0
2026-07-10 11:02:29 [MQTT Call: paho2145044059066] INFO  c.s.Seminar1.services.MqttService - Gespeichert - Wago750 Status: 65280.0
2026-07-10 11:02:30 [MQTT Call: paho2145044059066] INFO  c.s.Seminar1.services.MqttService - Gespeichert - Wago750 Status: 255.0
2026-07-10 11:02:31 [MQTT Call: paho2145044059066] INFO  c.s.Seminar1.services.MqttService - Gespeichert - Wago750 Status: 65280.0
2026-07-10 11:02:32 [MQTT Call: paho2145044059066] INFO  c.s.Seminar1.services.MqttService - Gespeichert - Wago750 Status: 255.0
2026-07-10 11:02:32 [MQTT Call: paho2145044059066] INFO  c.s.Seminar1.services.MqttService - Gespeichert - Temperatur Differenz: 0.2
2026-07-10 11:02:33 [MQTT Call: paho2145044059066] INFO  c.s.Seminar1.services.MqttService - Gespeichert - Wago750 Status: 65280.0
2026-07-10 11:02:33 [MQTT Call: paho2145044059066] INFO  c.s.Seminar1.services.MqttService - Gespeichert - Temperatur Differenz: 0.23
2026-07-10 11:02:34 [MQTT Call: paho2145044059066] INFO  c.s.Seminar1.services.MqttService - Gespeichert - Wago750 Status: 255.0
2026-07-10 11:02:34 [MQTT Call: paho2145044059066] INFO  c.s.Seminar1.services.MqttService - Gespeichert - Temperatur Soll: 27.62
2026-07-10 11:02:34 [MQTT Call: paho2145044059066] INFO  c.s.Seminar1.services.MqttService - Gespeichert - Temperatur Differenz: 0.2
2026-07-10 11:02:35 [MQTT Call: paho2145044059066] INFO  c.s.Seminar1.services.MqttService - Gespeichert - Wago750 Status: 65280.0
2026-07-10 11:02:35 [MQTT Call: paho2145044059066] INFO  c.s.Seminar1.services.MqttService - Gespeichert - Temperatur Soll: 27.59
2026-07-10 11:02:35 [MQTT Call: paho2145044059066] INFO  c.s.Seminar1.services.MqttService - Gespeichert - Temperatur Differenz: 0.23
2026-07-10 11:02:36 [MQTT Call: paho2145044059066] INFO  c.s.Seminar1.services.MqttService - Gespeichert - Wago750 Status: 255.0
2026-07-10 11:02:36 [MQTT Call: paho2145044059066] INFO  c.s.Seminar1.services.MqttService - Gespeichert - Temperatur Soll: 27.62
2026-07-10 11:02:36 [MQTT Call: paho2145044059066] INFO  c.s.Seminar1.services.MqttService - Gespeichert - Temperatur Differenz: 0.2
2026-07-10 11:02:37 [MQTT Call: paho2145044059066] INFO  c.s.Seminar1.services.MqttService - Gespeichert - Wago750 Status: 65280.0
2026-07-10 11:02:38 [MQTT Call: paho2145044059066] INFO  c.s.Seminar1.services.MqttService - Gespeichert - Wago750 Status: 255.0
2026-07-10 11:02:39 [MQTT Call: paho2145044059066] INFO  c.s.Seminar1.services.MqttService - Gespeichert - Wago750 Status: 65280.0
2026-07-10 11:02:40 [MQTT Call: paho2145044059066] INFO  c.s.Seminar1.services.MqttService - Gespeichert - Wago750 Status: 255.0
2026-07-10 11:02:41 [MQTT Call: paho2145044059066] INFO  c.s.Seminar1.services.MqttService - Gespeichert - Wago750 Status: 65280.0
2026-07-10 11:02:42 [MQTT Call: paho2145044059066] INFO  c.s.Seminar1.services.MqttService - Gespeichert - Wago750 Status: 255.0
2026-07-10 11:02:43 [MQTT Call: paho2145044059066] INFO  c.s.Seminar1.services.MqttService - Gespeichert - Wago750 Status: 65280.0
2026-07-10 11:02:44 [MQTT Call: paho2145044059066] INFO  c.s.Seminar1.services.MqttService - Gespeichert - Wago750 Status: 255.0
2026-07-10 11:02:45 [MQTT Call: paho2145044059066] INFO  c.s.Seminar1.services.MqttService - Gespeichert - Wago750 Status: 65280.0
2026-07-10 11:02:46 [MQTT Call: paho2145044059066] INFO  c.s.Seminar1.services.MqttService - Gespeichert - Wago750 Status: 255.0
2026-07-10 11:02:47 [MQTT Call: paho2145044059066] INFO  c.s.Seminar1.services.MqttService - Gespeichert - Wago750 Status: 65280.0
2026-07-10 11:02:48 [MQTT Call: paho2145044059066] INFO  c.s.Seminar1.services.MqttService - Gespeichert - Wago750 Status: 255.0
2026-07-10 11:02:49 [MQTT Call: paho2145044059066] INFO  c.s.Seminar1.services.MqttService - Gespeichert - Wago750 Status: 65280.0
2026-07-10 11:02:51 [MQTT Call: paho2145044059066] INFO  c.s.Seminar1.services.MqttService - Gespeichert - Wago750 Status: 255.0
2026-07-10 11:02:52 [MQTT Call: paho2145044059066] INFO  c.s.Seminar1.services.MqttService - Gespeichert - Wago750 Status: 65280.0
2026-07-10 11:02:53 [MQTT Call: paho2145044059066] INFO  c.s.Seminar1.services.MqttService - Gespeichert - Wago750 Status: 255.0
2026-07-10 11:02:54 [MQTT Call: paho2145044059066] INFO  c.s.Seminar1.services.MqttService - Gespeichert - Wago750 Status: 65280.0
2026-07-10 11:02:55 [MQTT Call: paho2145044059066] INFO  c.s.Seminar1.services.MqttService - Gespeichert - Wago750 Status: 255.0
2026-07-10 11:02:56 [MQTT Call: paho2145044059066] INFO  c.s.Seminar1.services.MqttService - Gespeichert - Wago750 Status: 65280.0
2026-07-10 11:02:57 [MQTT Call: paho2145044059066] INFO  c.s.Seminar1.services.MqttService - Gespeichert - Wago750 Status: 255.0
2026-07-10 11:02:58 [MQTT Call: paho2145044059066] INFO  c.s.Seminar1.services.MqttService - Gespeichert - Wago750 Status: 65280.0
2026-07-10 11:02:59 [MQTT Call: paho2145044059066] INFO  c.s.Seminar1.services.MqttService - Gespeichert - Wago750 Status: 255.0
2026-07-10 11:03:00 [MQTT Call: paho2145044059066] INFO  c.s.Seminar1.services.MqttService - Gespeichert - Wago750 Control: 2
2026-07-10 11:03:00 [MQTT Call: paho2145044059066] INFO  c.s.Seminar1.services.MqttService - Gespeichert - Wago750 Status: 64.0
2026-07-10 11:03:01 [MQTT Call: paho2145044059066] INFO  c.s.Seminar1.services.MqttService - Gespeichert - Wago750 Status: 128.0
2026-07-10 11:03:02 [MQTT Call: paho2145044059066] INFO  c.s.Seminar1.services.MqttService - Gespeichert - Wago750 Status: 32768.0
2026-07-10 11:03:03 [MQTT Call: paho2145044059066] INFO  c.s.Seminar1.services.MqttService - Gespeichert - Wago750 Status: 16384.0
2026-07-10 11:03:04 [MQTT Call: paho2145044059066] INFO  c.s.Seminar1.services.MqttService - Gespeichert - Wago750 Status: 8192.0
2026-07-10 11:03:05 [MQTT Call: paho2145044059066] INFO  c.s.Seminar1.services.MqttService - Gespeichert - Wago750 Status: 4096.0
2026-07-10 11:03:06 [MQTT Call: paho2145044059066] INFO  c.s.Seminar1.services.MqttService - Gespeichert - Wago750 Status: 2048.0
2026-07-10 11:03:08 [MQTT Call: paho2145044059066] INFO  c.s.Seminar1.services.MqttService - Gespeichert - Wago750 Status: 1024.0
2026-07-10 11:03:09 [MQTT Call: paho2145044059066] INFO  c.s.Seminar1.services.MqttService - Gespeichert - Wago750 Status: 512.0
2026-07-10 11:03:10 [MQTT Call: paho2145044059066] INFO  c.s.Seminar1.services.MqttService - Gespeichert - Wago750 Status: 256.0
2026-07-10 11:03:11 [MQTT Call: paho2145044059066] INFO  c.s.Seminar1.services.MqttService - Gespeichert - Wago750 Status: 1.0
2026-07-10 11:03:12 [MQTT Call: paho2145044059066] INFO  c.s.Seminar1.services.MqttService - Gespeichert - Wago750 Status: 2.0
2026-07-10 11:03:13 [MQTT Call: paho2145044059066] INFO  c.s.Seminar1.services.MqttService - Gespeichert - Wago750 Status: 4.0
2026-07-10 11:03:14 [MQTT Call: paho2145044059066] INFO  c.s.Seminar1.services.MqttService - Gespeichert - Wago750 Status: 8.0
2026-07-10 11:03:15 [MQTT Call: paho2145044059066] INFO  c.s.Seminar1.services.MqttService - Gespeichert - Wago750 Status: 16.0
2026-07-10 11:03:16 [MQTT Call: paho2145044059066] INFO  c.s.Seminar1.services.MqttService - Gespeichert - Wago750 Status: 32.0
2026-07-10 11:03:17 [MQTT Call: paho2145044059066] INFO  c.s.Seminar1.services.MqttService - Gespeichert - Wago750 Status: 64.0
2026-07-10 11:03:18 [MQTT Call: paho2145044059066] INFO  c.s.Seminar1.services.MqttService - Gespeichert - Wago750 Status: 128.0
2026-07-10 11:03:19 [MQTT Call: paho2145044059066] INFO  c.s.Seminar1.services.MqttService - Gespeichert - Wago750 Status: 32768.0
2026-07-10 11:03:19 [MQTT Call: paho2145044059066] INFO  c.s.Seminar1.services.MqttService - Gespeichert - Temperatur Soll: 27.63
2026-07-10 11:03:19 [MQTT Call: paho2145044059066] INFO  c.s.Seminar1.services.MqttService - Gespeichert - Temperatur Differenz: 0.19
2026-07-10 11:03:20 [MQTT Call: paho2145044059066] INFO  c.s.Seminar1.services.MqttService - Gespeichert - Wago750 Status: 16384.0
2026-07-10 11:03:20 [MQTT Call: paho2145044059066] INFO  c.s.Seminar1.services.MqttService - Gespeichert - Temperatur Soll: 27.62
2026-07-10 11:03:20 [MQTT Call: paho2145044059066] INFO  c.s.Seminar1.services.MqttService - Gespeichert - Temperatur Differenz: 0.2
2026-07-10 11:03:21 [MQTT Call: paho2145044059066] INFO  c.s.Seminar1.services.MqttService - Gespeichert - Wago750 Status: 8192.0
2026-07-10 11:03:21 [MQTT Call: paho2145044059066] INFO  c.s.Seminar1.services.MqttService - Gespeichert - Temperatur Soll: 27.63
2026-07-10 11:03:21 [MQTT Call: paho2145044059066] INFO  c.s.Seminar1.services.MqttService - Gespeichert - Temperatur Differenz: 0.19
2026-07-10 11:03:22 [MQTT Call: paho2145044059066] INFO  c.s.Seminar1.services.MqttService - Gespeichert - Wago750 Status: 4096.0
2026-07-10 11:03:23 [MQTT Call: paho2145044059066] INFO  c.s.Seminar1.services.MqttService - Gespeichert - Wago750 Status: 2048.0
2026-07-10 11:03:23 [MQTT Call: paho2145044059066] INFO  c.s.Seminar1.services.MqttService - Gespeichert - Temperatur Soll: 27.62
2026-07-10 11:03:23 [MQTT Call: paho2145044059066] INFO  c.s.Seminar1.services.MqttService - Gespeichert - Temperatur Differenz: 0.2
2026-07-10 11:03:24 [MQTT Call: paho2145044059066] INFO  c.s.Seminar1.services.MqttService - Gespeichert - Wago750 Status: 1024.0
2026-07-10 11:03:24 [MQTT Call: paho2145044059066] INFO  c.s.Seminar1.services.MqttService - Gespeichert - Temperatur Soll: 27.63
2026-07-10 11:03:24 [MQTT Call: paho2145044059066] INFO  c.s.Seminar1.services.MqttService - Gespeichert - Temperatur Differenz: 0.19
2026-07-10 11:03:25 [MQTT Call: paho2145044059066] INFO  c.s.Seminar1.services.MqttService - Gespeichert - Wago750 Status: 512.0
2026-07-10 11:03:26 [MQTT Call: paho2145044059066] INFO  c.s.Seminar1.services.MqttService - Gespeichert - Wago750 Status: 256.0
2026-07-10 11:03:27 [MQTT Call: paho2145044059066] INFO  c.s.Seminar1.services.MqttService - Gespeichert - Wago750 Status: 1.0
2026-07-10 11:03:28 [MQTT Call: paho2145044059066] INFO  c.s.Seminar1.services.MqttService - Gespeichert - Wago750 Status: 2.0
2026-07-10 11:03:29 [MQTT Call: paho2145044059066] INFO  c.s.Seminar1.services.MqttService - Gespeichert - Wago750 Status: 4.0
2026-07-10 11:03:30 [MQTT Call: paho2145044059066] INFO  c.s.Seminar1.services.MqttService - Gespeichert - Wago750 Status: 8.0
2026-07-10 11:03:31 [MQTT Call: paho2145044059066] INFO  c.s.Seminar1.services.MqttService - Gespeichert - Wago750 Status: 16.0
2026-07-10 11:03:32 [MQTT Call: paho2145044059066] INFO  c.s.Seminar1.services.MqttService - Gespeichert - Wago750 Status: 32.0
2026-07-10 11:03:33 [MQTT Call: paho2145044059066] INFO  c.s.Seminar1.services.MqttService - Gespeichert - Wago750 Status: 64.0
2026-07-10 11:03:34 [MQTT Call: paho2145044059066] INFO  c.s.Seminar1.services.MqttService - Gespeichert - Wago750 Status: 128.0
2026-07-10 11:03:34 [MQTT Call: paho2145044059066] INFO  c.s.Seminar1.services.MqttService - Gespeichert - Temperatur Soll: 27.62
2026-07-10 11:03:34 [MQTT Call: paho2145044059066] INFO  c.s.Seminar1.services.MqttService - Gespeichert - Temperatur Differenz: 0.2
2026-07-10 11:03:35 [MQTT Call: paho2145044059066] INFO  c.s.Seminar1.services.MqttService - Gespeichert - Wago750 Status: 32768.0
2026-07-10 11:03:35 [MQTT Call: paho2145044059066] INFO  c.s.Seminar1.services.MqttService - Gespeichert - Temperatur Soll: 27.63
2026-07-10 11:03:35 [MQTT Call: paho2145044059066] INFO  c.s.Seminar1.services.MqttService - Gespeichert - Temperatur Differenz: 0.19
2026-07-10 11:03:36 [MQTT Call: paho2145044059066] INFO  c.s.Seminar1.services.MqttService - Gespeichert - Wago750 Status: 16384.0
2026-07-10 11:03:37 [MQTT Call: paho2145044059066] INFO  c.s.Seminar1.services.MqttService - Gespeichert - Wago750 Status: 8192.0
2026-07-10 11:03:38 [MQTT Call: paho2145044059066] INFO  c.s.Seminar1.services.MqttService - Gespeichert - Wago750 Status: 4096.0
2026-07-10 11:03:39 [MQTT Call: paho2145044059066] INFO  c.s.Seminar1.services.MqttService - Gespeichert - Wago750 Status: 2048.0
2026-07-10 11:03:40 [MQTT Call: paho2145044059066] INFO  c.s.Seminar1.services.MqttService - Gespeichert - Wago750 Status: 1024.0
2026-07-10 11:03:41 [MQTT Call: paho2145044059066] INFO  c.s.Seminar1.services.MqttService - Gespeichert - Wago750 Status: 512.0
2026-07-10 11:03:41 [MQTT Call: paho2145044059066] INFO  c.s.Seminar1.services.MqttService - Gespeichert - Temperatur Differenz: 0.2
2026-07-10 11:03:42 [MQTT Call: paho2145044059066] INFO  c.s.Seminar1.services.MqttService - Gespeichert - Wago750 Status: 256.0
2026-07-10 11:03:42 [MQTT Call: paho2145044059066] INFO  c.s.Seminar1.services.MqttService - Gespeichert - Temperatur Differenz: 0.19
2026-07-10 11:03:43 [MQTT Call: paho2145044059066] INFO  c.s.Seminar1.services.MqttService - Gespeichert - Wago750 Status: 1.0
2026-07-10 11:03:44 [MQTT Call: paho2145044059066] INFO  c.s.Seminar1.services.MqttService - Gespeichert - Wago750 Status: 2.0
2026-07-10 11:03:44 [MQTT Call: paho2145044059066] INFO  c.s.Seminar1.services.MqttService - Gespeichert - Temperatur Differenz: 0.2
2026-07-10 11:03:45 [MQTT Call: paho2145044059066] INFO  c.s.Seminar1.services.MqttService - Gespeichert - Wago750 Status: 4.0
2026-07-10 11:03:45 [MQTT Call: paho2145044059066] INFO  c.s.Seminar1.services.MqttService - Gespeichert - Temperatur Differenz: 0.19
2026-07-10 11:03:46 [MQTT Call: paho2145044059066] INFO  c.s.Seminar1.services.MqttService - Gespeichert - Wago750 Status: 8.0
2026-07-10 11:03:47 [MQTT Call: paho2145044059066] INFO  c.s.Seminar1.services.MqttService - Gespeichert - Wago750 Status: 16.0
2026-07-10 11:03:48 [MQTT Call: paho2145044059066] INFO  c.s.Seminar1.services.MqttService - Gespeichert - Wago750 Status: 32.0
2026-07-10 11:03:49 [MQTT Call: paho2145044059066] INFO  c.s.Seminar1.services.MqttService - Gespeichert - Wago750 Status: 64.0
2026-07-10 11:03:50 [MQTT Call: paho2145044059066] INFO  c.s.Seminar1.services.MqttService - Gespeichert - Wago750 Status: 128.0
2026-07-10 11:03:51 [MQTT Call: paho2145044059066] INFO  c.s.Seminar1.services.MqttService - Gespeichert - Wago750 Status: 32768.0
2026-07-10 11:03:52 [MQTT Call: paho2145044059066] INFO  c.s.Seminar1.services.MqttService - Gespeichert - Wago750 Status: 16384.0
2026-07-10 11:03:53 [MQTT Call: paho2145044059066] INFO  c.s.Seminar1.services.MqttService - Gespeichert - Wago750 Status: 8192.0
2026-07-10 11:03:54 [MQTT Call: paho2145044059066] INFO  c.s.Seminar1.services.MqttService - Gespeichert - Wago750 Status: 4096.0
2026-07-10 11:03:55 [MQTT Call: paho2145044059066] INFO  c.s.Seminar1.services.MqttService - Gespeichert - Wago750 Status: 2048.0
2026-07-10 11:03:56 [MQTT Call: paho2145044059066] INFO  c.s.Seminar1.services.MqttService - Gespeichert - Wago750 Status: 1024.0
2026-07-10 11:03:57 [MQTT Call: paho2145044059066] INFO  c.s.Seminar1.services.MqttService - Gespeichert - Wago750 Status: 512.0
2026-07-10 11:03:58 [MQTT Call: paho2145044059066] INFO  c.s.Seminar1.services.MqttService - Gespeichert - Wago750 Status: 256.0
2026-07-10 11:03:59 [MQTT Call: paho2145044059066] INFO  c.s.Seminar1.services.MqttService - Gespeichert - Wago750 Status: 1.0
2026-07-10 11:04:01 [MQTT Call: paho2145044059066] INFO  c.s.Seminar1.services.MqttService - Gespeichert - Wago750 Status: 4.0
2026-07-10 11:04:02 [MQTT Call: paho2145044059066] INFO  c.s.Seminar1.services.MqttService - Gespeichert - Wago750 Status: 8.0
2026-07-10 11:04:03 [MQTT Call: paho2145044059066] INFO  c.s.Seminar1.services.MqttService - Gespeichert - Wago750 Status: 16.0
2026-07-10 11:04:04 [MQTT Call: paho2145044059066] INFO  c.s.Seminar1.services.MqttService - Gespeichert - Wago750 Status: 32.0
2026-07-10 11:04:05 [MQTT Call: paho2145044059066] INFO  c.s.Seminar1.services.MqttService - Gespeichert - Wago750 Status: 64.0
2026-07-10 11:04:06 [MQTT Call: paho2145044059066] INFO  c.s.Seminar1.services.MqttService - Gespeichert - Wago750 Status: 128.0
2026-07-10 11:04:07 [MQTT Call: paho2145044059066] INFO  c.s.Seminar1.services.MqttService - Gespeichert - Wago750 Status: 32768.0
2026-07-10 11:04:07 [MQTT Call: paho2145044059066] INFO  c.s.Seminar1.services.MqttService - Gespeichert - Temperatur Differenz: 0.17
2026-07-10 11:04:07 [MQTT Call: paho2145044059066] INFO  c.s.Seminar1.services.MqttService - Gespeichert - Temperatur Ist: 27.8
2026-07-10 11:04:08 [MQTT Call: paho2145044059066] INFO  c.s.Seminar1.services.MqttService - Gespeichert - Wago750 Status: 16384.0
2026-07-10 11:04:08 [MQTT Call: paho2145044059066] INFO  c.s.Seminar1.services.MqttService - Gespeichert - Temperatur Differenz: 0.19
2026-07-10 11:04:08 [MQTT Call: paho2145044059066] INFO  c.s.Seminar1.services.MqttService - Gespeichert - Temperatur Ist: 27.82
2026-07-10 11:04:09 [MQTT Call: paho2145044059066] INFO  c.s.Seminar1.services.MqttService - Gespeichert - Wago750 Status: 8192.0
2026-07-10 11:04:10 [MQTT Call: paho2145044059066] INFO  c.s.Seminar1.services.MqttService - Gespeichert - Wago750 Status: 4096.0
2026-07-10 11:04:11 [MQTT Call: paho2145044059066] INFO  c.s.Seminar1.services.MqttService - Gespeichert - Wago750 Status: 2048.0
2026-07-10 11:04:12 [MQTT Call: paho2145044059066] INFO  c.s.Seminar1.services.MqttService - Gespeichert - Wago750 Status: 1024.0
2026-07-10 11:04:12 [MQTT Call: paho2145044059066] INFO  c.s.Seminar1.services.MqttService - Gespeichert - Temperatur Differenz: 0.17
2026-07-10 11:04:12 [MQTT Call: paho2145044059066] INFO  c.s.Seminar1.services.MqttService - Gespeichert - Temperatur Ist: 27.8
2026-07-10 11:04:13 [MQTT Call: paho2145044059066] INFO  c.s.Seminar1.services.MqttService - Gespeichert - Wago750 Status: 512.0
2026-07-10 11:04:13 [MQTT Call: paho2145044059066] INFO  c.s.Seminar1.services.MqttService - Gespeichert - Temperatur Differenz: 0.19
2026-07-10 11:04:13 [MQTT Call: paho2145044059066] INFO  c.s.Seminar1.services.MqttService - Gespeichert - Temperatur Ist: 27.82
2026-07-10 11:04:14 [MQTT Call: paho2145044059066] INFO  c.s.Seminar1.services.MqttService - Gespeichert - Wago750 Status: 256.0
2026-07-10 11:04:14 [MQTT Call: paho2145044059066] INFO  c.s.Seminar1.services.MqttService - Gespeichert - Temperatur Differenz: 0.17
2026-07-10 11:04:14 [MQTT Call: paho2145044059066] INFO  c.s.Seminar1.services.MqttService - Gespeichert - Temperatur Ist: 27.8
2026-07-10 11:04:15 [MQTT Call: paho2145044059066] INFO  c.s.Seminar1.services.MqttService - Gespeichert - Wago750 Status: 1.0
2026-07-10 11:04:15 [MQTT Call: paho2145044059066] INFO  c.s.Seminar1.services.MqttService - Gespeichert - Temperatur Differenz: 0.19
2026-07-10 11:04:15 [MQTT Call: paho2145044059066] INFO  c.s.Seminar1.services.MqttService - Gespeichert - Temperatur Ist: 27.82
2026-07-10 11:04:16 [MQTT Call: paho2145044059066] INFO  c.s.Seminar1.services.MqttService - Gespeichert - Wago750 Status: 2.0
2026-07-10 11:04:16 [MQTT Call: paho2145044059066] INFO  c.s.Seminar1.services.MqttService - Gespeichert - Temperatur Differenz: 0.17
2026-07-10 11:04:16 [MQTT Call: paho2145044059066] INFO  c.s.Seminar1.services.MqttService - Gespeichert - Temperatur Ist: 27.8
2026-07-10 11:04:17 [MQTT Call: paho2145044059066] INFO  c.s.Seminar1.services.MqttService - Gespeichert - Wago750 Status: 4.0
2026-07-10 11:04:18 [MQTT Call: paho2145044059066] INFO  c.s.Seminar1.services.MqttService - Gespeichert - Wago750 Status: 8.0
2026-07-10 11:04:18 [MQTT Call: paho2145044059066] INFO  c.s.Seminar1.services.MqttService - Gespeichert - Temperatur Differenz: 0.19
2026-07-10 11:04:18 [MQTT Call: paho2145044059066] INFO  c.s.Seminar1.services.MqttService - Gespeichert - Temperatur Ist: 27.82
2026-07-10 11:04:19 [MQTT Call: paho2145044059066] INFO  c.s.Seminar1.services.MqttService - Gespeichert - Wago750 Status: 16.0
2026-07-10 11:04:19 [MQTT Call: paho2145044059066] INFO  c.s.Seminar1.services.MqttService - Gespeichert - Temperatur Differenz: 0.17
2026-07-10 11:04:19 [MQTT Call: paho2145044059066] INFO  c.s.Seminar1.services.MqttService - Gespeichert - Temperatur Ist: 27.8
2026-07-10 11:04:20 [MQTT Call: paho2145044059066] INFO  c.s.Seminar1.services.MqttService - Gespeichert - Wago750 Status: 32.0
2026-07-10 11:04:21 [MQTT Call: paho2145044059066] INFO  c.s.Seminar1.services.MqttService - Gespeichert - Wago750 Status: 64.0
2026-07-10 11:04:22 [MQTT Call: paho2145044059066] INFO  c.s.Seminar1.services.MqttService - Gespeichert - Wago750 Status: 128.0
2026-07-10 11:04:23 [MQTT Call: paho2145044059066] INFO  c.s.Seminar1.services.MqttService - Gespeichert - Wago750 Status: 32768.0
2026-07-10 11:04:24 [MQTT Call: paho2145044059066] INFO  c.s.Seminar1.services.MqttService - Gespeichert - Wago750 Status: 16384.0
2026-07-10 11:04:25 [MQTT Call: paho2145044059066] INFO  c.s.Seminar1.services.MqttService - Gespeichert - Wago750 Status: 8192.0
2026-07-10 11:04:26 [MQTT Call: paho2145044059066] INFO  c.s.Seminar1.services.MqttService - Gespeichert - Wago750 Status: 4096.0
2026-07-10 11:04:27 [MQTT Call: paho2145044059066] INFO  c.s.Seminar1.services.MqttService - Gespeichert - Wago750 Status: 2048.0
2026-07-10 11:04:28 [MQTT Call: paho2145044059066] INFO  c.s.Seminar1.services.MqttService - Gespeichert - Wago750 Status: 1024.0
2026-07-10 11:04:29 [MQTT Call: paho2145044059066] INFO  c.s.Seminar1.services.MqttService - Gespeichert - Wago750 Status: 512.0
2026-07-10 11:04:30 [MQTT Call: paho2145044059066] INFO  c.s.Seminar1.services.MqttService - Gespeichert - Wago750 Status: 256.0
2026-07-10 11:04:30 [MQTT Call: paho2145044059066] INFO  c.s.Seminar1.services.MqttService - Gespeichert - Temperatur Differenz: 0.19
2026-07-10 11:04:30 [MQTT Call: paho2145044059066] INFO  c.s.Seminar1.services.MqttService - Gespeichert - Temperatur Ist: 27.82
2026-07-10 11:04:31 [MQTT Call: paho2145044059066] INFO  c.s.Seminar1.services.MqttService - Gespeichert - Wago750 Status: 1.0
2026-07-10 11:04:31 [MQTT Call: paho2145044059066] INFO  c.s.Seminar1.services.MqttService - Gespeichert - Temperatur Differenz: 0.17
2026-07-10 11:04:31 [MQTT Call: paho2145044059066] INFO  c.s.Seminar1.services.MqttService - Gespeichert - Temperatur Ist: 27.8
2026-07-10 11:04:32 [MQTT Call: paho2145044059066] INFO  c.s.Seminar1.services.MqttService - Gespeichert - Wago750 Status: 2.0
2026-07-10 11:04:33 [MQTT Call: paho2145044059066] INFO  c.s.Seminar1.services.MqttService - Gespeichert - Wago750 Status: 4.0
2026-07-10 11:04:34 [MQTT Call: paho2145044059066] INFO  c.s.Seminar1.services.MqttService - Gespeichert - Wago750 Status: 8.0
2026-07-10 11:04:35 [MQTT Call: paho2145044059066] INFO  c.s.Seminar1.services.MqttService - Gespeichert - Wago750 Status: 16.0
2026-07-10 11:04:35 [MQTT Call: paho2145044059066] INFO  c.s.Seminar1.services.MqttService - Gespeichert - Temperatur Differenz: 0.19
2026-07-10 11:04:35 [MQTT Call: paho2145044059066] INFO  c.s.Seminar1.services.MqttService - Gespeichert - Temperatur Ist: 27.82
2026-07-10 11:04:36 [MQTT Call: paho2145044059066] INFO  c.s.Seminar1.services.MqttService - Gespeichert - Wago750 Status: 32.0
2026-07-10 11:04:36 [MQTT Call: paho2145044059066] INFO  c.s.Seminar1.services.MqttService - Gespeichert - Temperatur Differenz: 0.17
2026-07-10 11:04:36 [MQTT Call: paho2145044059066] INFO  c.s.Seminar1.services.MqttService - Gespeichert - Temperatur Ist: 27.8
2026-07-10 11:04:37 [MQTT Call: paho2145044059066] INFO  c.s.Seminar1.services.MqttService - Gespeichert - Wago750 Status: 64.0
2026-07-10 11:04:38 [MQTT Call: paho2145044059066] INFO  c.s.Seminar1.services.MqttService - Gespeichert - Wago750 Status: 128.0
2026-07-10 11:04:39 [MQTT Call: paho2145044059066] INFO  c.s.Seminar1.services.MqttService - Gespeichert - Wago750 Status: 32768.0
2026-07-10 11:04:40 [MQTT Call: paho2145044059066] INFO  c.s.Seminar1.services.MqttService - Gespeichert - Wago750 Status: 16384.0
2026-07-10 11:04:41 [MQTT Call: paho2145044059066] INFO  c.s.Seminar1.services.MqttService - Gespeichert - Wago750 Status: 8192.0
2026-07-10 11:04:42 [MQTT Call: paho2145044059066] INFO  c.s.Seminar1.services.MqttService - Gespeichert - Wago750 Status: 4096.0
2026-07-10 11:04:43 [MQTT Call: paho2145044059066] INFO  c.s.Seminar1.services.MqttService - Gespeichert - Wago750 Status: 2048.0
2026-07-10 11:04:44 [MQTT Call: paho2145044059066] INFO  c.s.Seminar1.services.MqttService - Gespeichert - Wago750 Status: 1024.0
2026-07-10 11:04:44 [MQTT Call: paho2145044059066] INFO  c.s.Seminar1.services.MqttService - Gespeichert - Temperatur Differenz: 0.19
2026-07-10 11:04:44 [MQTT Call: paho2145044059066] INFO  c.s.Seminar1.services.MqttService - Gespeichert - Temperatur Ist: 27.82
2026-07-10 11:04:45 [MQTT Call: paho2145044059066] INFO  c.s.Seminar1.services.MqttService - Gespeichert - Wago750 Status: 512.0
2026-07-10 11:04:45 [MQTT Call: paho2145044059066] INFO  c.s.Seminar1.services.MqttService - Gespeichert - Temperatur Differenz: 0.17
2026-07-10 11:04:45 [MQTT Call: paho2145044059066] INFO  c.s.Seminar1.services.MqttService - Gespeichert - Temperatur Ist: 27.8
2026-07-10 11:04:46 [MQTT Call: paho2145044059066] INFO  c.s.Seminar1.services.MqttService - Gespeichert - Wago750 Status: 256.0
2026-07-10 11:04:47 [MQTT Call: paho2145044059066] INFO  c.s.Seminar1.services.MqttService - Gespeichert - Wago750 Status: 1.0
2026-07-10 11:04:47 [MQTT Call: paho2145044059066] INFO  c.s.Seminar1.services.MqttService - Gespeichert - Temperatur Soll: 27.65
2026-07-10 11:04:47 [MQTT Call: paho2145044059066] INFO  c.s.Seminar1.services.MqttService - Gespeichert - Temperatur Ist: 27.82
2026-07-10 11:04:48 [MQTT Call: paho2145044059066] INFO  c.s.Seminar1.services.MqttService - Gespeichert - Wago750 Status: 2.0
2026-07-10 11:04:48 [MQTT Call: paho2145044059066] INFO  c.s.Seminar1.services.MqttService - Gespeichert - Temperatur Differenz: 0.15
2026-07-10 11:04:48 [MQTT Call: paho2145044059066] INFO  c.s.Seminar1.services.MqttService - Gespeichert - Temperatur Ist: 27.8
2026-07-10 11:04:49 [MQTT Call: paho2145044059066] INFO  c.s.Seminar1.services.MqttService - Gespeichert - Wago750 Status: 4.0
2026-07-10 11:04:49 [MQTT Call: paho2145044059066] INFO  c.s.Seminar1.services.MqttService - Gespeichert - Temperatur Differenz: 0.17
2026-07-10 11:04:49 [MQTT Call: paho2145044059066] INFO  c.s.Seminar1.services.MqttService - Gespeichert - Temperatur Ist: 27.82
2026-07-10 11:04:50 [MQTT Call: paho2145044059066] INFO  c.s.Seminar1.services.MqttService - Gespeichert - Wago750 Status: 8.0
2026-07-10 11:04:51 [MQTT Call: paho2145044059066] INFO  c.s.Seminar1.services.MqttService - Gespeichert - Wago750 Status: 16.0
2026-07-10 11:04:52 [MQTT Call: paho2145044059066] INFO  c.s.Seminar1.services.MqttService - Gespeichert - Wago750 Status: 32.0
2026-07-10 11:04:53 [MQTT Call: paho2145044059066] INFO  c.s.Seminar1.services.MqttService - Gespeichert - Wago750 Status: 64.0
2026-07-10 11:04:54 [MQTT Call: paho2145044059066] INFO  c.s.Seminar1.services.MqttService - Gespeichert - Wago750 Status: 128.0
2026-07-10 11:04:54 [MQTT Call: paho2145044059066] INFO  c.s.Seminar1.services.MqttService - Gespeichert - Temperatur Differenz: 0.15
2026-07-10 11:04:54 [MQTT Call: paho2145044059066] INFO  c.s.Seminar1.services.MqttService - Gespeichert - Temperatur Ist: 27.8
2026-07-10 11:04:55 [MQTT Call: paho2145044059066] INFO  c.s.Seminar1.services.MqttService - Gespeichert - Wago750 Status: 32768.0
2026-07-10 11:04:56 [MQTT Call: paho2145044059066] INFO  c.s.Seminar1.services.MqttService - Gespeichert - Wago750 Status: 16384.0
2026-07-10 11:04:56 [MQTT Call: paho2145044059066] INFO  c.s.Seminar1.services.MqttService - Gespeichert - Temperatur Differenz: 0.17
2026-07-10 11:04:56 [MQTT Call: paho2145044059066] INFO  c.s.Seminar1.services.MqttService - Gespeichert - Temperatur Ist: 27.82
2026-07-10 11:04:57 [MQTT Call: paho2145044059066] INFO  c.s.Seminar1.services.MqttService - Gespeichert - Wago750 Status: 8192.0
2026-07-10 11:04:57 [MQTT Call: paho2145044059066] INFO  c.s.Seminar1.services.MqttService - Gespeichert - Temperatur Differenz: 0.15
2026-07-10 11:04:57 [MQTT Call: paho2145044059066] INFO  c.s.Seminar1.services.MqttService - Gespeichert - Temperatur Ist: 27.8
2026-07-10 11:04:58 [MQTT Call: paho2145044059066] INFO  c.s.Seminar1.services.MqttService - Gespeichert - Wago750 Status: 4096.0
2026-07-10 11:04:58 [MQTT Call: paho2145044059066] INFO  c.s.Seminar1.services.MqttService - Gespeichert - Temperatur Differenz: 0.17
2026-07-10 11:04:58 [MQTT Call: paho2145044059066] INFO  c.s.Seminar1.services.MqttService - Gespeichert - Temperatur Ist: 27.82
2026-07-10 11:04:59 [MQTT Call: paho2145044059066] INFO  c.s.Seminar1.services.MqttService - Gespeichert - Wago750 Status: 2048.0
2026-07-10 11:04:59 [MQTT Call: paho2145044059066] INFO  c.s.Seminar1.services.MqttService - Gespeichert - Temperatur Differenz: 0.15
2026-07-10 11:04:59 [MQTT Call: paho2145044059066] INFO  c.s.Seminar1.services.MqttService - Gespeichert - Temperatur Ist: 27.8
2026-07-10 11:05:00 [MQTT Call: paho2145044059066] INFO  c.s.Seminar1.services.MqttService - Gespeichert - Wago750 Status: 1024.0
2026-07-10 11:05:00 [MQTT Call: paho2145044059066] INFO  c.s.Seminar1.services.MqttService - Gespeichert - Temperatur Differenz: 0.17
2026-07-10 11:05:01 [MQTT Call: paho2145044059066] INFO  c.s.Seminar1.services.MqttService - Gespeichert - Temperatur Ist: 27.82
2026-07-10 11:05:02 [MQTT Call: paho2145044059066] INFO  c.s.Seminar1.services.MqttService - Gespeichert - Wago750 Status: 256.0
2026-07-10 11:05:03 [MQTT Call: paho2145044059066] INFO  c.s.Seminar1.services.MqttService - Gespeichert - Wago750 Status: 1.0
2026-07-10 11:05:04 [MQTT Call: paho2145044059066] INFO  c.s.Seminar1.services.MqttService - Gespeichert - Wago750 Status: 2.0
2026-07-10 11:05:05 [MQTT Call: paho2145044059066] INFO  c.s.Seminar1.services.MqttService - Gespeichert - Wago750 Status: 4.0
2026-07-10 11:05:06 [MQTT Call: paho2145044059066] INFO  c.s.Seminar1.services.MqttService - Gespeichert - Wago750 Status: 8.0
2026-07-10 11:05:07 [MQTT Call: paho2145044059066] INFO  c.s.Seminar1.services.MqttService - Gespeichert - Wago750 Status: 16.0
2026-07-10 11:05:08 [MQTT Call: paho2145044059066] INFO  c.s.Seminar1.services.MqttService - Gespeichert - Wago750 Status: 32.0
2026-07-10 11:05:09 [MQTT Call: paho2145044059066] INFO  c.s.Seminar1.services.MqttService - Gespeichert - Wago750 Status: 64.0
2026-07-10 11:05:10 [MQTT Call: paho2145044059066] INFO  c.s.Seminar1.services.MqttService - Gespeichert - Wago750 Status: 128.0
2026-07-10 11:05:11 [MQTT Call: paho2145044059066] INFO  c.s.Seminar1.services.MqttService - Gespeichert - Wago750 Status: 32768.0
2026-07-10 11:05:12 [MQTT Call: paho2145044059066] INFO  c.s.Seminar1.services.MqttService - Gespeichert - Wago750 Status: 16384.0
2026-07-10 11:05:13 [MQTT Call: paho2145044059066] INFO  c.s.Seminar1.services.MqttService - Gespeichert - Wago750 Status: 8192.0
2026-07-10 11:05:14 [MQTT Call: paho2145044059066] INFO  c.s.Seminar1.services.MqttService - Gespeichert - Temperatur Soll: 27.68
2026-07-10 11:05:14 [MQTT Call: paho2145044059066] INFO  c.s.Seminar1.services.MqttService - Gespeichert - Wago750 Status: 4096.0
2026-07-10 11:05:14 [MQTT Call: paho2145044059066] INFO  c.s.Seminar1.services.MqttService - Gespeichert - Temperatur Differenz: 0.14
2026-07-10 11:05:15 [MQTT Call: paho2145044059066] INFO  c.s.Seminar1.services.MqttService - Gespeichert - Wago750 Status: 2048.0
2026-07-10 11:05:16 [MQTT Call: paho2145044059066] INFO  c.s.Seminar1.services.MqttService - Gespeichert - Wago750 Status: 1024.0
2026-07-10 11:05:17 [MQTT Call: paho2145044059066] INFO  c.s.Seminar1.services.MqttService - Gespeichert - Wago750 Status: 512.0
2026-07-10 11:05:18 [MQTT Call: paho2145044059066] INFO  c.s.Seminar1.services.MqttService - Gespeichert - Wago750 Status: 256.0
2026-07-10 11:05:19 [MQTT Call: paho2145044059066] INFO  c.s.Seminar1.services.MqttService - Gespeichert - Wago750 Status: 1.0
2026-07-10 11:05:20 [MQTT Call: paho2145044059066] INFO  c.s.Seminar1.services.MqttService - Gespeichert - Wago750 Status: 2.0
2026-07-10 11:05:21 [MQTT Call: paho2145044059066] INFO  c.s.Seminar1.services.MqttService - Gespeichert - Wago750 Status: 4.0
2026-07-10 11:05:22 [MQTT Call: paho2145044059066] INFO  c.s.Seminar1.services.MqttService - Gespeichert - Wago750 Status: 8.0
2026-07-10 11:05:23 [MQTT Call: paho2145044059066] INFO  c.s.Seminar1.services.MqttService - Gespeichert - Wago750 Status: 16.0
2026-07-10 11:05:24 [MQTT Call: paho2145044059066] INFO  c.s.Seminar1.services.MqttService - Gespeichert - Wago750 Status: 32.0
2026-07-10 11:05:25 [MQTT Call: paho2145044059066] INFO  c.s.Seminar1.services.MqttService - Gespeichert - Wago750 Status: 64.0
2026-07-10 11:05:25 [MQTT Call: paho2145044059066] INFO  c.s.Seminar1.services.MqttService - Gespeichert - Temperatur Differenz: 0.12
2026-07-10 11:05:26 [MQTT Call: paho2145044059066] INFO  c.s.Seminar1.services.MqttService - Gespeichert - Wago750 Status: 128.0
2026-07-10 11:05:26 [MQTT Call: paho2145044059066] INFO  c.s.Seminar1.services.MqttService - Gespeichert - Temperatur Ist: 27.8
2026-07-10 11:05:27 [MQTT Call: paho2145044059066] INFO  c.s.Seminar1.services.MqttService - Gespeichert - Wago750 Status: 32768.0
2026-07-10 11:05:28 [MQTT Call: paho2145044059066] INFO  c.s.Seminar1.services.MqttService - Gespeichert - Wago750 Status: 16384.0
2026-07-10 11:05:29 [MQTT Call: paho2145044059066] INFO  c.s.Seminar1.services.MqttService - Gespeichert - Wago750 Status: 8192.0
2026-07-10 11:05:29 [MQTT Call: paho2145044059066] INFO  c.s.Seminar1.services.MqttService - Gespeichert - Temperatur Differenz: 0.14
2026-07-10 11:05:29 [MQTT Call: paho2145044059066] INFO  c.s.Seminar1.services.MqttService - Gespeichert - Temperatur Ist: 27.82
2026-07-10 11:05:30 [MQTT Call: paho2145044059066] INFO  c.s.Seminar1.services.MqttService - Gespeichert - Wago750 Status: 4096.0
2026-07-10 11:05:31 [MQTT Call: paho2145044059066] INFO  c.s.Seminar1.services.MqttService - Gespeichert - Wago750 Status: 2048.0
2026-07-10 11:05:31 [MQTT Call: paho2145044059066] INFO  c.s.Seminar1.services.MqttService - Gespeichert - Temperatur Differenz: 0.12
2026-07-10 11:05:31 [MQTT Call: paho2145044059066] INFO  c.s.Seminar1.services.MqttService - Gespeichert - Temperatur Ist: 27.8
2026-07-10 11:05:32 [MQTT Call: paho2145044059066] INFO  c.s.Seminar1.services.MqttService - Gespeichert - Wago750 Status: 1024.0
2026-07-10 11:05:32 [MQTT Call: paho2145044059066] INFO  c.s.Seminar1.services.MqttService - Gespeichert - Temperatur Differenz: 0.14
2026-07-10 11:05:32 [MQTT Call: paho2145044059066] INFO  c.s.Seminar1.services.MqttService - Gespeichert - Temperatur Ist: 27.82
2026-07-10 11:05:33 [MQTT Call: paho2145044059066] INFO  c.s.Seminar1.services.MqttService - Gespeichert - Wago750 Status: 512.0
2026-07-10 11:05:34 [MQTT Call: paho2145044059066] INFO  c.s.Seminar1.services.MqttService - Gespeichert - Wago750 Status: 256.0
2026-07-10 11:05:34 [MQTT Call: paho2145044059066] INFO  c.s.Seminar1.services.MqttService - Gespeichert - Temperatur Differenz: 0.12
2026-07-10 11:05:34 [MQTT Call: paho2145044059066] INFO  c.s.Seminar1.services.MqttService - Gespeichert - Temperatur Ist: 27.8
2026-07-10 11:05:35 [MQTT Call: paho2145044059066] INFO  c.s.Seminar1.services.MqttService - Gespeichert - Wago750 Status: 1.0
2026-07-10 11:05:35 [MQTT Call: paho2145044059066] INFO  c.s.Seminar1.services.MqttService - Gespeichert - Temperatur Differenz: 0.14
2026-07-10 11:05:35 [MQTT Call: paho2145044059066] INFO  c.s.Seminar1.services.MqttService - Gespeichert - Temperatur Ist: 27.82
2026-07-10 11:05:36 [MQTT Call: paho2145044059066] INFO  c.s.Seminar1.services.MqttService - Gespeichert - Wago750 Status: 2.0
2026-07-10 11:05:36 [MQTT Call: paho2145044059066] INFO  c.s.Seminar1.services.MqttService - Gespeichert - Temperatur Differenz: 0.12
2026-07-10 11:05:36 [MQTT Call: paho2145044059066] INFO  c.s.Seminar1.services.MqttService - Gespeichert - Temperatur Ist: 27.8
2026-07-10 11:05:37 [MQTT Call: paho2145044059066] INFO  c.s.Seminar1.services.MqttService - Gespeichert - Wago750 Status: 4.0
2026-07-10 11:05:38 [MQTT Call: paho2145044059066] INFO  c.s.Seminar1.services.MqttService - Gespeichert - Wago750 Status: 8.0
2026-07-10 11:05:38 [MQTT Call: paho2145044059066] INFO  c.s.Seminar1.services.MqttService - Gespeichert - Temperatur Differenz: 0.14
2026-07-10 11:05:38 [MQTT Call: paho2145044059066] INFO  c.s.Seminar1.services.MqttService - Gespeichert - Temperatur Ist: 27.82
2026-07-10 11:05:39 [MQTT Call: paho2145044059066] INFO  c.s.Seminar1.services.MqttService - Gespeichert - Wago750 Status: 16.0
2026-07-10 11:05:39 [MQTT Call: paho2145044059066] INFO  c.s.Seminar1.services.MqttService - Gespeichert - Temperatur Differenz: 0.12
2026-07-10 11:05:39 [MQTT Call: paho2145044059066] INFO  c.s.Seminar1.services.MqttService - Gespeichert - Temperatur Ist: 27.8
2026-07-10 11:05:40 [MQTT Call: paho2145044059066] INFO  c.s.Seminar1.services.MqttService - Gespeichert - Wago750 Status: 32.0
2026-07-10 11:05:41 [MQTT Call: paho2145044059066] INFO  c.s.Seminar1.services.MqttService - Gespeichert - Wago750 Status: 64.0
2026-07-10 11:05:42 [MQTT Call: paho2145044059066] INFO  c.s.Seminar1.services.MqttService - Gespeichert - Wago750 Status: 128.0
2026-07-10 11:05:43 [MQTT Call: paho2145044059066] INFO  c.s.Seminar1.services.MqttService - Gespeichert - Wago750 Status: 32768.0
2026-07-10 11:05:43 [MQTT Call: paho2145044059066] INFO  c.s.Seminar1.services.MqttService - Gespeichert - Temperatur Ist: 27.82
2026-07-10 11:05:44 [MQTT Call: paho2145044059066] INFO  c.s.Seminar1.services.MqttService - Gespeichert - Wago750 Status: 16384.0
2026-07-10 11:05:44 [MQTT Call: paho2145044059066] INFO  c.s.Seminar1.services.MqttService - Gespeichert - Temperatur Differenz: 0.14
2026-07-10 11:05:45 [MQTT Call: paho2145044059066] INFO  c.s.Seminar1.services.MqttService - Gespeichert - Wago750 Status: 8192.0
2026-07-10 11:05:45 [MQTT Call: paho2145044059066] INFO  c.s.Seminar1.services.MqttService - Gespeichert - Temperatur Differenz: 0.12
2026-07-10 11:05:45 [MQTT Call: paho2145044059066] INFO  c.s.Seminar1.services.MqttService - Gespeichert - Temperatur Ist: 27.8
2026-07-10 11:05:46 [MQTT Call: paho2145044059066] INFO  c.s.Seminar1.services.MqttService - Gespeichert - Wago750 Status: 4096.0
2026-07-10 11:05:47 [MQTT Call: paho2145044059066] INFO  c.s.Seminar1.services.MqttService - Gespeichert - Wago750 Status: 2048.0
2026-07-10 11:05:48 [MQTT Call: paho2145044059066] INFO  c.s.Seminar1.services.MqttService - Gespeichert - Wago750 Status: 1024.0
2026-07-10 11:05:49 [MQTT Call: paho2145044059066] INFO  c.s.Seminar1.services.MqttService - Gespeichert - Wago750 Status: 512.0
2026-07-10 11:05:50 [MQTT Call: paho2145044059066] INFO  c.s.Seminar1.services.MqttService - Gespeichert - Wago750 Status: 256.0
2026-07-10 11:05:51 [MQTT Call: paho2145044059066] INFO  c.s.Seminar1.services.MqttService - Gespeichert - Wago750 Status: 1.0
2026-07-10 11:05:53 [MQTT Call: paho2145044059066] INFO  c.s.Seminar1.services.MqttService - Gespeichert - Wago750 Status: 2.0
2026-07-10 11:05:54 [MQTT Call: paho2145044059066] INFO  c.s.Seminar1.services.MqttService - Gespeichert - Wago750 Status: 4.0
2026-07-10 11:05:55 [MQTT Call: paho2145044059066] INFO  c.s.Seminar1.services.MqttService - Gespeichert - Wago750 Status: 8.0
2026-07-10 11:05:56 [MQTT Call: paho2145044059066] INFO  c.s.Seminar1.services.MqttService - Gespeichert - Wago750 Status: 16.0
2026-07-10 11:05:57 [MQTT Call: paho2145044059066] INFO  c.s.Seminar1.services.MqttService - Gespeichert - Wago750 Status: 32.0
2026-07-10 11:05:58 [MQTT Call: paho2145044059066] INFO  c.s.Seminar1.services.MqttService - Gespeichert - Wago750 Status: 64.0
2026-07-10 11:05:59 [MQTT Call: paho2145044059066] INFO  c.s.Seminar1.services.MqttService - Gespeichert - Wago750 Status: 128.0
2026-07-10 11:06:00 [MQTT Call: paho2145044059066] INFO  c.s.Seminar1.services.MqttService - Gespeichert - Wago750 Status: 32768.0
2026-07-10 11:06:01 [MQTT Call: paho2145044059066] INFO  c.s.Seminar1.services.MqttService - Gespeichert - Wago750 Status: 16384.0
2026-07-10 11:06:03 [MQTT Call: paho2145044059066] INFO  c.s.Seminar1.services.MqttService - Gespeichert - Wago750 Status: 4096.0
2026-07-10 11:06:04 [MQTT Call: paho2145044059066] INFO  c.s.Seminar1.services.MqttService - Gespeichert - Wago750 Status: 2048.0
2026-07-10 11:06:05 [MQTT Call: paho2145044059066] INFO  c.s.Seminar1.services.MqttService - Gespeichert - Wago750 Status: 1024.0
2026-07-10 11:06:06 [MQTT Call: paho2145044059066] INFO  c.s.Seminar1.services.MqttService - Gespeichert - Wago750 Status: 512.0
2026-07-10 11:06:07 [MQTT Call: paho2145044059066] INFO  c.s.Seminar1.services.MqttService - Gespeichert - Wago750 Status: 256.0
2026-07-10 11:06:08 [MQTT Call: paho2145044059066] INFO  c.s.Seminar1.services.MqttService - Gespeichert - Wago750 Status: 1.0
2026-07-10 11:06:09 [MQTT Call: paho2145044059066] INFO  c.s.Seminar1.services.MqttService - Gespeichert - Wago750 Status: 2.0
2026-07-10 11:06:10 [MQTT Call: paho2145044059066] INFO  c.s.Seminar1.services.MqttService - Gespeichert - Wago750 Status: 4.0
2026-07-10 11:06:11 [MQTT Call: paho2145044059066] INFO  c.s.Seminar1.services.MqttService - Gespeichert - Wago750 Status: 8.0
2026-07-10 11:06:12 [MQTT Call: paho2145044059066] INFO  c.s.Seminar1.services.MqttService - Gespeichert - Wago750 Status: 16.0
2026-07-10 11:06:13 [MQTT Call: paho2145044059066] INFO  c.s.Seminar1.services.MqttService - Gespeichert - Wago750 Status: 32.0
2026-07-10 11:06:14 [MQTT Call: paho2145044059066] INFO  c.s.Seminar1.services.MqttService - Gespeichert - Wago750 Status: 64.0
2026-07-10 11:06:15 [MQTT Call: paho2145044059066] INFO  c.s.Seminar1.services.MqttService - Gespeichert - Wago750 Status: 128.0
2026-07-10 11:06:15 [MQTT Call: paho2145044059066] INFO  c.s.Seminar1.services.MqttService - Gespeichert - Temperatur Differenz: 0.1
2026-07-10 11:06:15 [MQTT Call: paho2145044059066] INFO  c.s.Seminar1.services.MqttService - Gespeichert - Temperatur Ist: 27.78
2026-07-10 11:06:16 [MQTT Call: paho2145044059066] INFO  c.s.Seminar1.services.MqttService - Gespeichert - Wago750 Status: 32768.0
2026-07-10 11:06:16 [MQTT Call: paho2145044059066] INFO  c.s.Seminar1.services.MqttService - Gespeichert - Temperatur Differenz: 0.12
2026-07-10 11:06:16 [MQTT Call: paho2145044059066] INFO  c.s.Seminar1.services.MqttService - Gespeichert - Temperatur Ist: 27.8
2026-07-10 11:06:17 [MQTT Call: paho2145044059066] INFO  c.s.Seminar1.services.MqttService - Gespeichert - Wago750 Status: 16384.0
2026-07-10 11:06:17 [MQTT Call: paho2145044059066] INFO  c.s.Seminar1.services.MqttService - Gespeichert - Temperatur Differenz: 0.1
2026-07-10 11:06:17 [MQTT Call: paho2145044059066] INFO  c.s.Seminar1.services.MqttService - Gespeichert - Temperatur Ist: 27.78
2026-07-10 11:06:18 [MQTT Call: paho2145044059066] INFO  c.s.Seminar1.services.MqttService - Gespeichert - Wago750 Status: 8192.0
2026-07-10 11:06:18 [MQTT Call: paho2145044059066] INFO  c.s.Seminar1.services.MqttService - Gespeichert - Temperatur Differenz: 0.12
2026-07-10 11:06:18 [MQTT Call: paho2145044059066] INFO  c.s.Seminar1.services.MqttService - Gespeichert - Temperatur Ist: 27.8
2026-07-10 11:06:19 [MQTT Call: paho2145044059066] INFO  c.s.Seminar1.services.MqttService - Gespeichert - Wago750 Status: 4096.0
2026-07-10 11:06:19 [MQTT Call: paho2145044059066] INFO  c.s.Seminar1.services.MqttService - Gespeichert - Temperatur Differenz: 0.1
2026-07-10 11:06:19 [MQTT Call: paho2145044059066] INFO  c.s.Seminar1.services.MqttService - Gespeichert - Temperatur Ist: 27.78
2026-07-10 11:06:20 [MQTT Call: paho2145044059066] INFO  c.s.Seminar1.services.MqttService - Gespeichert - Wago750 Status: 2048.0
2026-07-10 11:06:21 [MQTT Call: paho2145044059066] INFO  c.s.Seminar1.services.MqttService - Gespeichert - Wago750 Status: 1024.0
2026-07-10 11:06:22 [MQTT Call: paho2145044059066] INFO  c.s.Seminar1.services.MqttService - Gespeichert - Wago750 Status: 512.0
2026-07-10 11:06:23 [MQTT Call: paho2145044059066] INFO  c.s.Seminar1.services.MqttService - Gespeichert - Wago750 Status: 256.0
2026-07-10 11:06:24 [MQTT Call: paho2145044059066] INFO  c.s.Seminar1.services.MqttService - Gespeichert - Wago750 Status: 1.0
2026-07-10 11:06:25 [MQTT Call: paho2145044059066] INFO  c.s.Seminar1.services.MqttService - Gespeichert - Wago750 Status: 2.0
2026-07-10 11:06:26 [MQTT Call: paho2145044059066] INFO  c.s.Seminar1.services.MqttService - Gespeichert - Wago750 Status: 4.0
2026-07-10 11:06:27 [MQTT Call: paho2145044059066] INFO  c.s.Seminar1.services.MqttService - Gespeichert - Wago750 Status: 8.0
2026-07-10 11:06:28 [MQTT Call: paho2145044059066] INFO  c.s.Seminar1.services.MqttService - Gespeichert - Wago750 Status: 16.0
2026-07-10 11:06:29 [MQTT Call: paho2145044059066] INFO  c.s.Seminar1.services.MqttService - Gespeichert - Wago750 Status: 32.0
2026-07-10 11:06:30 [MQTT Call: paho2145044059066] INFO  c.s.Seminar1.services.MqttService - Gespeichert - Wago750 Status: 64.0
2026-07-10 11:06:31 [MQTT Call: paho2145044059066] INFO  c.s.Seminar1.services.MqttService - Gespeichert - Wago750 Status: 128.0
2026-07-10 11:06:32 [MQTT Call: paho2145044059066] INFO  c.s.Seminar1.services.MqttService - Gespeichert - Wago750 Status: 32768.0
2026-07-10 11:06:33 [MQTT Call: paho2145044059066] INFO  c.s.Seminar1.services.MqttService - Gespeichert - Wago750 Status: 16384.0
2026-07-10 11:06:34 [MQTT Call: paho2145044059066] INFO  c.s.Seminar1.services.MqttService - Gespeichert - Wago750 Status: 8192.0
2026-07-10 11:06:35 [MQTT Call: paho2145044059066] INFO  c.s.Seminar1.services.MqttService - Gespeichert - Wago750 Status: 4096.0
2026-07-10 11:06:36 [MQTT Call: paho2145044059066] INFO  c.s.Seminar1.services.MqttService - Gespeichert - Wago750 Status: 2048.0
2026-07-10 11:06:37 [MQTT Call: paho2145044059066] INFO  c.s.Seminar1.services.MqttService - Gespeichert - Wago750 Status: 1024.0
2026-07-10 11:06:38 [MQTT Call: paho2145044059066] INFO  c.s.Seminar1.services.MqttService - Gespeichert - Wago750 Status: 512.0
2026-07-10 11:06:39 [MQTT Call: paho2145044059066] INFO  c.s.Seminar1.services.MqttService - Gespeichert - Wago750 Status: 256.0
2026-07-10 11:06:40 [MQTT Call: paho2145044059066] INFO  c.s.Seminar1.services.MqttService - Gespeichert - Wago750 Status: 1.0
2026-07-10 11:06:41 [MQTT Call: paho2145044059066] INFO  c.s.Seminar1.services.MqttService - Gespeichert - Wago750 Status: 2.0
2026-07-10 11:06:42 [MQTT Call: paho2145044059066] INFO  c.s.Seminar1.services.MqttService - Gespeichert - Wago750 Status: 4.0
2026-07-10 11:06:43 [MQTT Call: paho2145044059066] INFO  c.s.Seminar1.services.MqttService - Gespeichert - Wago750 Status: 8.0
2026-07-10 11:06:44 [MQTT Call: paho2145044059066] INFO  c.s.Seminar1.services.MqttService - Gespeichert - Wago750 Status: 16.0
2026-07-10 11:06:45 [MQTT Call: paho2145044059066] INFO  c.s.Seminar1.services.MqttService - Gespeichert - Wago750 Status: 32.0
2026-07-10 11:06:45 [MQTT Call: paho2145044059066] INFO  c.s.Seminar1.services.MqttService - Gespeichert - Temperatur Differenz: 0.12
2026-07-10 11:06:45 [MQTT Call: paho2145044059066] INFO  c.s.Seminar1.services.MqttService - Gespeichert - Temperatur Ist: 27.8
2026-07-10 11:06:46 [MQTT Call: paho2145044059066] INFO  c.s.Seminar1.services.MqttService - Gespeichert - Wago750 Status: 64.0
2026-07-10 11:06:46 [MQTT Call: paho2145044059066] INFO  c.s.Seminar1.services.MqttService - Gespeichert - Temperatur Differenz: 0.1
2026-07-10 11:06:46 [MQTT Call: paho2145044059066] INFO  c.s.Seminar1.services.MqttService - Gespeichert - Temperatur Ist: 27.78
2026-07-10 11:06:47 [MQTT Call: paho2145044059066] INFO  c.s.Seminar1.services.MqttService - Gespeichert - Wago750 Status: 128.0
2026-07-10 11:06:48 [MQTT Call: paho2145044059066] INFO  c.s.Seminar1.services.MqttService - Gespeichert - Wago750 Status: 32768.0
2026-07-10 11:06:49 [MQTT Call: paho2145044059066] INFO  c.s.Seminar1.services.MqttService - Gespeichert - Wago750 Status: 16384.0
2026-07-10 11:06:50 [MQTT Call: paho2145044059066] INFO  c.s.Seminar1.services.MqttService - Gespeichert - Wago750 Status: 8192.0
2026-07-10 11:06:51 [MQTT Call: paho2145044059066] INFO  c.s.Seminar1.services.MqttService - Gespeichert - Wago750 Status: 4096.0
2026-07-10 11:06:52 [MQTT Call: paho2145044059066] INFO  c.s.Seminar1.services.MqttService - Gespeichert - Wago750 Status: 2048.0
2026-07-10 11:06:53 [MQTT Call: paho2145044059066] INFO  c.s.Seminar1.services.MqttService - Gespeichert - Wago750 Status: 1024.0
2026-07-10 11:06:54 [MQTT Call: paho2145044059066] INFO  c.s.Seminar1.services.MqttService - Gespeichert - Wago750 Status: 512.0
2026-07-10 11:06:54 [MQTT Call: paho2145044059066] INFO  c.s.Seminar1.services.MqttService - Gespeichert - Temperatur Differenz: 0.12
2026-07-10 11:06:54 [MQTT Call: paho2145044059066] INFO  c.s.Seminar1.services.MqttService - Gespeichert - Temperatur Ist: 27.8
2026-07-10 11:06:55 [MQTT Call: paho2145044059066] INFO  c.s.Seminar1.services.MqttService - Gespeichert - Wago750 Status: 256.0
2026-07-10 11:06:55 [MQTT Call: paho2145044059066] INFO  c.s.Seminar1.services.MqttService - Gespeichert - Temperatur Differenz: 0.1
2026-07-10 11:06:55 [MQTT Call: paho2145044059066] INFO  c.s.Seminar1.services.MqttService - Gespeichert - Temperatur Ist: 27.78
2026-07-10 11:06:56 [MQTT Call: paho2145044059066] INFO  c.s.Seminar1.services.MqttService - Gespeichert - Wago750 Status: 1.0
2026-07-10 11:06:56 [MQTT Call: paho2145044059066] INFO  c.s.Seminar1.services.MqttService - Gespeichert - Temperatur Differenz: 0.12
2026-07-10 11:06:56 [MQTT Call: paho2145044059066] INFO  c.s.Seminar1.services.MqttService - Gespeichert - Temperatur Ist: 27.8
2026-07-10 11:06:57 [MQTT Call: paho2145044059066] INFO  c.s.Seminar1.services.MqttService - Gespeichert - Wago750 Status: 2.0
2026-07-10 11:06:58 [MQTT Call: paho2145044059066] INFO  c.s.Seminar1.services.MqttService - Gespeichert - Wago750 Status: 4.0
2026-07-10 11:06:58 [MQTT Call: paho2145044059066] INFO  c.s.Seminar1.services.MqttService - Gespeichert - Temperatur Differenz: 0.1
2026-07-10 11:06:58 [MQTT Call: paho2145044059066] INFO  c.s.Seminar1.services.MqttService - Gespeichert - Temperatur Ist: 27.78
2026-07-10 11:06:59 [MQTT Call: paho2145044059066] INFO  c.s.Seminar1.services.MqttService - Gespeichert - Wago750 Status: 8.0
2026-07-10 11:07:00 [MQTT Call: paho2145044059066] INFO  c.s.Seminar1.services.MqttService - Gespeichert - Wago750 Status: 16.0
2026-07-10 11:07:00 [MQTT Call: paho2145044059066] INFO  c.s.Seminar1.services.MqttService - Gespeichert - Temperatur Differenz: 0.12
2026-07-10 11:07:00 [MQTT Call: paho2145044059066] INFO  c.s.Seminar1.services.MqttService - Gespeichert - Temperatur Ist: 27.8
2026-07-10 11:07:01 [MQTT Call: paho2145044059066] INFO  c.s.Seminar1.services.MqttService - Gespeichert - Wago750 Status: 32.0
2026-07-10 11:07:02 [MQTT Call: paho2145044059066] INFO  c.s.Seminar1.services.MqttService - Gespeichert - Wago750 Status: 64.0
2026-07-10 11:07:02 [MQTT Call: paho2145044059066] INFO  c.s.Seminar1.services.MqttService - Gespeichert - Temperatur Differenz: 0.1
2026-07-10 11:07:02 [MQTT Call: paho2145044059066] INFO  c.s.Seminar1.services.MqttService - Gespeichert - Temperatur Ist: 27.78
2026-07-10 11:07:03 [MQTT Call: paho2145044059066] INFO  c.s.Seminar1.services.MqttService - Gespeichert - Wago750 Status: 128.0
2026-07-10 11:07:03 [MQTT Call: paho2145044059066] INFO  c.s.Seminar1.services.MqttService - Gespeichert - Temperatur Soll: 27.65
2026-07-10 11:07:03 [MQTT Call: paho2145044059066] INFO  c.s.Seminar1.services.MqttService - Gespeichert - Temperatur Differenz: 0.13
2026-07-10 11:07:04 [MQTT Call: paho2145044059066] INFO  c.s.Seminar1.services.MqttService - Gespeichert - Wago750 Status: 32768.0
2026-07-10 11:07:04 [MQTT Call: paho2145044059066] INFO  c.s.Seminar1.services.MqttService - Gespeichert - Temperatur Soll: 27.68
2026-07-10 11:07:04 [MQTT Call: paho2145044059066] INFO  c.s.Seminar1.services.MqttService - Gespeichert - Temperatur Differenz: 0.1
2026-07-10 11:07:05 [MQTT Call: paho2145044059066] INFO  c.s.Seminar1.services.MqttService - Gespeichert - Wago750 Status: 16384.0
2026-07-10 11:07:05 [MQTT Call: paho2145044059066] INFO  c.s.Seminar1.services.MqttService - Gespeichert - Temperatur Soll: 27.65
2026-07-10 11:07:05 [MQTT Call: paho2145044059066] INFO  c.s.Seminar1.services.MqttService - Gespeichert - Temperatur Differenz: 0.13
2026-07-10 11:07:06 [MQTT Call: paho2145044059066] INFO  c.s.Seminar1.services.MqttService - Gespeichert - Wago750 Status: 8192.0
2026-07-10 11:07:06 [MQTT Call: paho2145044059066] INFO  c.s.Seminar1.services.MqttService - Gespeichert - Temperatur Differenz: 0.1
2026-07-10 11:07:07 [MQTT Call: paho2145044059066] INFO  c.s.Seminar1.services.MqttService - Gespeichert - Wago750 Status: 4096.0
2026-07-10 11:07:07 [MQTT Call: paho2145044059066] INFO  c.s.Seminar1.services.MqttService - Gespeichert - Temperatur Differenz: 0.13
2026-07-10 11:07:08 [MQTT Call: paho2145044059066] INFO  c.s.Seminar1.services.MqttService - Gespeichert - Wago750 Status: 2048.0
2026-07-10 11:07:09 [MQTT Call: paho2145044059066] INFO  c.s.Seminar1.services.MqttService - Gespeichert - Wago750 Status: 1024.0
2026-07-10 11:07:10 [MQTT Call: paho2145044059066] INFO  c.s.Seminar1.services.MqttService - Gespeichert - Wago750 Status: 512.0
2026-07-10 11:07:10 [MQTT Call: paho2145044059066] INFO  c.s.Seminar1.services.MqttService - Gespeichert - Temperatur Differenz: 0.15
2026-07-10 11:07:10 [MQTT Call: paho2145044059066] INFO  c.s.Seminar1.services.MqttService - Gespeichert - Temperatur Ist: 27.8
2026-07-10 11:07:11 [MQTT Call: paho2145044059066] INFO  c.s.Seminar1.services.MqttService - Gespeichert - Wago750 Status: 256.0
2026-07-10 11:07:11 [MQTT Call: paho2145044059066] INFO  c.s.Seminar1.services.MqttService - Gespeichert - Temperatur Differenz: 0.13
2026-07-10 11:07:11 [MQTT Call: paho2145044059066] INFO  c.s.Seminar1.services.MqttService - Gespeichert - Temperatur Ist: 27.78
2026-07-10 11:07:12 [MQTT Call: paho2145044059066] INFO  c.s.Seminar1.services.MqttService - Gespeichert - Wago750 Status: 1.0
2026-07-10 11:07:13 [MQTT Call: paho2145044059066] INFO  c.s.Seminar1.services.MqttService - Gespeichert - Wago750 Status: 2.0
2026-07-10 11:07:14 [MQTT Call: paho2145044059066] INFO  c.s.Seminar1.services.MqttService - Gespeichert - Wago750 Status: 4.0
2026-07-10 11:07:14 [MQTT Call: paho2145044059066] INFO  c.s.Seminar1.services.MqttService - Gespeichert - Temperatur Differenz: 0.15
2026-07-10 11:07:14 [MQTT Call: paho2145044059066] INFO  c.s.Seminar1.services.MqttService - Gespeichert - Temperatur Ist: 27.8
2026-07-10 11:07:15 [MQTT Call: paho2145044059066] INFO  c.s.Seminar1.services.MqttService - Gespeichert - Temperatur Soll: 27.68
2026-07-10 11:07:15 [MQTT Call: paho2145044059066] INFO  c.s.Seminar1.services.MqttService - Gespeichert - Wago750 Status: 8.0
2026-07-10 11:07:15 [MQTT Call: paho2145044059066] INFO  c.s.Seminar1.services.MqttService - Gespeichert - Temperatur Differenz: 0.1
2026-07-10 11:07:15 [MQTT Call: paho2145044059066] INFO  c.s.Seminar1.services.MqttService - Gespeichert - Temperatur Ist: 27.78
2026-07-10 11:07:16 [MQTT Call: paho2145044059066] INFO  c.s.Seminar1.services.MqttService - Gespeichert - Wago750 Status: 16.0
2026-07-10 11:07:16 [MQTT Call: paho2145044059066] INFO  c.s.Seminar1.services.MqttService - Gespeichert - Temperatur Soll: 27.65
2026-07-10 11:07:16 [MQTT Call: paho2145044059066] INFO  c.s.Seminar1.services.MqttService - Gespeichert - Temperatur Differenz: 0.13
2026-07-10 11:07:17 [MQTT Call: paho2145044059066] INFO  c.s.Seminar1.services.MqttService - Gespeichert - Wago750 Status: 32.0
2026-07-10 11:07:18 [MQTT Call: paho2145044059066] INFO  c.s.Seminar1.services.MqttService - Gespeichert - Wago750 Status: 64.0
2026-07-10 11:07:19 [MQTT Call: paho2145044059066] INFO  c.s.Seminar1.services.MqttService - Gespeichert - Wago750 Status: 128.0
2026-07-10 11:07:19 [MQTT Call: paho2145044059066] INFO  c.s.Seminar1.services.MqttService - Gespeichert - Temperatur Differenz: 0.15
2026-07-10 11:07:19 [MQTT Call: paho2145044059066] INFO  c.s.Seminar1.services.MqttService - Gespeichert - Temperatur Ist: 27.8
2026-07-10 11:07:20 [MQTT Call: paho2145044059066] INFO  c.s.Seminar1.services.MqttService - Gespeichert - Wago750 Status: 32768.0
2026-07-10 11:07:20 [MQTT Call: paho2145044059066] INFO  c.s.Seminar1.services.MqttService - Gespeichert - Temperatur Differenz: 0.13
2026-07-10 11:07:20 [MQTT Call: paho2145044059066] INFO  c.s.Seminar1.services.MqttService - Gespeichert - Temperatur Ist: 27.78
2026-07-10 11:07:20 [MQTT Call: paho2145044059066] INFO  c.s.Seminar1.services.MqttService - Gespeichert - Wago750 Control: 3
2026-07-10 11:07:21 [MQTT Call: paho2145044059066] INFO  c.s.Seminar1.services.MqttService - Gespeichert - Wago750 Status: 16962.0
2026-07-10 11:07:22 [MQTT Call: paho2145044059066] INFO  c.s.Seminar1.services.MqttService - Gespeichert - Wago750 Status: 33153.0
2026-07-10 11:07:23 [MQTT Call: paho2145044059066] INFO  c.s.Seminar1.services.MqttService - Gespeichert - Wago750 Status: 16962.0
2026-07-10 11:07:24 [MQTT Call: paho2145044059066] INFO  c.s.Seminar1.services.MqttService - Gespeichert - Wago750 Status: 9252.0
2026-07-10 11:07:25 [MQTT Call: paho2145044059066] INFO  c.s.Seminar1.services.MqttService - Gespeichert - Wago750 Status: 6168.0
2026-07-10 11:07:26 [MQTT Call: paho2145044059066] INFO  c.s.Seminar1.services.MqttService - Gespeichert - Wago750 Status: 9252.0
2026-07-10 11:07:27 [MQTT Call: paho2145044059066] INFO  c.s.Seminar1.services.MqttService - Gespeichert - Wago750 Status: 16962.0
2026-07-10 11:07:28 [MQTT Call: paho2145044059066] INFO  c.s.Seminar1.services.MqttService - Gespeichert - Wago750 Status: 33153.0
2026-07-10 11:07:29 [MQTT Call: paho2145044059066] INFO  c.s.Seminar1.services.MqttService - Gespeichert - Wago750 Status: 16962.0
2026-07-10 11:07:30 [MQTT Call: paho2145044059066] INFO  c.s.Seminar1.services.MqttService - Gespeichert - Wago750 Status: 9252.0
2026-07-10 11:07:31 [MQTT Call: paho2145044059066] INFO  c.s.Seminar1.services.MqttService - Gespeichert - Wago750 Status: 6168.0
2026-07-10 11:07:32 [MQTT Call: paho2145044059066] INFO  c.s.Seminar1.services.MqttService - Gespeichert - Wago750 Status: 9252.0
2026-07-10 11:07:33 [MQTT Call: paho2145044059066] INFO  c.s.Seminar1.services.MqttService - Gespeichert - Wago750 Status: 16962.0
2026-07-10 11:07:34 [MQTT Call: paho2145044059066] INFO  c.s.Seminar1.services.MqttService - Gespeichert - Wago750 Status: 33153.0
2026-07-10 11:07:34 [MQTT Call: paho2145044059066] INFO  c.s.Seminar1.services.MqttService - Gespeichert - Wago750 Control: 0
2026-07-10 11:07:35 [MQTT Call: paho2145044059066] INFO  c.s.Seminar1.services.MqttService - Gespeichert - Wago750 Status: 0.0
2026-07-10 11:09:31 [MQTT Call: paho2145044059066] INFO  c.s.Seminar1.services.MqttService - Gespeichert - Wago750 Control: 3
2026-07-10 11:09:31 [MQTT Call: paho2145044059066] INFO  c.s.Seminar1.services.MqttService - Gespeichert - Wago750 Status: 16962.0
2026-07-10 11:09:32 [MQTT Call: paho2145044059066] INFO  c.s.Seminar1.services.MqttService - Gespeichert - Wago750 Status: 9252.0
2026-07-10 11:09:33 [MQTT Call: paho2145044059066] INFO  c.s.Seminar1.services.MqttService - Gespeichert - Wago750 Status: 6168.0
2026-07-10 11:09:34 [MQTT Call: paho2145044059066] INFO  c.s.Seminar1.services.MqttService - Gespeichert - Wago750 Status: 9252.0
2026-07-10 11:09:35 [http-nio-80-exec-3] INFO  c.s.Seminar1.services.MqttService - MQTT-Nachricht gesendet -> Topic: 'Wago750/Control', Payload: '0'
2026-07-10 11:09:35 [http-nio-80-exec-3] INFO  c.s.S.controller.WagoController - POST /wago/control - Steuerbefehl empfangen: 0
2026-07-10 11:09:35 [MQTT Call: paho2145044059066] INFO  c.s.Seminar1.services.MqttService - Gespeichert - Wago750 Control: 0
2026-07-10 11:09:35 [MQTT Call: paho2145044059066] INFO  c.s.Seminar1.services.MqttService - Gespeichert - Wago750 Status: 0.0
2026-07-10 11:09:48 [MQTT Call: paho2145044059066] INFO  c.s.Seminar1.services.MqttService - Gespeichert - Temperatur Differenz: 0.12
2026-07-10 11:09:48 [MQTT Call: paho2145044059066] INFO  c.s.Seminar1.services.MqttService - Gespeichert - Temperatur Ist: 27.77
2026-07-10 11:09:49 [MQTT Call: paho2145044059066] INFO  c.s.Seminar1.services.MqttService - Gespeichert - Temperatur Differenz: 0.13
2026-07-10 11:09:49 [MQTT Call: paho2145044059066] INFO  c.s.Seminar1.services.MqttService - Gespeichert - Temperatur Ist: 27.78
2026-07-10 11:10:24 [MQTT Call: paho2145044059066] INFO  c.s.Seminar1.services.MqttService - Gespeichert - Temperatur Soll: 27.68
2026-07-10 11:10:25 [MQTT Call: paho2145044059066] INFO  c.s.Seminar1.services.MqttService - Gespeichert - Temperatur Soll: 27.65
2026-07-10 11:10:30 [MQTT Call: paho2145044059066] INFO  c.s.Seminar1.services.MqttService - Gespeichert - Temperatur Soll: 27.68
2026-07-10 11:10:30 [MQTT Call: paho2145044059066] INFO  c.s.Seminar1.services.MqttService - Gespeichert - Temperatur Differenz: 0.1
2026-07-10 11:10:31 [MQTT Call: paho2145044059066] INFO  c.s.Seminar1.services.MqttService - Gespeichert - Temperatur Soll: 27.65
2026-07-10 11:10:31 [MQTT Call: paho2145044059066] INFO  c.s.Seminar1.services.MqttService - Gespeichert - Temperatur Differenz: 0.13
2026-07-10 11:10:34 [MQTT Call: paho2145044059066] INFO  c.s.Seminar1.services.MqttService - Gespeichert - Temperatur Soll: 27.68
2026-07-10 11:10:34 [MQTT Call: paho2145044059066] INFO  c.s.Seminar1.services.MqttService - Gespeichert - Temperatur Differenz: 0.1
2026-07-10 11:10:35 [MQTT Call: paho2145044059066] INFO  c.s.Seminar1.services.MqttService - Gespeichert - Temperatur Soll: 27.65
2026-07-10 11:10:35 [MQTT Call: paho2145044059066] INFO  c.s.Seminar1.services.MqttService - Gespeichert - Temperatur Differenz: 0.13
2026-07-10 11:10:36 [MQTT Call: paho2145044059066] INFO  c.s.Seminar1.services.MqttService - Gespeichert - Temperatur Soll: 27.68
2026-07-10 11:10:36 [MQTT Call: paho2145044059066] INFO  c.s.Seminar1.services.MqttService - Gespeichert - Temperatur Differenz: 0.1
2026-07-10 11:10:41 [MQTT Call: paho2145044059066] INFO  c.s.Seminar1.services.MqttService - Gespeichert - Temperatur Soll: 27.65
2026-07-10 11:10:41 [MQTT Call: paho2145044059066] INFO  c.s.Seminar1.services.MqttService - Gespeichert - Temperatur Differenz: 0.13
2026-07-10 11:10:42 [MQTT Call: paho2145044059066] INFO  c.s.Seminar1.services.MqttService - Gespeichert - Temperatur Differenz: 0.1
2026-07-10 11:10:43 [MQTT Call: paho2145044059066] INFO  c.s.Seminar1.services.MqttService - Gespeichert - Temperatur Soll: 27.68
2026-07-10 11:11:44 [MQTT Call: paho2145044059066] INFO  c.s.Seminar1.services.MqttService - Gespeichert - Wago750 Control: 2
2026-07-10 11:11:44 [MQTT Call: paho2145044059066] INFO  c.s.Seminar1.services.MqttService - Gespeichert - Wago750 Status: 8192.0
2026-07-10 11:11:45 [MQTT Call: paho2145044059066] INFO  c.s.Seminar1.services.MqttService - Gespeichert - Wago750 Status: 4096.0
2026-07-10 11:11:46 [MQTT Call: paho2145044059066] INFO  c.s.Seminar1.services.MqttService - Gespeichert - Wago750 Status: 2048.0
2026-07-10 11:11:47 [MQTT Call: paho2145044059066] INFO  c.s.Seminar1.services.MqttService - Gespeichert - Wago750 Status: 1024.0
2026-07-10 11:11:48 [MQTT Call: paho2145044059066] INFO  c.s.Seminar1.services.MqttService - Gespeichert - Wago750 Status: 512.0
2026-07-10 11:11:49 [MQTT Call: paho2145044059066] INFO  c.s.Seminar1.services.MqttService - Gespeichert - Wago750 Status: 256.0
2026-07-10 11:11:50 [MQTT Call: paho2145044059066] INFO  c.s.Seminar1.services.MqttService - Gespeichert - Wago750 Status: 1.0
2026-07-10 11:11:51 [MQTT Call: paho2145044059066] INFO  c.s.Seminar1.services.MqttService - Gespeichert - Wago750 Status: 2.0
2026-07-10 11:11:53 [MQTT Call: paho2145044059066] INFO  c.s.Seminar1.services.MqttService - Gespeichert - Wago750 Status: 4.0
2026-07-10 11:11:54 [MQTT Call: paho2145044059066] INFO  c.s.Seminar1.services.MqttService - Gespeichert - Wago750 Status: 8.0
2026-07-10 11:11:55 [MQTT Call: paho2145044059066] INFO  c.s.Seminar1.services.MqttService - Gespeichert - Wago750 Status: 16.0
2026-07-10 11:11:56 [MQTT Call: paho2145044059066] INFO  c.s.Seminar1.services.MqttService - Gespeichert - Wago750 Status: 32.0
2026-07-10 11:11:57 [MQTT Call: paho2145044059066] INFO  c.s.Seminar1.services.MqttService - Gespeichert - Wago750 Status: 64.0
2026-07-10 11:11:58 [MQTT Call: paho2145044059066] INFO  c.s.Seminar1.services.MqttService - Gespeichert - Wago750 Status: 128.0
2026-07-10 11:11:59 [MQTT Call: paho2145044059066] INFO  c.s.Seminar1.services.MqttService - Gespeichert - Wago750 Status: 32768.0
2026-07-10 11:12:00 [MQTT Call: paho2145044059066] INFO  c.s.Seminar1.services.MqttService - Gespeichert - Wago750 Status: 16384.0
2026-07-10 11:12:01 [MQTT Call: paho2145044059066] INFO  c.s.Seminar1.services.MqttService - Gespeichert - Wago750 Status: 8192.0
2026-07-10 11:12:02 [MQTT Call: paho2145044059066] INFO  c.s.Seminar1.services.MqttService - Gespeichert - Wago750 Status: 4096.0
2026-07-10 11:12:03 [MQTT Call: paho2145044059066] INFO  c.s.Seminar1.services.MqttService - Gespeichert - Wago750 Status: 2048.0
2026-07-10 11:12:04 [MQTT Call: paho2145044059066] INFO  c.s.Seminar1.services.MqttService - Gespeichert - Wago750 Status: 1024.0
2026-07-10 11:12:05 [MQTT Call: paho2145044059066] INFO  c.s.Seminar1.services.MqttService - Gespeichert - Wago750 Status: 512.0
2026-07-10 11:12:06 [MQTT Call: paho2145044059066] INFO  c.s.Seminar1.services.MqttService - Gespeichert - Wago750 Status: 256.0
2026-07-10 11:12:07 [MQTT Call: paho2145044059066] INFO  c.s.Seminar1.services.MqttService - Gespeichert - Wago750 Status: 1.0
2026-07-10 11:12:08 [MQTT Call: paho2145044059066] INFO  c.s.Seminar1.services.MqttService - Gespeichert - Wago750 Status: 2.0
2026-07-10 11:12:09 [MQTT Call: paho2145044059066] INFO  c.s.Seminar1.services.MqttService - Gespeichert - Wago750 Status: 4.0
2026-07-10 11:12:10 [MQTT Call: paho2145044059066] INFO  c.s.Seminar1.services.MqttService - Gespeichert - Wago750 Status: 8.0
2026-07-10 11:12:11 [MQTT Call: paho2145044059066] INFO  c.s.Seminar1.services.MqttService - Gespeichert - Wago750 Status: 16.0
2026-07-10 11:12:12 [MQTT Call: paho2145044059066] INFO  c.s.Seminar1.services.MqttService - Gespeichert - Wago750 Status: 32.0
2026-07-10 11:12:13 [MQTT Call: paho2145044059066] INFO  c.s.Seminar1.services.MqttService - Gespeichert - Wago750 Status: 64.0
2026-07-10 11:12:14 [MQTT Call: paho2145044059066] INFO  c.s.Seminar1.services.MqttService - Gespeichert - Wago750 Status: 128.0
2026-07-10 11:12:15 [MQTT Call: paho2145044059066] INFO  c.s.Seminar1.services.MqttService - Gespeichert - Wago750 Status: 32768.0
2026-07-10 11:12:16 [MQTT Call: paho2145044059066] INFO  c.s.Seminar1.services.MqttService - Gespeichert - Wago750 Status: 16384.0
2026-07-10 11:12:17 [MQTT Call: paho2145044059066] INFO  c.s.Seminar1.services.MqttService - Gespeichert - Wago750 Status: 8192.0
2026-07-10 11:12:18 [MQTT Call: paho2145044059066] INFO  c.s.Seminar1.services.MqttService - Gespeichert - Wago750 Status: 4096.0
2026-07-10 11:12:19 [MQTT Call: paho2145044059066] INFO  c.s.Seminar1.services.MqttService - Gespeichert - Wago750 Status: 2048.0
2026-07-10 11:12:20 [MQTT Call: paho2145044059066] INFO  c.s.Seminar1.services.MqttService - Gespeichert - Wago750 Status: 1024.0
2026-07-10 11:12:21 [MQTT Call: paho2145044059066] INFO  c.s.Seminar1.services.MqttService - Gespeichert - Wago750 Status: 512.0
2026-07-10 11:12:22 [MQTT Call: paho2145044059066] INFO  c.s.Seminar1.services.MqttService - Gespeichert - Wago750 Status: 256.0
2026-07-10 11:12:23 [MQTT Call: paho2145044059066] INFO  c.s.Seminar1.services.MqttService - Gespeichert - Wago750 Status: 1.0
2026-07-10 11:12:24 [MQTT Call: paho2145044059066] INFO  c.s.Seminar1.services.MqttService - Gespeichert - Wago750 Status: 2.0
2026-07-10 11:12:25 [MQTT Call: paho2145044059066] INFO  c.s.Seminar1.services.MqttService - Gespeichert - Wago750 Status: 4.0
2026-07-10 11:12:26 [MQTT Call: paho2145044059066] INFO  c.s.Seminar1.services.MqttService - Gespeichert - Wago750 Status: 8.0
2026-07-10 11:12:27 [MQTT Call: paho2145044059066] INFO  c.s.Seminar1.services.MqttService - Gespeichert - Wago750 Status: 16.0
2026-07-10 11:12:28 [MQTT Call: paho2145044059066] INFO  c.s.Seminar1.services.MqttService - Gespeichert - Wago750 Status: 32.0
2026-07-10 11:12:28 [MQTT Call: paho2145044059066] INFO  c.s.Seminar1.services.MqttService - Gespeichert - Temperatur Differenz: 0.12
2026-07-10 11:12:28 [MQTT Call: paho2145044059066] INFO  c.s.Seminar1.services.MqttService - Gespeichert - Temperatur Ist: 27.8
2026-07-10 11:12:29 [MQTT Call: paho2145044059066] INFO  c.s.Seminar1.services.MqttService - Gespeichert - Wago750 Status: 64.0
2026-07-10 11:12:29 [MQTT Call: paho2145044059066] INFO  c.s.Seminar1.services.MqttService - Gespeichert - Temperatur Differenz: 0.1
2026-07-10 11:12:29 [MQTT Call: paho2145044059066] INFO  c.s.Seminar1.services.MqttService - Gespeichert - Temperatur Ist: 27.78
2026-07-10 11:12:30 [MQTT Call: paho2145044059066] INFO  c.s.Seminar1.services.MqttService - Gespeichert - Wago750 Status: 128.0
2026-07-10 11:12:31 [MQTT Call: paho2145044059066] INFO  c.s.Seminar1.services.MqttService - Gespeichert - Wago750 Status: 32768.0
2026-07-10 11:12:32 [MQTT Call: paho2145044059066] INFO  c.s.Seminar1.services.MqttService - Gespeichert - Wago750 Status: 16384.0
2026-07-10 11:12:32 [MQTT Call: paho2145044059066] INFO  c.s.Seminar1.services.MqttService - Gespeichert - Temperatur Soll: 27.7
2026-07-10 11:12:32 [MQTT Call: paho2145044059066] INFO  c.s.Seminar1.services.MqttService - Gespeichert - Temperatur Ist: 27.8
2026-07-10 11:12:33 [MQTT Call: paho2145044059066] INFO  c.s.Seminar1.services.MqttService - Gespeichert - Wago750 Status: 8192.0
2026-07-10 11:12:33 [MQTT Call: paho2145044059066] INFO  c.s.Seminar1.services.MqttService - Gespeichert - Temperatur Differenz: 0.08
2026-07-10 11:12:33 [MQTT Call: paho2145044059066] INFO  c.s.Seminar1.services.MqttService - Gespeichert - Temperatur Ist: 27.78
2026-07-10 11:12:34 [MQTT Call: paho2145044059066] INFO  c.s.Seminar1.services.MqttService - Gespeichert - Temperatur Soll: 27.68
2026-07-10 11:12:34 [MQTT Call: paho2145044059066] INFO  c.s.Seminar1.services.MqttService - Gespeichert - Wago750 Status: 4096.0
2026-07-10 11:12:34 [MQTT Call: paho2145044059066] INFO  c.s.Seminar1.services.MqttService - Gespeichert - Temperatur Differenz: 0.1
2026-07-10 11:12:35 [MQTT Call: paho2145044059066] INFO  c.s.Seminar1.services.MqttService - Gespeichert - Temperatur Soll: 27.7
2026-07-10 11:12:35 [MQTT Call: paho2145044059066] INFO  c.s.Seminar1.services.MqttService - Gespeichert - Wago750 Status: 2048.0
2026-07-10 11:12:35 [MQTT Call: paho2145044059066] INFO  c.s.Seminar1.services.MqttService - Gespeichert - Temperatur Ist: 27.8
2026-07-10 11:12:36 [MQTT Call: paho2145044059066] INFO  c.s.Seminar1.services.MqttService - Gespeichert - Wago750 Status: 1024.0
2026-07-10 11:12:37 [MQTT Call: paho2145044059066] INFO  c.s.Seminar1.services.MqttService - Gespeichert - Wago750 Status: 512.0
2026-07-10 11:12:38 [MQTT Call: paho2145044059066] INFO  c.s.Seminar1.services.MqttService - Gespeichert - Wago750 Status: 256.0
2026-07-10 11:12:39 [MQTT Call: paho2145044059066] INFO  c.s.Seminar1.services.MqttService - Gespeichert - Wago750 Status: 1.0
2026-07-10 11:12:40 [MQTT Call: paho2145044059066] INFO  c.s.Seminar1.services.MqttService - Gespeichert - Wago750 Status: 2.0
2026-07-10 11:12:41 [MQTT Call: paho2145044059066] INFO  c.s.Seminar1.services.MqttService - Gespeichert - Wago750 Status: 4.0
2026-07-10 11:12:42 [MQTT Call: paho2145044059066] INFO  c.s.Seminar1.services.MqttService - Gespeichert - Wago750 Status: 8.0
2026-07-10 11:12:43 [MQTT Call: paho2145044059066] INFO  c.s.Seminar1.services.MqttService - Gespeichert - Wago750 Status: 16.0
2026-07-10 11:12:44 [MQTT Call: paho2145044059066] INFO  c.s.Seminar1.services.MqttService - Gespeichert - Wago750 Status: 32.0
2026-07-10 11:12:45 [MQTT Call: paho2145044059066] INFO  c.s.Seminar1.services.MqttService - Gespeichert - Wago750 Status: 64.0
2026-07-10 11:12:46 [MQTT Call: paho2145044059066] INFO  c.s.Seminar1.services.MqttService - Gespeichert - Wago750 Status: 128.0
2026-07-10 11:12:47 [MQTT Call: paho2145044059066] INFO  c.s.Seminar1.services.MqttService - Gespeichert - Wago750 Status: 32768.0
2026-07-10 11:12:49 [MQTT Call: paho2145044059066] INFO  c.s.Seminar1.services.MqttService - Gespeichert - Wago750 Status: 8192.0
2026-07-10 11:12:50 [MQTT Call: paho2145044059066] INFO  c.s.Seminar1.services.MqttService - Gespeichert - Wago750 Status: 4096.0
2026-07-10 11:12:51 [MQTT Call: paho2145044059066] INFO  c.s.Seminar1.services.MqttService - Gespeichert - Wago750 Status: 2048.0
2026-07-10 11:12:52 [MQTT Call: paho2145044059066] INFO  c.s.Seminar1.services.MqttService - Gespeichert - Wago750 Status: 1024.0
2026-07-10 11:12:53 [MQTT Call: paho2145044059066] INFO  c.s.Seminar1.services.MqttService - Gespeichert - Wago750 Status: 512.0
2026-07-10 11:12:54 [MQTT Call: paho2145044059066] INFO  c.s.Seminar1.services.MqttService - Gespeichert - Wago750 Status: 256.0
2026-07-10 11:12:55 [MQTT Call: paho2145044059066] INFO  c.s.Seminar1.services.MqttService - Gespeichert - Wago750 Status: 1.0
2026-07-10 11:12:55 [MQTT Call: paho2145044059066] INFO  c.s.Seminar1.services.MqttService - Gespeichert - Temperatur Soll: 27.72
2026-07-10 11:12:55 [MQTT Call: paho2145044059066] INFO  c.s.Seminar1.services.MqttService - Gespeichert - Temperatur Differenz: 0.08
2026-07-10 11:12:56 [MQTT Call: paho2145044059066] INFO  c.s.Seminar1.services.MqttService - Gespeichert - Wago750 Status: 2.0
2026-07-10 11:12:57 [MQTT Call: paho2145044059066] INFO  c.s.Seminar1.services.MqttService - Gespeichert - Wago750 Status: 4.0
2026-07-10 11:12:58 [MQTT Call: paho2145044059066] INFO  c.s.Seminar1.services.MqttService - Gespeichert - Wago750 Status: 8.0
2026-07-10 11:12:59 [MQTT Call: paho2145044059066] INFO  c.s.Seminar1.services.MqttService - Gespeichert - Wago750 Status: 16.0
2026-07-10 11:13:00 [MQTT Call: paho2145044059066] INFO  c.s.Seminar1.services.MqttService - Gespeichert - Wago750 Status: 32.0
2026-07-10 11:13:01 [MQTT Call: paho2145044059066] INFO  c.s.Seminar1.services.MqttService - Gespeichert - Wago750 Status: 64.0
2026-07-10 11:13:02 [MQTT Call: paho2145044059066] INFO  c.s.Seminar1.services.MqttService - Gespeichert - Wago750 Status: 128.0
2026-07-10 11:13:03 [MQTT Call: paho2145044059066] INFO  c.s.Seminar1.services.MqttService - Gespeichert - Wago750 Status: 32768.0
2026-07-10 11:13:04 [MQTT Call: paho2145044059066] INFO  c.s.Seminar1.services.MqttService - Gespeichert - Wago750 Status: 16384.0
2026-07-10 11:13:05 [MQTT Call: paho2145044059066] INFO  c.s.Seminar1.services.MqttService - Gespeichert - Wago750 Status: 8192.0
2026-07-10 11:13:06 [MQTT Call: paho2145044059066] INFO  c.s.Seminar1.services.MqttService - Gespeichert - Wago750 Status: 4096.0
2026-07-10 11:13:07 [MQTT Call: paho2145044059066] INFO  c.s.Seminar1.services.MqttService - Gespeichert - Wago750 Status: 2048.0
2026-07-10 11:13:08 [MQTT Call: paho2145044059066] INFO  c.s.Seminar1.services.MqttService - Gespeichert - Wago750 Status: 1024.0
2026-07-10 11:13:09 [MQTT Call: paho2145044059066] INFO  c.s.Seminar1.services.MqttService - Gespeichert - Wago750 Status: 512.0
2026-07-10 11:13:10 [MQTT Call: paho2145044059066] INFO  c.s.Seminar1.services.MqttService - Gespeichert - Wago750 Status: 256.0
2026-07-10 11:13:11 [MQTT Call: paho2145044059066] INFO  c.s.Seminar1.services.MqttService - Gespeichert - Wago750 Status: 1.0
2026-07-10 11:13:12 [MQTT Call: paho2145044059066] INFO  c.s.Seminar1.services.MqttService - Gespeichert - Wago750 Status: 2.0
2026-07-10 11:13:13 [MQTT Call: paho2145044059066] INFO  c.s.Seminar1.services.MqttService - Gespeichert - Wago750 Status: 4.0
2026-07-10 11:13:14 [MQTT Call: paho2145044059066] INFO  c.s.Seminar1.services.MqttService - Gespeichert - Wago750 Status: 8.0
2026-07-10 11:13:15 [MQTT Call: paho2145044059066] INFO  c.s.Seminar1.services.MqttService - Gespeichert - Wago750 Status: 16.0
2026-07-10 11:13:16 [MQTT Call: paho2145044059066] INFO  c.s.Seminar1.services.MqttService - Gespeichert - Wago750 Status: 32.0
2026-07-10 11:13:17 [MQTT Call: paho2145044059066] INFO  c.s.Seminar1.services.MqttService - Gespeichert - Wago750 Status: 64.0
2026-07-10 11:13:18 [MQTT Call: paho2145044059066] INFO  c.s.Seminar1.services.MqttService - Gespeichert - Wago750 Status: 128.0
2026-07-10 11:13:19 [MQTT Call: paho2145044059066] INFO  c.s.Seminar1.services.MqttService - Gespeichert - Temperatur Soll: 27.74
2026-07-10 11:13:19 [MQTT Call: paho2145044059066] INFO  c.s.Seminar1.services.MqttService - Gespeichert - Wago750 Status: 32768.0
2026-07-10 11:13:19 [MQTT Call: paho2145044059066] INFO  c.s.Seminar1.services.MqttService - Gespeichert - Temperatur Differenz: 0.06
2026-07-10 11:13:20 [MQTT Call: paho2145044059066] INFO  c.s.Seminar1.services.MqttService - Gespeichert - Wago750 Status: 16384.0
2026-07-10 11:13:21 [MQTT Call: paho2145044059066] INFO  c.s.Seminar1.services.MqttService - Gespeichert - Wago750 Status: 8192.0
2026-07-10 11:13:22 [MQTT Call: paho2145044059066] INFO  c.s.Seminar1.services.MqttService - Gespeichert - Wago750 Status: 4096.0
2026-07-10 11:13:23 [MQTT Call: paho2145044059066] INFO  c.s.Seminar1.services.MqttService - Gespeichert - Wago750 Status: 2048.0
2026-07-10 11:13:24 [MQTT Call: paho2145044059066] INFO  c.s.Seminar1.services.MqttService - Gespeichert - Wago750 Status: 1024.0
2026-07-10 11:13:25 [MQTT Call: paho2145044059066] INFO  c.s.Seminar1.services.MqttService - Gespeichert - Wago750 Status: 512.0
2026-07-10 11:13:26 [MQTT Call: paho2145044059066] INFO  c.s.Seminar1.services.MqttService - Gespeichert - Wago750 Status: 256.0
2026-07-10 11:13:27 [MQTT Call: paho2145044059066] INFO  c.s.Seminar1.services.MqttService - Gespeichert - Wago750 Status: 1.0
2026-07-10 11:13:28 [MQTT Call: paho2145044059066] INFO  c.s.Seminar1.services.MqttService - Gespeichert - Wago750 Status: 2.0
2026-07-10 11:13:29 [MQTT Call: paho2145044059066] INFO  c.s.Seminar1.services.MqttService - Gespeichert - Wago750 Status: 4.0
2026-07-10 11:13:30 [MQTT Call: paho2145044059066] INFO  c.s.Seminar1.services.MqttService - Gespeichert - Wago750 Status: 8.0
2026-07-10 11:13:31 [MQTT Call: paho2145044059066] INFO  c.s.Seminar1.services.MqttService - Gespeichert - Wago750 Status: 16.0
2026-07-10 11:13:32 [MQTT Call: paho2145044059066] INFO  c.s.Seminar1.services.MqttService - Gespeichert - Wago750 Status: 32.0
2026-07-10 11:13:33 [MQTT Call: paho2145044059066] INFO  c.s.Seminar1.services.MqttService - Gespeichert - Wago750 Status: 64.0
2026-07-10 11:13:34 [MQTT Call: paho2145044059066] INFO  c.s.Seminar1.services.MqttService - Gespeichert - Wago750 Status: 128.0
2026-07-10 11:13:35 [MQTT Call: paho2145044059066] INFO  c.s.Seminar1.services.MqttService - Gespeichert - Wago750 Status: 32768.0
2026-07-10 11:13:35 [MQTT Call: paho2145044059066] INFO  c.s.Seminar1.services.MqttService - Gespeichert - Temperatur Differenz: 0.08
2026-07-10 11:13:35 [MQTT Call: paho2145044059066] INFO  c.s.Seminar1.services.MqttService - Gespeichert - Temperatur Ist: 27.82
2026-07-10 11:13:36 [MQTT Call: paho2145044059066] INFO  c.s.Seminar1.services.MqttService - Gespeichert - Wago750 Status: 16384.0
2026-07-10 11:13:37 [MQTT Call: paho2145044059066] INFO  c.s.Seminar1.services.MqttService - Gespeichert - Wago750 Status: 8192.0
2026-07-10 11:13:37 [MQTT Call: paho2145044059066] INFO  c.s.Seminar1.services.MqttService - Gespeichert - Temperatur Differenz: 0.06
2026-07-10 11:13:37 [MQTT Call: paho2145044059066] INFO  c.s.Seminar1.services.MqttService - Gespeichert - Temperatur Ist: 27.8
2026-07-10 11:13:38 [MQTT Call: paho2145044059066] INFO  c.s.Seminar1.services.MqttService - Gespeichert - Wago750 Status: 4096.0
2026-07-10 11:13:39 [MQTT Call: paho2145044059066] INFO  c.s.Seminar1.services.MqttService - Gespeichert - Wago750 Status: 2048.0
2026-07-10 11:13:40 [MQTT Call: paho2145044059066] INFO  c.s.Seminar1.services.MqttService - Gespeichert - Wago750 Status: 1024.0
2026-07-10 11:13:40 [MQTT Call: paho2145044059066] INFO  c.s.Seminar1.services.MqttService - Gespeichert - Temperatur Differenz: 0.08
2026-07-10 11:13:40 [MQTT Call: paho2145044059066] INFO  c.s.Seminar1.services.MqttService - Gespeichert - Temperatur Ist: 27.82
2026-07-10 11:13:41 [MQTT Call: paho2145044059066] INFO  c.s.Seminar1.services.MqttService - Gespeichert - Wago750 Status: 512.0
2026-07-10 11:13:42 [MQTT Call: paho2145044059066] INFO  c.s.Seminar1.services.MqttService - Gespeichert - Wago750 Status: 256.0
2026-07-10 11:13:42 [MQTT Call: paho2145044059066] INFO  c.s.Seminar1.services.MqttService - Gespeichert - Temperatur Differenz: 0.06
2026-07-10 11:13:42 [MQTT Call: paho2145044059066] INFO  c.s.Seminar1.services.MqttService - Gespeichert - Temperatur Ist: 27.8
2026-07-10 11:13:43 [MQTT Call: paho2145044059066] INFO  c.s.Seminar1.services.MqttService - Gespeichert - Wago750 Status: 1.0
2026-07-10 11:13:43 [MQTT Call: paho2145044059066] INFO  c.s.Seminar1.services.MqttService - Gespeichert - Temperatur Differenz: 0.08
2026-07-10 11:13:43 [MQTT Call: paho2145044059066] INFO  c.s.Seminar1.services.MqttService - Gespeichert - Temperatur Ist: 27.82
2026-07-10 11:13:44 [MQTT Call: paho2145044059066] INFO  c.s.Seminar1.services.MqttService - Gespeichert - Wago750 Status: 2.0
2026-07-10 11:13:45 [MQTT Call: paho2145044059066] INFO  c.s.Seminar1.services.MqttService - Gespeichert - Wago750 Status: 4.0
2026-07-10 11:13:46 [MQTT Call: paho2145044059066] INFO  c.s.Seminar1.services.MqttService - Gespeichert - Wago750 Status: 8.0
2026-07-10 11:13:46 [MQTT Call: paho2145044059066] INFO  c.s.Seminar1.services.MqttService - Gespeichert - Temperatur Differenz: 0.06
2026-07-10 11:13:46 [MQTT Call: paho2145044059066] INFO  c.s.Seminar1.services.MqttService - Gespeichert - Temperatur Ist: 27.8
2026-07-10 11:13:47 [MQTT Call: paho2145044059066] INFO  c.s.Seminar1.services.MqttService - Gespeichert - Wago750 Status: 16.0
2026-07-10 11:13:47 [MQTT Call: paho2145044059066] INFO  c.s.Seminar1.services.MqttService - Gespeichert - Temperatur Differenz: 0.08
2026-07-10 11:13:47 [MQTT Call: paho2145044059066] INFO  c.s.Seminar1.services.MqttService - Gespeichert - Temperatur Ist: 27.82
2026-07-10 11:13:48 [MQTT Call: paho2145044059066] INFO  c.s.Seminar1.services.MqttService - Gespeichert - Wago750 Status: 32.0
2026-07-10 11:13:50 [MQTT Call: paho2145044059066] INFO  c.s.Seminar1.services.MqttService - Gespeichert - Wago750 Status: 128.0
2026-07-10 11:13:51 [MQTT Call: paho2145044059066] INFO  c.s.Seminar1.services.MqttService - Gespeichert - Wago750 Status: 32768.0
2026-07-10 11:13:51 [MQTT Call: paho2145044059066] INFO  c.s.Seminar1.services.MqttService - Gespeichert - Temperatur Differenz: 0.06
2026-07-10 11:13:51 [MQTT Call: paho2145044059066] INFO  c.s.Seminar1.services.MqttService - Gespeichert - Temperatur Ist: 27.8
2026-07-10 11:13:52 [MQTT Call: paho2145044059066] INFO  c.s.Seminar1.services.MqttService - Gespeichert - Wago750 Status: 16384.0
2026-07-10 11:13:52 [MQTT Call: paho2145044059066] INFO  c.s.Seminar1.services.MqttService - Gespeichert - Temperatur Differenz: 0.08
2026-07-10 11:13:52 [MQTT Call: paho2145044059066] INFO  c.s.Seminar1.services.MqttService - Gespeichert - Temperatur Ist: 27.82
2026-07-10 11:13:53 [MQTT Call: paho2145044059066] INFO  c.s.Seminar1.services.MqttService - Gespeichert - Wago750 Status: 8192.0
2026-07-10 11:13:54 [MQTT Call: paho2145044059066] INFO  c.s.Seminar1.services.MqttService - Gespeichert - Wago750 Status: 4096.0
2026-07-10 11:13:55 [MQTT Call: paho2145044059066] INFO  c.s.Seminar1.services.MqttService - Gespeichert - Wago750 Status: 2048.0
2026-07-10 11:13:56 [MQTT Call: paho2145044059066] INFO  c.s.Seminar1.services.MqttService - Gespeichert - Wago750 Status: 1024.0
2026-07-10 11:13:57 [MQTT Call: paho2145044059066] INFO  c.s.Seminar1.services.MqttService - Gespeichert - Wago750 Status: 512.0
2026-07-10 11:13:58 [MQTT Call: paho2145044059066] INFO  c.s.Seminar1.services.MqttService - Gespeichert - Wago750 Status: 256.0
2026-07-10 11:13:59 [MQTT Call: paho2145044059066] INFO  c.s.Seminar1.services.MqttService - Gespeichert - Wago750 Status: 1.0
2026-07-10 11:14:00 [MQTT Call: paho2145044059066] INFO  c.s.Seminar1.services.MqttService - Gespeichert - Wago750 Status: 2.0
2026-07-10 11:14:01 [MQTT Call: paho2145044059066] INFO  c.s.Seminar1.services.MqttService - Gespeichert - Wago750 Status: 4.0
2026-07-10 11:14:02 [MQTT Call: paho2145044059066] INFO  c.s.Seminar1.services.MqttService - Gespeichert - Wago750 Status: 8.0
2026-07-10 11:14:03 [MQTT Call: paho2145044059066] INFO  c.s.Seminar1.services.MqttService - Gespeichert - Wago750 Status: 16.0
2026-07-10 11:14:04 [MQTT Call: paho2145044059066] INFO  c.s.Seminar1.services.MqttService - Gespeichert - Wago750 Status: 32.0
2026-07-10 11:14:05 [MQTT Call: paho2145044059066] INFO  c.s.Seminar1.services.MqttService - Gespeichert - Wago750 Status: 64.0
2026-07-10 11:14:06 [MQTT Call: paho2145044059066] INFO  c.s.Seminar1.services.MqttService - Gespeichert - Wago750 Status: 128.0
2026-07-10 11:14:07 [MQTT Call: paho2145044059066] INFO  c.s.Seminar1.services.MqttService - Gespeichert - Wago750 Status: 32768.0
2026-07-10 11:14:08 [MQTT Call: paho2145044059066] INFO  c.s.Seminar1.services.MqttService - Gespeichert - Wago750 Status: 16384.0
2026-07-10 11:14:09 [MQTT Call: paho2145044059066] INFO  c.s.Seminar1.services.MqttService - Gespeichert - Wago750 Status: 8192.0
2026-07-10 11:14:10 [MQTT Call: paho2145044059066] INFO  c.s.Seminar1.services.MqttService - Gespeichert - Wago750 Status: 4096.0
2026-07-10 11:14:11 [MQTT Call: paho2145044059066] INFO  c.s.Seminar1.services.MqttService - Gespeichert - Wago750 Status: 2048.0
2026-07-10 11:14:12 [MQTT Call: paho2145044059066] INFO  c.s.Seminar1.services.MqttService - Gespeichert - Wago750 Status: 1024.0
2026-07-10 11:14:13 [MQTT Call: paho2145044059066] INFO  c.s.Seminar1.services.MqttService - Gespeichert - Wago750 Status: 512.0
2026-07-10 11:14:14 [MQTT Call: paho2145044059066] INFO  c.s.Seminar1.services.MqttService - Gespeichert - Wago750 Status: 256.0
2026-07-10 11:14:15 [MQTT Call: paho2145044059066] INFO  c.s.Seminar1.services.MqttService - Gespeichert - Wago750 Status: 1.0
2026-07-10 11:14:16 [MQTT Call: paho2145044059066] INFO  c.s.Seminar1.services.MqttService - Gespeichert - Wago750 Status: 2.0
2026-07-10 11:14:17 [MQTT Call: paho2145044059066] INFO  c.s.Seminar1.services.MqttService - Gespeichert - Wago750 Status: 4.0
2026-07-10 11:14:18 [MQTT Call: paho2145044059066] INFO  c.s.Seminar1.services.MqttService - Gespeichert - Wago750 Status: 8.0
2026-07-10 11:14:19 [MQTT Call: paho2145044059066] INFO  c.s.Seminar1.services.MqttService - Gespeichert - Wago750 Status: 16.0
2026-07-10 11:14:20 [MQTT Call: paho2145044059066] INFO  c.s.Seminar1.services.MqttService - Gespeichert - Wago750 Status: 32.0
2026-07-10 11:14:21 [MQTT Call: paho2145044059066] INFO  c.s.Seminar1.services.MqttService - Gespeichert - Wago750 Status: 64.0
2026-07-10 11:14:22 [MQTT Call: paho2145044059066] INFO  c.s.Seminar1.services.MqttService - Gespeichert - Wago750 Status: 128.0
2026-07-10 11:14:23 [MQTT Call: paho2145044059066] INFO  c.s.Seminar1.services.MqttService - Gespeichert - Wago750 Status: 32768.0
2026-07-10 11:14:24 [MQTT Call: paho2145044059066] INFO  c.s.Seminar1.services.MqttService - Gespeichert - Wago750 Status: 16384.0
2026-07-10 11:14:25 [MQTT Call: paho2145044059066] INFO  c.s.Seminar1.services.MqttService - Gespeichert - Wago750 Status: 8192.0
2026-07-10 11:14:26 [MQTT Call: paho2145044059066] INFO  c.s.Seminar1.services.MqttService - Gespeichert - Wago750 Status: 4096.0
2026-07-10 11:14:27 [MQTT Call: paho2145044059066] INFO  c.s.Seminar1.services.MqttService - Gespeichert - Wago750 Status: 2048.0
2026-07-10 11:14:28 [MQTT Call: paho2145044059066] INFO  c.s.Seminar1.services.MqttService - Gespeichert - Wago750 Status: 1024.0
2026-07-10 11:14:29 [MQTT Call: paho2145044059066] INFO  c.s.Seminar1.services.MqttService - Gespeichert - Wago750 Status: 512.0
2026-07-10 11:14:30 [MQTT Call: paho2145044059066] INFO  c.s.Seminar1.services.MqttService - Gespeichert - Wago750 Status: 256.0
2026-07-10 11:14:31 [MQTT Call: paho2145044059066] INFO  c.s.Seminar1.services.MqttService - Gespeichert - Wago750 Status: 1.0
2026-07-10 11:14:32 [MQTT Call: paho2145044059066] INFO  c.s.Seminar1.services.MqttService - Gespeichert - Wago750 Status: 2.0
2026-07-10 11:14:33 [MQTT Call: paho2145044059066] INFO  c.s.Seminar1.services.MqttService - Gespeichert - Wago750 Status: 4.0
2026-07-10 11:14:34 [MQTT Call: paho2145044059066] INFO  c.s.Seminar1.services.MqttService - Gespeichert - Wago750 Status: 8.0
2026-07-10 11:14:35 [MQTT Call: paho2145044059066] INFO  c.s.Seminar1.services.MqttService - Gespeichert - Wago750 Status: 16.0
2026-07-10 11:14:36 [MQTT Call: paho2145044059066] INFO  c.s.Seminar1.services.MqttService - Gespeichert - Wago750 Status: 32.0
2026-07-10 11:14:37 [MQTT Call: paho2145044059066] INFO  c.s.Seminar1.services.MqttService - Gespeichert - Wago750 Status: 64.0
2026-07-10 11:14:38 [MQTT Call: paho2145044059066] INFO  c.s.Seminar1.services.MqttService - Gespeichert - Wago750 Status: 128.0
2026-07-10 11:14:40 [MQTT Call: paho2145044059066] INFO  c.s.Seminar1.services.MqttService - Gespeichert - Wago750 Status: 32768.0
2026-07-10 11:14:41 [MQTT Call: paho2145044059066] INFO  c.s.Seminar1.services.MqttService - Gespeichert - Wago750 Status: 16384.0
2026-07-10 11:14:42 [MQTT Call: paho2145044059066] INFO  c.s.Seminar1.services.MqttService - Gespeichert - Wago750 Status: 8192.0
2026-07-10 11:14:43 [MQTT Call: paho2145044059066] INFO  c.s.Seminar1.services.MqttService - Gespeichert - Wago750 Status: 4096.0
2026-07-10 11:14:44 [MQTT Call: paho2145044059066] INFO  c.s.Seminar1.services.MqttService - Gespeichert - Wago750 Status: 2048.0
2026-07-10 11:14:45 [MQTT Call: paho2145044059066] INFO  c.s.Seminar1.services.MqttService - Gespeichert - Wago750 Status: 1024.0
2026-07-10 11:14:46 [MQTT Call: paho2145044059066] INFO  c.s.Seminar1.services.MqttService - Gespeichert - Wago750 Status: 512.0
2026-07-10 11:14:47 [MQTT Call: paho2145044059066] INFO  c.s.Seminar1.services.MqttService - Gespeichert - Wago750 Status: 256.0
2026-07-10 11:14:48 [MQTT Call: paho2145044059066] INFO  c.s.Seminar1.services.MqttService - Gespeichert - Wago750 Status: 1.0
2026-07-10 11:14:49 [MQTT Call: paho2145044059066] INFO  c.s.Seminar1.services.MqttService - Gespeichert - Wago750 Status: 2.0
2026-07-10 11:14:49 [MQTT Call: paho2145044059066] INFO  c.s.Seminar1.services.MqttService - Gespeichert - Temperatur Differenz: 0.06
2026-07-10 11:14:49 [MQTT Call: paho2145044059066] INFO  c.s.Seminar1.services.MqttService - Gespeichert - Temperatur Ist: 27.8
2026-07-10 11:14:51 [MQTT Call: paho2145044059066] INFO  c.s.Seminar1.services.MqttService - Gespeichert - Wago750 Status: 8.0
2026-07-10 11:14:52 [MQTT Call: paho2145044059066] INFO  c.s.Seminar1.services.MqttService - Gespeichert - Wago750 Status: 16.0
2026-07-10 11:14:53 [MQTT Call: paho2145044059066] INFO  c.s.Seminar1.services.MqttService - Gespeichert - Wago750 Status: 32.0
2026-07-10 11:14:54 [MQTT Call: paho2145044059066] INFO  c.s.Seminar1.services.MqttService - Gespeichert - Wago750 Status: 64.0
2026-07-10 11:14:55 [MQTT Call: paho2145044059066] INFO  c.s.Seminar1.services.MqttService - Gespeichert - Wago750 Status: 128.0
2026-07-10 11:14:56 [MQTT Call: paho2145044059066] INFO  c.s.Seminar1.services.MqttService - Gespeichert - Wago750 Status: 32768.0
2026-07-10 11:14:57 [MQTT Call: paho2145044059066] INFO  c.s.Seminar1.services.MqttService - Gespeichert - Wago750 Status: 16384.0
2026-07-10 11:14:58 [MQTT Call: paho2145044059066] INFO  c.s.Seminar1.services.MqttService - Gespeichert - Wago750 Status: 8192.0
2026-07-10 11:14:59 [MQTT Call: paho2145044059066] INFO  c.s.Seminar1.services.MqttService - Gespeichert - Wago750 Status: 4096.0
2026-07-10 11:15:00 [MQTT Call: paho2145044059066] INFO  c.s.Seminar1.services.MqttService - Gespeichert - Wago750 Status: 2048.0
2026-07-10 11:15:01 [MQTT Call: paho2145044059066] INFO  c.s.Seminar1.services.MqttService - Gespeichert - Wago750 Status: 1024.0
2026-07-10 11:15:01 [MQTT Call: paho2145044059066] INFO  c.s.Seminar1.services.MqttService - Gespeichert - Temperatur Soll: 27.72
2026-07-10 11:15:01 [MQTT Call: paho2145044059066] INFO  c.s.Seminar1.services.MqttService - Gespeichert - Temperatur Differenz: 0.08
2026-07-10 11:15:02 [MQTT Call: paho2145044059066] INFO  c.s.Seminar1.services.MqttService - Gespeichert - Wago750 Status: 512.0
2026-07-10 11:15:03 [MQTT Call: paho2145044059066] INFO  c.s.Seminar1.services.MqttService - Gespeichert - Wago750 Status: 256.0
2026-07-10 11:15:04 [MQTT Call: paho2145044059066] INFO  c.s.Seminar1.services.MqttService - Gespeichert - Wago750 Status: 1.0
2026-07-10 11:15:05 [MQTT Call: paho2145044059066] INFO  c.s.Seminar1.services.MqttService - Gespeichert - Wago750 Status: 2.0
2026-07-10 11:15:05 [MQTT Call: paho2145044059066] INFO  c.s.Seminar1.services.MqttService - Gespeichert - Temperatur Soll: 27.74
2026-07-10 11:15:06 [MQTT Call: paho2145044059066] INFO  c.s.Seminar1.services.MqttService - Gespeichert - Wago750 Status: 4.0
2026-07-10 11:15:06 [MQTT Call: paho2145044059066] INFO  c.s.Seminar1.services.MqttService - Gespeichert - Temperatur Soll: 27.72
2026-07-10 11:15:07 [MQTT Call: paho2145044059066] INFO  c.s.Seminar1.services.MqttService - Gespeichert - Wago750 Status: 8.0
2026-07-10 11:15:07 [MQTT Call: paho2145044059066] INFO  c.s.Seminar1.services.MqttService - Gespeichert - Temperatur Soll: 27.74
2026-07-10 11:15:07 [MQTT Call: paho2145044059066] INFO  c.s.Seminar1.services.MqttService - Gespeichert - Temperatur Differenz: 0.06
2026-07-10 11:15:08 [MQTT Call: paho2145044059066] INFO  c.s.Seminar1.services.MqttService - Gespeichert - Wago750 Status: 16.0
2026-07-10 11:15:09 [MQTT Call: paho2145044059066] INFO  c.s.Seminar1.services.MqttService - Gespeichert - Wago750 Status: 32.0
2026-07-10 11:15:09 [MQTT Call: paho2145044059066] INFO  c.s.Seminar1.services.MqttService - Gespeichert - Temperatur Soll: 27.72
2026-07-10 11:15:09 [MQTT Call: paho2145044059066] INFO  c.s.Seminar1.services.MqttService - Gespeichert - Temperatur Differenz: 0.08
2026-07-10 11:15:10 [MQTT Call: paho2145044059066] INFO  c.s.Seminar1.services.MqttService - Gespeichert - Wago750 Status: 64.0
2026-07-10 11:15:11 [MQTT Call: paho2145044059066] INFO  c.s.Seminar1.services.MqttService - Gespeichert - Wago750 Status: 128.0
2026-07-10 11:15:11 [MQTT Call: paho2145044059066] INFO  c.s.Seminar1.services.MqttService - Gespeichert - Temperatur Soll: 27.74
2026-07-10 11:15:11 [MQTT Call: paho2145044059066] INFO  c.s.Seminar1.services.MqttService - Gespeichert - Temperatur Differenz: 0.06
2026-07-10 11:15:12 [MQTT Call: paho2145044059066] INFO  c.s.Seminar1.services.MqttService - Gespeichert - Wago750 Status: 32768.0
2026-07-10 11:15:13 [MQTT Call: paho2145044059066] INFO  c.s.Seminar1.services.MqttService - Gespeichert - Wago750 Status: 16384.0
2026-07-10 11:15:13 [MQTT Call: paho2145044059066] INFO  c.s.Seminar1.services.MqttService - Gespeichert - Temperatur Soll: 27.72
2026-07-10 11:15:13 [MQTT Call: paho2145044059066] INFO  c.s.Seminar1.services.MqttService - Gespeichert - Temperatur Differenz: 0.08
2026-07-10 11:15:14 [MQTT Call: paho2145044059066] INFO  c.s.Seminar1.services.MqttService - Gespeichert - Wago750 Status: 8192.0
2026-07-10 11:15:15 [MQTT Call: paho2145044059066] INFO  c.s.Seminar1.services.MqttService - Gespeichert - Wago750 Status: 4096.0
2026-07-10 11:15:16 [MQTT Call: paho2145044059066] INFO  c.s.Seminar1.services.MqttService - Gespeichert - Wago750 Status: 2048.0
2026-07-10 11:15:17 [MQTT Call: paho2145044059066] INFO  c.s.Seminar1.services.MqttService - Gespeichert - Wago750 Status: 1024.0
2026-07-10 11:15:18 [MQTT Call: paho2145044059066] INFO  c.s.Seminar1.services.MqttService - Gespeichert - Wago750 Status: 512.0
2026-07-10 11:15:19 [MQTT Call: paho2145044059066] INFO  c.s.Seminar1.services.MqttService - Gespeichert - Wago750 Status: 256.0
2026-07-10 11:15:20 [MQTT Call: paho2145044059066] INFO  c.s.Seminar1.services.MqttService - Gespeichert - Wago750 Status: 1.0
2026-07-10 11:15:21 [MQTT Call: paho2145044059066] INFO  c.s.Seminar1.services.MqttService - Gespeichert - Wago750 Status: 2.0
2026-07-10 11:15:22 [MQTT Call: paho2145044059066] INFO  c.s.Seminar1.services.MqttService - Gespeichert - Wago750 Status: 4.0
2026-07-10 11:15:23 [MQTT Call: paho2145044059066] INFO  c.s.Seminar1.services.MqttService - Gespeichert - Wago750 Status: 8.0
2026-07-10 11:15:24 [MQTT Call: paho2145044059066] INFO  c.s.Seminar1.services.MqttService - Gespeichert - Wago750 Status: 16.0
2026-07-10 11:15:25 [MQTT Call: paho2145044059066] INFO  c.s.Seminar1.services.MqttService - Gespeichert - Wago750 Status: 32.0
2026-07-10 11:15:26 [MQTT Call: paho2145044059066] INFO  c.s.Seminar1.services.MqttService - Gespeichert - Wago750 Status: 64.0
2026-07-10 11:15:27 [MQTT Call: paho2145044059066] INFO  c.s.Seminar1.services.MqttService - Gespeichert - Wago750 Status: 128.0
2026-07-10 11:15:28 [MQTT Call: paho2145044059066] INFO  c.s.Seminar1.services.MqttService - Gespeichert - Wago750 Status: 32768.0
2026-07-10 11:15:29 [MQTT Call: paho2145044059066] INFO  c.s.Seminar1.services.MqttService - Gespeichert - Wago750 Status: 16384.0
2026-07-10 11:15:30 [MQTT Call: paho2145044059066] INFO  c.s.Seminar1.services.MqttService - Gespeichert - Wago750 Status: 8192.0
2026-07-10 11:15:31 [MQTT Call: paho2145044059066] INFO  c.s.Seminar1.services.MqttService - Gespeichert - Wago750 Status: 4096.0
2026-07-10 11:15:32 [MQTT Call: paho2145044059066] INFO  c.s.Seminar1.services.MqttService - Gespeichert - Wago750 Status: 2048.0
2026-07-10 11:15:33 [MQTT Call: paho2145044059066] INFO  c.s.Seminar1.services.MqttService - Gespeichert - Wago750 Status: 1024.0
2026-07-10 11:15:34 [MQTT Call: paho2145044059066] INFO  c.s.Seminar1.services.MqttService - Gespeichert - Wago750 Status: 512.0
2026-07-10 11:15:35 [MQTT Call: paho2145044059066] INFO  c.s.Seminar1.services.MqttService - Gespeichert - Wago750 Status: 256.0
2026-07-10 11:15:36 [MQTT Call: paho2145044059066] INFO  c.s.Seminar1.services.MqttService - Gespeichert - Wago750 Status: 1.0
2026-07-10 11:15:37 [MQTT Call: paho2145044059066] INFO  c.s.Seminar1.services.MqttService - Gespeichert - Wago750 Control: 0
2026-07-10 11:15:37 [MQTT Call: paho2145044059066] INFO  c.s.Seminar1.services.MqttService - Gespeichert - Wago750 Status: 0.0
2026-07-10 11:15:48 [MQTT Call: paho2145044059066] INFO  c.s.Seminar1.services.MqttService - Gespeichert - Wago750 Control: 2
2026-07-10 11:15:49 [MQTT Call: paho2145044059066] INFO  c.s.Seminar1.services.MqttService - Gespeichert - Wago750 Status: 4.0
2026-07-10 11:15:50 [MQTT Call: paho2145044059066] INFO  c.s.Seminar1.services.MqttService - Gespeichert - Wago750 Status: 8.0
2026-07-10 11:15:51 [MQTT Call: paho2145044059066] INFO  c.s.Seminar1.services.MqttService - Gespeichert - Wago750 Status: 16.0
2026-07-10 11:15:52 [MQTT Call: paho2145044059066] INFO  c.s.Seminar1.services.MqttService - Gespeichert - Wago750 Status: 32.0
2026-07-10 11:15:53 [MQTT Call: paho2145044059066] INFO  c.s.Seminar1.services.MqttService - Gespeichert - Wago750 Status: 64.0
2026-07-10 11:15:54 [MQTT Call: paho2145044059066] INFO  c.s.Seminar1.services.MqttService - Gespeichert - Wago750 Status: 128.0
2026-07-10 11:15:55 [MQTT Call: paho2145044059066] INFO  c.s.Seminar1.services.MqttService - Gespeichert - Wago750 Status: 32768.0
2026-07-10 11:15:56 [MQTT Call: paho2145044059066] INFO  c.s.Seminar1.services.MqttService - Gespeichert - Wago750 Status: 16384.0
2026-07-10 11:15:57 [MQTT Call: paho2145044059066] INFO  c.s.Seminar1.services.MqttService - Gespeichert - Wago750 Status: 8192.0
2026-07-10 11:15:58 [MQTT Call: paho2145044059066] INFO  c.s.Seminar1.services.MqttService - Gespeichert - Wago750 Status: 4096.0
2026-07-10 11:15:59 [MQTT Call: paho2145044059066] INFO  c.s.Seminar1.services.MqttService - Gespeichert - Wago750 Status: 2048.0
2026-07-10 11:16:00 [MQTT Call: paho2145044059066] INFO  c.s.Seminar1.services.MqttService - Gespeichert - Wago750 Status: 1024.0
2026-07-10 11:16:01 [MQTT Call: paho2145044059066] INFO  c.s.Seminar1.services.MqttService - Gespeichert - Wago750 Status: 512.0
2026-07-10 11:16:02 [MQTT Call: paho2145044059066] INFO  c.s.Seminar1.services.MqttService - Gespeichert - Wago750 Status: 256.0
2026-07-10 11:16:03 [MQTT Call: paho2145044059066] INFO  c.s.Seminar1.services.MqttService - Gespeichert - Wago750 Status: 1.0
2026-07-10 11:16:04 [MQTT Call: paho2145044059066] INFO  c.s.Seminar1.services.MqttService - Gespeichert - Wago750 Status: 2.0
2026-07-10 11:16:04 [MQTT Call: paho2145044059066] INFO  c.s.Seminar1.services.MqttService - Gespeichert - Temperatur Differenz: 0.1
2026-07-10 11:16:04 [MQTT Call: paho2145044059066] INFO  c.s.Seminar1.services.MqttService - Gespeichert - Temperatur Ist: 27.82
2026-07-10 11:16:05 [MQTT Call: paho2145044059066] INFO  c.s.Seminar1.services.MqttService - Gespeichert - Wago750 Status: 4.0
2026-07-10 11:16:05 [MQTT Call: paho2145044059066] INFO  c.s.Seminar1.services.MqttService - Gespeichert - Temperatur Differenz: 0.08
2026-07-10 11:16:05 [MQTT Call: paho2145044059066] INFO  c.s.Seminar1.services.MqttService - Gespeichert - Temperatur Ist: 27.8
2026-07-10 11:16:06 [MQTT Call: paho2145044059066] INFO  c.s.Seminar1.services.MqttService - Gespeichert - Wago750 Status: 8.0
2026-07-10 11:16:07 [MQTT Call: paho2145044059066] INFO  c.s.Seminar1.services.MqttService - Gespeichert - Wago750 Status: 16.0
2026-07-10 11:16:08 [MQTT Call: paho2145044059066] INFO  c.s.Seminar1.services.MqttService - Gespeichert - Wago750 Status: 32.0
2026-07-10 11:16:09 [MQTT Call: paho2145044059066] INFO  c.s.Seminar1.services.MqttService - Gespeichert - Wago750 Status: 64.0
2026-07-10 11:16:09 [MQTT Call: paho2145044059066] INFO  c.s.Seminar1.services.MqttService - Gespeichert - Temperatur Differenz: 0.1
2026-07-10 11:16:09 [MQTT Call: paho2145044059066] INFO  c.s.Seminar1.services.MqttService - Gespeichert - Temperatur Ist: 27.82
2026-07-10 11:16:10 [MQTT Call: paho2145044059066] INFO  c.s.Seminar1.services.MqttService - Gespeichert - Wago750 Control: 3
2026-07-10 11:16:10 [MQTT Call: paho2145044059066] INFO  c.s.Seminar1.services.MqttService - Gespeichert - Wago750 Status: 33153.0
2026-07-10 11:16:10 [MQTT Call: paho2145044059066] INFO  c.s.Seminar1.services.MqttService - Gespeichert - Temperatur Differenz: 0.08
2026-07-10 11:16:10 [MQTT Call: paho2145044059066] INFO  c.s.Seminar1.services.MqttService - Gespeichert - Temperatur Ist: 27.8
2026-07-10 11:16:11 [MQTT Call: paho2145044059066] INFO  c.s.Seminar1.services.MqttService - Gespeichert - Wago750 Status: 16962.0
2026-07-10 11:16:12 [MQTT Call: paho2145044059066] INFO  c.s.Seminar1.services.MqttService - Gespeichert - Wago750 Status: 9252.0
2026-07-10 11:16:13 [MQTT Call: paho2145044059066] INFO  c.s.Seminar1.services.MqttService - Gespeichert - Wago750 Status: 6168.0
2026-07-10 11:16:14 [MQTT Call: paho2145044059066] INFO  c.s.Seminar1.services.MqttService - Gespeichert - Wago750 Status: 9252.0
2026-07-10 11:16:15 [MQTT Call: paho2145044059066] INFO  c.s.Seminar1.services.MqttService - Gespeichert - Wago750 Status: 16962.0
2026-07-10 11:16:16 [MQTT Call: paho2145044059066] INFO  c.s.Seminar1.services.MqttService - Gespeichert - Wago750 Status: 33153.0
2026-07-10 11:16:17 [MQTT Call: paho2145044059066] INFO  c.s.Seminar1.services.MqttService - Gespeichert - Wago750 Status: 16962.0
2026-07-10 11:16:18 [MQTT Call: paho2145044059066] INFO  c.s.Seminar1.services.MqttService - Gespeichert - Wago750 Status: 9252.0
2026-07-10 11:16:19 [MQTT Call: paho2145044059066] INFO  c.s.Seminar1.services.MqttService - Gespeichert - Wago750 Status: 6168.0
2026-07-10 11:16:20 [MQTT Call: paho2145044059066] INFO  c.s.Seminar1.services.MqttService - Gespeichert - Wago750 Status: 9252.0
2026-07-10 11:16:20 [MQTT Call: paho2145044059066] INFO  c.s.Seminar1.services.MqttService - Gespeichert - Temperatur Differenz: 0.1
2026-07-10 11:16:20 [MQTT Call: paho2145044059066] INFO  c.s.Seminar1.services.MqttService - Gespeichert - Temperatur Ist: 27.82
2026-07-10 11:16:21 [MQTT Call: paho2145044059066] INFO  c.s.Seminar1.services.MqttService - Gespeichert - Wago750 Status: 16962.0
2026-07-10 11:16:21 [MQTT Call: paho2145044059066] INFO  c.s.Seminar1.services.MqttService - Gespeichert - Temperatur Differenz: 0.08
2026-07-10 11:16:21 [MQTT Call: paho2145044059066] INFO  c.s.Seminar1.services.MqttService - Gespeichert - Temperatur Ist: 27.8
2026-07-10 11:16:22 [MQTT Call: paho2145044059066] INFO  c.s.Seminar1.services.MqttService - Gespeichert - Wago750 Status: 33153.0
2026-07-10 11:16:22 [MQTT Call: paho2145044059066] INFO  c.s.Seminar1.services.MqttService - Gespeichert - Wago750 Control: 0
2026-07-10 11:16:23 [MQTT Call: paho2145044059066] INFO  c.s.Seminar1.services.MqttService - Gespeichert - Wago750 Status: 0.0
2026-07-10 11:16:23 [MQTT Call: paho2145044059066] INFO  c.s.Seminar1.services.MqttService - Gespeichert - Temperatur Differenz: 0.1
2026-07-10 11:16:23 [MQTT Call: paho2145044059066] INFO  c.s.Seminar1.services.MqttService - Gespeichert - Temperatur Ist: 27.82
2026-07-10 11:16:24 [MQTT Call: paho2145044059066] INFO  c.s.Seminar1.services.MqttService - Gespeichert - Temperatur Differenz: 0.08
2026-07-10 11:16:24 [MQTT Call: paho2145044059066] INFO  c.s.Seminar1.services.MqttService - Gespeichert - Temperatur Ist: 27.8
2026-07-10 11:16:25 [MQTT Call: paho2145044059066] INFO  c.s.Seminar1.services.MqttService - Gespeichert - Temperatur Differenz: 0.1
2026-07-10 11:16:25 [MQTT Call: paho2145044059066] INFO  c.s.Seminar1.services.MqttService - Gespeichert - Temperatur Ist: 27.82
2026-07-10 11:16:26 [MQTT Call: paho2145044059066] INFO  c.s.Seminar1.services.MqttService - Gespeichert - Temperatur Differenz: 0.08
2026-07-10 11:16:26 [MQTT Call: paho2145044059066] INFO  c.s.Seminar1.services.MqttService - Gespeichert - Temperatur Ist: 27.8
2026-07-10 11:16:27 [MQTT Call: paho2145044059066] INFO  c.s.Seminar1.services.MqttService - Gespeichert - Temperatur Differenz: 0.1
2026-07-10 11:16:27 [MQTT Call: paho2145044059066] INFO  c.s.Seminar1.services.MqttService - Gespeichert - Temperatur Ist: 27.82
2026-07-10 11:16:29 [MQTT Call: paho2145044059066] INFO  c.s.Seminar1.services.MqttService - Gespeichert - Temperatur Differenz: 0.08
2026-07-10 11:16:29 [MQTT Call: paho2145044059066] INFO  c.s.Seminar1.services.MqttService - Gespeichert - Temperatur Ist: 27.8
2026-07-10 11:16:30 [MQTT Call: paho2145044059066] INFO  c.s.Seminar1.services.MqttService - Gespeichert - Temperatur Soll: 27.74
2026-07-10 11:16:30 [MQTT Call: paho2145044059066] INFO  c.s.Seminar1.services.MqttService - Gespeichert - Temperatur Ist: 27.82
2026-07-10 11:16:33 [MQTT Call: paho2145044059066] INFO  c.s.Seminar1.services.MqttService - Gespeichert - Temperatur Soll: 27.72
2026-07-10 11:16:33 [MQTT Call: paho2145044059066] INFO  c.s.Seminar1.services.MqttService - Gespeichert - Temperatur Differenz: 0.1
2026-07-10 11:16:35 [MQTT Call: paho2145044059066] INFO  c.s.Seminar1.services.MqttService - Gespeichert - Temperatur Soll: 27.74
2026-07-10 11:16:35 [MQTT Call: paho2145044059066] INFO  c.s.Seminar1.services.MqttService - Gespeichert - Temperatur Differenz: 0.06
2026-07-10 11:16:35 [MQTT Call: paho2145044059066] INFO  c.s.Seminar1.services.MqttService - Gespeichert - Temperatur Ist: 27.8
2026-07-10 11:16:37 [MQTT Call: paho2145044059066] INFO  c.s.Seminar1.services.MqttService - Gespeichert - Temperatur Differenz: 0.08
2026-07-10 11:16:37 [MQTT Call: paho2145044059066] INFO  c.s.Seminar1.services.MqttService - Gespeichert - Temperatur Ist: 27.82
2026-07-10 11:17:07 [MQTT Call: paho2145044059066] INFO  c.s.Seminar1.services.MqttService - Gespeichert - Wago750 Control: 2
2026-07-10 11:17:07 [MQTT Call: paho2145044059066] INFO  c.s.Seminar1.services.MqttService - Gespeichert - Wago750 Status: 32768.0
2026-07-10 11:17:08 [MQTT Call: paho2145044059066] INFO  c.s.Seminar1.services.MqttService - Gespeichert - Wago750 Status: 16384.0
2026-07-10 11:17:09 [MQTT Call: paho2145044059066] INFO  c.s.Seminar1.services.MqttService - Gespeichert - Wago750 Status: 8192.0
2026-07-10 11:17:10 [MQTT Call: paho2145044059066] INFO  c.s.Seminar1.services.MqttService - Gespeichert - Wago750 Status: 4096.0
2026-07-10 11:17:11 [MQTT Call: paho2145044059066] INFO  c.s.Seminar1.services.MqttService - Gespeichert - Wago750 Status: 2048.0
2026-07-10 11:17:12 [MQTT Call: paho2145044059066] INFO  c.s.Seminar1.services.MqttService - Gespeichert - Wago750 Status: 1024.0
2026-07-10 11:17:13 [MQTT Call: paho2145044059066] INFO  c.s.Seminar1.services.MqttService - Gespeichert - Wago750 Status: 512.0
2026-07-10 11:17:14 [MQTT Call: paho2145044059066] INFO  c.s.Seminar1.services.MqttService - Gespeichert - Temperatur Soll: 27.72
2026-07-10 11:17:14 [MQTT Call: paho2145044059066] INFO  c.s.Seminar1.services.MqttService - Gespeichert - Wago750 Status: 256.0
2026-07-10 11:17:14 [MQTT Call: paho2145044059066] INFO  c.s.Seminar1.services.MqttService - Gespeichert - Temperatur Differenz: 0.1
2026-07-10 11:17:15 [MQTT Call: paho2145044059066] INFO  c.s.Seminar1.services.MqttService - Gespeichert - Temperatur Soll: 27.74
2026-07-10 11:17:15 [MQTT Call: paho2145044059066] INFO  c.s.Seminar1.services.MqttService - Gespeichert - Wago750 Status: 1.0
2026-07-10 11:17:15 [MQTT Call: paho2145044059066] INFO  c.s.Seminar1.services.MqttService - Gespeichert - Temperatur Differenz: 0.08
2026-07-10 11:17:16 [MQTT Call: paho2145044059066] INFO  c.s.Seminar1.services.MqttService - Gespeichert - Wago750 Status: 2.0
2026-07-10 11:17:17 [MQTT Call: paho2145044059066] INFO  c.s.Seminar1.services.MqttService - Gespeichert - Wago750 Status: 4.0
2026-07-10 11:17:18 [MQTT Call: paho2145044059066] INFO  c.s.Seminar1.services.MqttService - Gespeichert - Wago750 Status: 8.0
2026-07-10 11:17:19 [MQTT Call: paho2145044059066] INFO  c.s.Seminar1.services.MqttService - Gespeichert - Wago750 Status: 16.0
2026-07-10 11:17:20 [MQTT Call: paho2145044059066] INFO  c.s.Seminar1.services.MqttService - Gespeichert - Wago750 Status: 32.0
2026-07-10 11:17:21 [MQTT Call: paho2145044059066] INFO  c.s.Seminar1.services.MqttService - Gespeichert - Wago750 Status: 64.0
2026-07-10 11:17:22 [MQTT Call: paho2145044059066] INFO  c.s.Seminar1.services.MqttService - Gespeichert - Wago750 Status: 128.0
2026-07-10 11:17:24 [MQTT Call: paho2145044059066] INFO  c.s.Seminar1.services.MqttService - Gespeichert - Wago750 Status: 32768.0
2026-07-10 11:17:24 [MQTT Call: paho2145044059066] INFO  c.s.Seminar1.services.MqttService - Gespeichert - Wago750 Status: 16384.0
2026-07-10 11:17:25 [MQTT Call: paho2145044059066] INFO  c.s.Seminar1.services.MqttService - Gespeichert - Wago750 Status: 8192.0
2026-07-10 11:17:26 [MQTT Call: paho2145044059066] INFO  c.s.Seminar1.services.MqttService - Gespeichert - Wago750 Status: 4096.0
2026-07-10 11:17:27 [MQTT Call: paho2145044059066] INFO  c.s.Seminar1.services.MqttService - Gespeichert - Wago750 Status: 2048.0
2026-07-10 11:17:28 [MQTT Call: paho2145044059066] INFO  c.s.Seminar1.services.MqttService - Gespeichert - Wago750 Status: 1024.0
2026-07-10 11:17:30 [MQTT Call: paho2145044059066] INFO  c.s.Seminar1.services.MqttService - Gespeichert - Wago750 Status: 512.0
2026-07-10 11:17:31 [MQTT Call: paho2145044059066] INFO  c.s.Seminar1.services.MqttService - Gespeichert - Wago750 Status: 256.0
2026-07-10 11:17:32 [MQTT Call: paho2145044059066] INFO  c.s.Seminar1.services.MqttService - Gespeichert - Wago750 Status: 1.0
2026-07-10 11:17:33 [MQTT Call: paho2145044059066] INFO  c.s.Seminar1.services.MqttService - Gespeichert - Wago750 Status: 2.0
2026-07-10 11:17:33 [MQTT Call: paho2145044059066] INFO  c.s.Seminar1.services.MqttService - Gespeichert - Wago750 Status: 4.0
2026-07-10 11:17:34 [MQTT Call: paho2145044059066] INFO  c.s.Seminar1.services.MqttService - Gespeichert - Wago750 Status: 8.0
2026-07-10 11:17:36 [MQTT Call: paho2145044059066] INFO  c.s.Seminar1.services.MqttService - Gespeichert - Wago750 Status: 16.0
2026-07-10 11:17:36 [MQTT Call: paho2145044059066] INFO  c.s.Seminar1.services.MqttService - Gespeichert - Wago750 Status: 32.0
2026-07-10 11:17:37 [MQTT Call: paho2145044059066] INFO  c.s.Seminar1.services.MqttService - Gespeichert - Wago750 Status: 64.0
2026-07-10 11:17:39 [MQTT Call: paho2145044059066] INFO  c.s.Seminar1.services.MqttService - Gespeichert - Wago750 Status: 128.0
2026-07-10 11:17:39 [MQTT Call: paho2145044059066] INFO  c.s.Seminar1.services.MqttService - Gespeichert - Wago750 Status: 32768.0
2026-07-10 11:17:41 [MQTT Call: paho2145044059066] INFO  c.s.Seminar1.services.MqttService - Gespeichert - Wago750 Status: 16384.0
2026-07-10 11:17:41 [MQTT Call: paho2145044059066] INFO  c.s.Seminar1.services.MqttService - Gespeichert - Wago750 Status: 8192.0
2026-07-10 11:17:42 [MQTT Call: paho2145044059066] INFO  c.s.Seminar1.services.MqttService - Gespeichert - Wago750 Status: 4096.0
2026-07-10 11:17:43 [MQTT Call: paho2145044059066] INFO  c.s.Seminar1.services.MqttService - Gespeichert - Wago750 Status: 2048.0
2026-07-10 11:17:44 [MQTT Call: paho2145044059066] INFO  c.s.Seminar1.services.MqttService - Gespeichert - Wago750 Status: 1024.0
2026-07-10 11:17:45 [MQTT Call: paho2145044059066] INFO  c.s.Seminar1.services.MqttService - Gespeichert - Wago750 Status: 512.0
2026-07-10 11:17:46 [MQTT Call: paho2145044059066] INFO  c.s.Seminar1.services.MqttService - Gespeichert - Wago750 Status: 256.0
2026-07-10 11:17:47 [MQTT Call: paho2145044059066] INFO  c.s.Seminar1.services.MqttService - Gespeichert - Wago750 Status: 1.0
2026-07-10 11:17:48 [MQTT Call: paho2145044059066] INFO  c.s.Seminar1.services.MqttService - Gespeichert - Wago750 Status: 2.0
2026-07-10 11:17:49 [MQTT Call: paho2145044059066] INFO  c.s.Seminar1.services.MqttService - Gespeichert - Wago750 Status: 4.0
2026-07-10 11:17:50 [MQTT Call: paho2145044059066] INFO  c.s.Seminar1.services.MqttService - Gespeichert - Wago750 Status: 8.0
2026-07-10 11:17:51 [MQTT Call: paho2145044059066] INFO  c.s.Seminar1.services.MqttService - Gespeichert - Wago750 Status: 16.0
2026-07-10 11:17:52 [MQTT Call: paho2145044059066] INFO  c.s.Seminar1.services.MqttService - Gespeichert - Wago750 Status: 32.0
2026-07-10 11:17:53 [MQTT Call: paho2145044059066] INFO  c.s.Seminar1.services.MqttService - Gespeichert - Wago750 Status: 64.0
2026-07-10 11:17:54 [MQTT Call: paho2145044059066] INFO  c.s.Seminar1.services.MqttService - Gespeichert - Wago750 Status: 128.0
2026-07-10 11:17:55 [MQTT Call: paho2145044059066] INFO  c.s.Seminar1.services.MqttService - Gespeichert - Wago750 Status: 32768.0
2026-07-10 11:17:56 [MQTT Call: paho2145044059066] INFO  c.s.Seminar1.services.MqttService - Gespeichert - Wago750 Status: 16384.0
2026-07-10 11:17:57 [MQTT Call: paho2145044059066] INFO  c.s.Seminar1.services.MqttService - Gespeichert - Wago750 Status: 8192.0
2026-07-10 11:17:58 [MQTT Call: paho2145044059066] INFO  c.s.Seminar1.services.MqttService - Gespeichert - Wago750 Status: 4096.0
2026-07-10 11:17:59 [MQTT Call: paho2145044059066] INFO  c.s.Seminar1.services.MqttService - Gespeichert - Wago750 Status: 2048.0
2026-07-10 11:18:00 [MQTT Call: paho2145044059066] INFO  c.s.Seminar1.services.MqttService - Gespeichert - Wago750 Status: 1024.0
2026-07-10 11:18:01 [MQTT Call: paho2145044059066] INFO  c.s.Seminar1.services.MqttService - Gespeichert - Wago750 Status: 512.0
2026-07-10 11:18:02 [MQTT Call: paho2145044059066] INFO  c.s.Seminar1.services.MqttService - Gespeichert - Wago750 Status: 256.0
2026-07-10 11:18:03 [MQTT Call: paho2145044059066] INFO  c.s.Seminar1.services.MqttService - Gespeichert - Wago750 Status: 1.0
2026-07-10 11:18:04 [MQTT Call: paho2145044059066] INFO  c.s.Seminar1.services.MqttService - Gespeichert - Wago750 Status: 2.0
2026-07-10 11:18:05 [MQTT Call: paho2145044059066] INFO  c.s.Seminar1.services.MqttService - Gespeichert - Wago750 Status: 4.0
2026-07-10 11:18:06 [MQTT Call: paho2145044059066] INFO  c.s.Seminar1.services.MqttService - Gespeichert - Wago750 Status: 8.0
2026-07-10 11:18:08 [MQTT Call: paho2145044059066] INFO  c.s.Seminar1.services.MqttService - Gespeichert - Wago750 Status: 32.0
2026-07-10 11:18:09 [MQTT Call: paho2145044059066] INFO  c.s.Seminar1.services.MqttService - Gespeichert - Wago750 Status: 64.0
2026-07-10 11:18:10 [MQTT Call: paho2145044059066] INFO  c.s.Seminar1.services.MqttService - Gespeichert - Wago750 Status: 128.0
2026-07-10 11:18:11 [MQTT Call: paho2145044059066] INFO  c.s.Seminar1.services.MqttService - Gespeichert - Wago750 Status: 32768.0
2026-07-10 11:18:12 [MQTT Call: paho2145044059066] INFO  c.s.Seminar1.services.MqttService - Gespeichert - Wago750 Status: 16384.0
2026-07-10 11:18:12 [MQTT Call: paho2145044059066] INFO  c.s.Seminar1.services.MqttService - Gespeichert - Temperatur Soll: 27.72
2026-07-10 11:18:12 [MQTT Call: paho2145044059066] INFO  c.s.Seminar1.services.MqttService - Gespeichert - Temperatur Differenz: 0.1
2026-07-10 11:18:13 [MQTT Call: paho2145044059066] INFO  c.s.Seminar1.services.MqttService - Gespeichert - Wago750 Status: 8192.0
2026-07-10 11:18:13 [MQTT Call: paho2145044059066] INFO  c.s.Seminar1.services.MqttService - Gespeichert - Temperatur Soll: 27.74
2026-07-10 11:18:13 [MQTT Call: paho2145044059066] INFO  c.s.Seminar1.services.MqttService - Gespeichert - Temperatur Differenz: 0.08
2026-07-10 11:18:14 [MQTT Call: paho2145044059066] INFO  c.s.Seminar1.services.MqttService - Gespeichert - Wago750 Status: 4096.0
2026-07-10 11:18:15 [MQTT Call: paho2145044059066] INFO  c.s.Seminar1.services.MqttService - Gespeichert - Wago750 Status: 2048.0
2026-07-10 11:18:16 [MQTT Call: paho2145044059066] INFO  c.s.Seminar1.services.MqttService - Gespeichert - Wago750 Status: 1024.0
2026-07-10 11:18:17 [MQTT Call: paho2145044059066] INFO  c.s.Seminar1.services.MqttService - Gespeichert - Wago750 Status: 512.0
2026-07-10 11:18:18 [MQTT Call: paho2145044059066] INFO  c.s.Seminar1.services.MqttService - Gespeichert - Wago750 Status: 256.0
2026-07-10 11:18:19 [MQTT Call: paho2145044059066] INFO  c.s.Seminar1.services.MqttService - Gespeichert - Wago750 Status: 1.0
2026-07-10 11:18:20 [MQTT Call: paho2145044059066] INFO  c.s.Seminar1.services.MqttService - Gespeichert - Wago750 Status: 2.0
2026-07-10 11:18:21 [MQTT Call: paho2145044059066] INFO  c.s.Seminar1.services.MqttService - Gespeichert - Wago750 Status: 4.0
2026-07-10 11:18:22 [MQTT Call: paho2145044059066] INFO  c.s.Seminar1.services.MqttService - Gespeichert - Wago750 Status: 8.0
2026-07-10 11:18:23 [MQTT Call: paho2145044059066] INFO  c.s.Seminar1.services.MqttService - Gespeichert - Wago750 Status: 16.0
2026-07-10 11:18:24 [MQTT Call: paho2145044059066] INFO  c.s.Seminar1.services.MqttService - Gespeichert - Wago750 Status: 32.0
2026-07-10 11:18:25 [MQTT Call: paho2145044059066] INFO  c.s.Seminar1.services.MqttService - Gespeichert - Wago750 Status: 64.0
2026-07-10 11:18:26 [MQTT Call: paho2145044059066] INFO  c.s.Seminar1.services.MqttService - Gespeichert - Wago750 Status: 128.0
2026-07-10 11:18:27 [MQTT Call: paho2145044059066] INFO  c.s.Seminar1.services.MqttService - Gespeichert - Wago750 Status: 32768.0
2026-07-10 11:18:28 [MQTT Call: paho2145044059066] INFO  c.s.Seminar1.services.MqttService - Gespeichert - Wago750 Status: 16384.0
2026-07-10 11:18:29 [MQTT Call: paho2145044059066] INFO  c.s.Seminar1.services.MqttService - Gespeichert - Wago750 Status: 8192.0
2026-07-10 11:18:30 [MQTT Call: paho2145044059066] INFO  c.s.Seminar1.services.MqttService - Gespeichert - Wago750 Status: 4096.0
2026-07-10 11:18:31 [MQTT Call: paho2145044059066] INFO  c.s.Seminar1.services.MqttService - Gespeichert - Wago750 Status: 2048.0
2026-07-10 11:18:32 [MQTT Call: paho2145044059066] INFO  c.s.Seminar1.services.MqttService - Gespeichert - Wago750 Status: 1024.0
2026-07-10 11:18:33 [MQTT Call: paho2145044059066] INFO  c.s.Seminar1.services.MqttService - Gespeichert - Wago750 Status: 512.0
2026-07-10 11:18:34 [MQTT Call: paho2145044059066] INFO  c.s.Seminar1.services.MqttService - Gespeichert - Wago750 Status: 256.0
2026-07-10 11:18:35 [MQTT Call: paho2145044059066] INFO  c.s.Seminar1.services.MqttService - Gespeichert - Wago750 Status: 1.0
2026-07-10 11:18:36 [MQTT Call: paho2145044059066] INFO  c.s.Seminar1.services.MqttService - Gespeichert - Wago750 Status: 2.0
2026-07-10 11:18:37 [MQTT Call: paho2145044059066] INFO  c.s.Seminar1.services.MqttService - Gespeichert - Wago750 Status: 4.0
2026-07-10 11:18:38 [MQTT Call: paho2145044059066] INFO  c.s.Seminar1.services.MqttService - Gespeichert - Wago750 Status: 8.0
2026-07-10 11:18:39 [MQTT Call: paho2145044059066] INFO  c.s.Seminar1.services.MqttService - Gespeichert - Wago750 Status: 16.0
2026-07-10 11:18:40 [MQTT Call: paho2145044059066] INFO  c.s.Seminar1.services.MqttService - Gespeichert - Wago750 Status: 32.0
2026-07-10 11:18:41 [MQTT Call: paho2145044059066] INFO  c.s.Seminar1.services.MqttService - Gespeichert - Wago750 Status: 64.0
2026-07-10 11:18:42 [MQTT Call: paho2145044059066] INFO  c.s.Seminar1.services.MqttService - Gespeichert - Wago750 Status: 128.0
2026-07-10 11:18:43 [MQTT Call: paho2145044059066] INFO  c.s.Seminar1.services.MqttService - Gespeichert - Wago750 Status: 32768.0
2026-07-10 11:18:44 [MQTT Call: paho2145044059066] INFO  c.s.Seminar1.services.MqttService - Gespeichert - Wago750 Status: 16384.0
2026-07-10 11:18:46 [MQTT Call: paho2145044059066] INFO  c.s.Seminar1.services.MqttService - Gespeichert - Wago750 Status: 8192.0
2026-07-10 11:18:47 [MQTT Call: paho2145044059066] INFO  c.s.Seminar1.services.MqttService - Gespeichert - Wago750 Status: 4096.0
2026-07-10 11:18:48 [MQTT Call: paho2145044059066] INFO  c.s.Seminar1.services.MqttService - Gespeichert - Wago750 Status: 2048.0
2026-07-10 11:18:49 [MQTT Call: paho2145044059066] INFO  c.s.Seminar1.services.MqttService - Gespeichert - Wago750 Status: 1024.0
2026-07-10 11:18:50 [MQTT Call: paho2145044059066] INFO  c.s.Seminar1.services.MqttService - Gespeichert - Wago750 Status: 512.0
2026-07-10 11:18:51 [MQTT Call: paho2145044059066] INFO  c.s.Seminar1.services.MqttService - Gespeichert - Wago750 Status: 256.0
2026-07-10 11:18:52 [MQTT Call: paho2145044059066] INFO  c.s.Seminar1.services.MqttService - Gespeichert - Wago750 Status: 1.0
2026-07-10 11:18:53 [MQTT Call: paho2145044059066] INFO  c.s.Seminar1.services.MqttService - Gespeichert - Wago750 Status: 2.0
2026-07-10 11:18:54 [MQTT Call: paho2145044059066] INFO  c.s.Seminar1.services.MqttService - Gespeichert - Wago750 Status: 4.0
2026-07-10 11:18:55 [MQTT Call: paho2145044059066] INFO  c.s.Seminar1.services.MqttService - Gespeichert - Wago750 Status: 8.0
2026-07-10 11:18:56 [MQTT Call: paho2145044059066] INFO  c.s.Seminar1.services.MqttService - Gespeichert - Wago750 Status: 16.0
2026-07-10 11:18:57 [MQTT Call: paho2145044059066] INFO  c.s.Seminar1.services.MqttService - Gespeichert - Wago750 Status: 32.0
2026-07-10 11:18:58 [MQTT Call: paho2145044059066] INFO  c.s.Seminar1.services.MqttService - Gespeichert - Wago750 Status: 64.0
2026-07-10 11:18:59 [MQTT Call: paho2145044059066] INFO  c.s.Seminar1.services.MqttService - Gespeichert - Wago750 Status: 128.0
2026-07-10 11:19:00 [MQTT Call: paho2145044059066] INFO  c.s.Seminar1.services.MqttService - Gespeichert - Wago750 Status: 32768.0
2026-07-10 11:19:01 [MQTT Call: paho2145044059066] INFO  c.s.Seminar1.services.MqttService - Gespeichert - Wago750 Status: 16384.0
2026-07-10 11:19:02 [MQTT Call: paho2145044059066] INFO  c.s.Seminar1.services.MqttService - Gespeichert - Wago750 Status: 8192.0
2026-07-10 11:19:03 [MQTT Call: paho2145044059066] INFO  c.s.Seminar1.services.MqttService - Gespeichert - Wago750 Status: 4096.0
2026-07-10 11:19:04 [MQTT Call: paho2145044059066] INFO  c.s.Seminar1.services.MqttService - Gespeichert - Wago750 Status: 2048.0
2026-07-10 11:19:05 [MQTT Call: paho2145044059066] INFO  c.s.Seminar1.services.MqttService - Gespeichert - Wago750 Status: 1024.0
2026-07-10 11:19:06 [MQTT Call: paho2145044059066] INFO  c.s.Seminar1.services.MqttService - Gespeichert - Wago750 Status: 512.0
2026-07-10 11:19:07 [MQTT Call: paho2145044059066] INFO  c.s.Seminar1.services.MqttService - Gespeichert - Wago750 Status: 256.0
2026-07-10 11:19:09 [MQTT Call: paho2145044059066] INFO  c.s.Seminar1.services.MqttService - Gespeichert - Wago750 Status: 2.0
2026-07-10 11:19:10 [MQTT Call: paho2145044059066] INFO  c.s.Seminar1.services.MqttService - Gespeichert - Wago750 Status: 4.0
2026-07-10 11:19:11 [MQTT Call: paho2145044059066] INFO  c.s.Seminar1.services.MqttService - Gespeichert - Wago750 Status: 8.0
2026-07-10 11:19:12 [MQTT Call: paho2145044059066] INFO  c.s.Seminar1.services.MqttService - Gespeichert - Wago750 Status: 16.0
2026-07-10 11:19:13 [MQTT Call: paho2145044059066] INFO  c.s.Seminar1.services.MqttService - Gespeichert - Wago750 Status: 32.0
2026-07-10 11:19:14 [MQTT Call: paho2145044059066] INFO  c.s.Seminar1.services.MqttService - Gespeichert - Wago750 Status: 64.0
2026-07-10 11:19:15 [MQTT Call: paho2145044059066] INFO  c.s.Seminar1.services.MqttService - Gespeichert - Wago750 Status: 128.0
2026-07-10 11:19:16 [MQTT Call: paho2145044059066] INFO  c.s.Seminar1.services.MqttService - Gespeichert - Wago750 Status: 32768.0
2026-07-10 11:19:17 [MQTT Call: paho2145044059066] INFO  c.s.Seminar1.services.MqttService - Gespeichert - Wago750 Status: 16384.0
2026-07-10 11:19:18 [MQTT Call: paho2145044059066] INFO  c.s.Seminar1.services.MqttService - Gespeichert - Wago750 Status: 8192.0
2026-07-10 11:19:19 [MQTT Call: paho2145044059066] INFO  c.s.Seminar1.services.MqttService - Gespeichert - Wago750 Status: 4096.0
2026-07-10 11:19:20 [MQTT Call: paho2145044059066] INFO  c.s.Seminar1.services.MqttService - Gespeichert - Wago750 Status: 2048.0
2026-07-10 11:19:21 [MQTT Call: paho2145044059066] INFO  c.s.Seminar1.services.MqttService - Gespeichert - Wago750 Status: 1024.0
2026-07-10 11:19:22 [MQTT Call: paho2145044059066] INFO  c.s.Seminar1.services.MqttService - Gespeichert - Wago750 Status: 512.0
2026-07-10 11:19:23 [MQTT Call: paho2145044059066] INFO  c.s.Seminar1.services.MqttService - Gespeichert - Wago750 Status: 256.0
2026-07-10 11:19:25 [MQTT Call: paho2145044059066] INFO  c.s.Seminar1.services.MqttService - Gespeichert - Wago750 Status: 1.0
2026-07-10 11:19:25 [MQTT Call: paho2145044059066] INFO  c.s.Seminar1.services.MqttService - Gespeichert - Wago750 Status: 2.0
2026-07-10 11:19:26 [MQTT Call: paho2145044059066] INFO  c.s.Seminar1.services.MqttService - Gespeichert - Wago750 Status: 4.0
2026-07-10 11:19:27 [MQTT Call: paho2145044059066] INFO  c.s.Seminar1.services.MqttService - Gespeichert - Wago750 Status: 8.0
2026-07-10 11:19:28 [MQTT Call: paho2145044059066] INFO  c.s.Seminar1.services.MqttService - Gespeichert - Wago750 Status: 16.0
2026-07-10 11:19:29 [MQTT Call: paho2145044059066] INFO  c.s.Seminar1.services.MqttService - Gespeichert - Wago750 Status: 32.0
2026-07-10 11:19:31 [MQTT Call: paho2145044059066] INFO  c.s.Seminar1.services.MqttService - Gespeichert - Wago750 Status: 64.0
2026-07-10 11:19:32 [MQTT Call: paho2145044059066] INFO  c.s.Seminar1.services.MqttService - Gespeichert - Wago750 Status: 128.0
2026-07-10 11:19:33 [MQTT Call: paho2145044059066] INFO  c.s.Seminar1.services.MqttService - Gespeichert - Wago750 Status: 32768.0
2026-07-10 11:19:33 [MQTT Call: paho2145044059066] INFO  c.s.Seminar1.services.MqttService - Gespeichert - Wago750 Status: 16384.0
2026-07-10 11:19:34 [MQTT Call: paho2145044059066] INFO  c.s.Seminar1.services.MqttService - Gespeichert - Wago750 Status: 8192.0
2026-07-10 11:19:35 [MQTT Call: paho2145044059066] INFO  c.s.Seminar1.services.MqttService - Gespeichert - Wago750 Status: 4096.0
2026-07-10 11:19:35 [MQTT Call: paho2145044059066] INFO  c.s.Seminar1.services.MqttService - Gespeichert - Temperatur Soll: 27.77
2026-07-10 11:19:35 [MQTT Call: paho2145044059066] INFO  c.s.Seminar1.services.MqttService - Gespeichert - Temperatur Differenz: 0.05
2026-07-10 11:19:36 [MQTT Call: paho2145044059066] INFO  c.s.Seminar1.services.MqttService - Gespeichert - Wago750 Status: 2048.0
2026-07-10 11:19:36 [MQTT Call: paho2145044059066] INFO  c.s.Seminar1.services.MqttService - Gespeichert - Temperatur Soll: 27.74
2026-07-10 11:19:36 [MQTT Call: paho2145044059066] INFO  c.s.Seminar1.services.MqttService - Gespeichert - Temperatur Differenz: 0.08
2026-07-10 11:19:37 [MQTT Call: paho2145044059066] INFO  c.s.Seminar1.services.MqttService - Gespeichert - Wago750 Status: 1024.0
2026-07-10 11:19:38 [MQTT Call: paho2145044059066] INFO  c.s.Seminar1.services.MqttService - Gespeichert - Wago750 Status: 512.0
2026-07-10 11:19:39 [MQTT Call: paho2145044059066] INFO  c.s.Seminar1.services.MqttService - Gespeichert - Wago750 Status: 256.0
2026-07-10 11:19:40 [MQTT Call: paho2145044059066] INFO  c.s.Seminar1.services.MqttService - Gespeichert - Temperatur Differenz: 0.05
2026-07-10 11:19:40 [MQTT Call: paho2145044059066] INFO  c.s.Seminar1.services.MqttService - Gespeichert - Wago750 Status: 1.0
2026-07-10 11:19:41 [MQTT Call: paho2145044059066] INFO  c.s.Seminar1.services.MqttService - Gespeichert - Temperatur Differenz: 0.08
2026-07-10 11:19:41 [MQTT Call: paho2145044059066] INFO  c.s.Seminar1.services.MqttService - Gespeichert - Wago750 Status: 2.0
2026-07-10 11:19:41 [MQTT Call: paho2145044059066] INFO  c.s.Seminar1.services.MqttService - Gespeichert - Temperatur Soll: 27.77
2026-07-10 11:19:41 [MQTT Call: paho2145044059066] INFO  c.s.Seminar1.services.MqttService - Gespeichert - Temperatur Differenz: 0.05
2026-07-10 11:19:42 [MQTT Call: paho2145044059066] INFO  c.s.Seminar1.services.MqttService - Gespeichert - Wago750 Status: 4.0
2026-07-10 11:19:43 [MQTT Call: paho2145044059066] INFO  c.s.Seminar1.services.MqttService - Gespeichert - Wago750 Status: 8.0
2026-07-10 11:19:43 [MQTT Call: paho2145044059066] INFO  c.s.Seminar1.services.MqttService - Gespeichert - Temperatur Soll: 27.74
2026-07-10 11:19:43 [MQTT Call: paho2145044059066] INFO  c.s.Seminar1.services.MqttService - Gespeichert - Temperatur Differenz: 0.08
2026-07-10 11:19:44 [MQTT Call: paho2145044059066] INFO  c.s.Seminar1.services.MqttService - Gespeichert - Wago750 Status: 16.0
2026-07-10 11:19:44 [MQTT Call: paho2145044059066] INFO  c.s.Seminar1.services.MqttService - Gespeichert - Temperatur Soll: 27.77
2026-07-10 11:19:44 [MQTT Call: paho2145044059066] INFO  c.s.Seminar1.services.MqttService - Gespeichert - Temperatur Differenz: 0.05
2026-07-10 11:19:45 [MQTT Call: paho2145044059066] INFO  c.s.Seminar1.services.MqttService - Gespeichert - Wago750 Status: 32.0
2026-07-10 11:19:46 [MQTT Call: paho2145044059066] INFO  c.s.Seminar1.services.MqttService - Gespeichert - Wago750 Status: 64.0
2026-07-10 11:19:46 [MQTT Call: paho2145044059066] INFO  c.s.Seminar1.services.MqttService - Gespeichert - Temperatur Soll: 27.74
2026-07-10 11:19:46 [MQTT Call: paho2145044059066] INFO  c.s.Seminar1.services.MqttService - Gespeichert - Temperatur Differenz: 0.08
2026-07-10 11:19:47 [MQTT Call: paho2145044059066] INFO  c.s.Seminar1.services.MqttService - Gespeichert - Wago750 Status: 128.0
2026-07-10 11:19:47 [MQTT Call: paho2145044059066] INFO  c.s.Seminar1.services.MqttService - Gespeichert - Temperatur Soll: 27.77
2026-07-10 11:19:47 [MQTT Call: paho2145044059066] INFO  c.s.Seminar1.services.MqttService - Gespeichert - Temperatur Differenz: 0.05
2026-07-10 11:19:48 [MQTT Call: paho2145044059066] INFO  c.s.Seminar1.services.MqttService - Gespeichert - Wago750 Status: 32768.0
2026-07-10 11:19:48 [MQTT Call: paho2145044059066] INFO  c.s.Seminar1.services.MqttService - Gespeichert - Temperatur Soll: 27.74
2026-07-10 11:19:48 [MQTT Call: paho2145044059066] INFO  c.s.Seminar1.services.MqttService - Gespeichert - Temperatur Differenz: 0.08
2026-07-10 11:19:49 [MQTT Call: paho2145044059066] INFO  c.s.Seminar1.services.MqttService - Gespeichert - Wago750 Status: 16384.0
2026-07-10 11:19:49 [MQTT Call: paho2145044059066] INFO  c.s.Seminar1.services.MqttService - Gespeichert - Temperatur Soll: 27.77
2026-07-10 11:19:49 [MQTT Call: paho2145044059066] INFO  c.s.Seminar1.services.MqttService - Gespeichert - Temperatur Differenz: 0.05
2026-07-10 11:19:50 [MQTT Call: paho2145044059066] INFO  c.s.Seminar1.services.MqttService - Gespeichert - Wago750 Status: 8192.0
2026-07-10 11:19:50 [MQTT Call: paho2145044059066] INFO  c.s.Seminar1.services.MqttService - Gespeichert - Temperatur Soll: 27.74
2026-07-10 11:19:50 [MQTT Call: paho2145044059066] INFO  c.s.Seminar1.services.MqttService - Gespeichert - Temperatur Differenz: 0.08
2026-07-10 11:19:51 [MQTT Call: paho2145044059066] INFO  c.s.Seminar1.services.MqttService - Gespeichert - Wago750 Status: 4096.0
2026-07-10 11:19:52 [MQTT Call: paho2145044059066] INFO  c.s.Seminar1.services.MqttService - Gespeichert - Wago750 Status: 2048.0
2026-07-10 11:19:53 [MQTT Call: paho2145044059066] INFO  c.s.Seminar1.services.MqttService - Gespeichert - Wago750 Status: 1024.0
2026-07-10 11:19:54 [MQTT Call: paho2145044059066] INFO  c.s.Seminar1.services.MqttService - Gespeichert - Wago750 Status: 512.0
2026-07-10 11:19:55 [MQTT Call: paho2145044059066] INFO  c.s.Seminar1.services.MqttService - Gespeichert - Wago750 Status: 256.0
2026-07-10 11:19:56 [MQTT Call: paho2145044059066] INFO  c.s.Seminar1.services.MqttService - Gespeichert - Wago750 Status: 1.0
2026-07-10 11:19:57 [MQTT Call: paho2145044059066] INFO  c.s.Seminar1.services.MqttService - Gespeichert - Temperatur Soll: 27.77
2026-07-10 11:19:57 [MQTT Call: paho2145044059066] INFO  c.s.Seminar1.services.MqttService - Gespeichert - Temperatur Differenz: 0.05
2026-07-10 11:19:57 [MQTT Call: paho2145044059066] INFO  c.s.Seminar1.services.MqttService - Gespeichert - Wago750 Status: 2.0
2026-07-10 11:19:57 [MQTT Call: paho2145044059066] INFO  c.s.Seminar1.services.MqttService - Gespeichert - Temperatur Soll: 27.74
2026-07-10 11:19:57 [MQTT Call: paho2145044059066] INFO  c.s.Seminar1.services.MqttService - Gespeichert - Temperatur Differenz: 0.08
2026-07-10 11:19:58 [MQTT Call: paho2145044059066] INFO  c.s.Seminar1.services.MqttService - Gespeichert - Wago750 Status: 4.0
2026-07-10 11:19:59 [MQTT Call: paho2145044059066] INFO  c.s.Seminar1.services.MqttService - Gespeichert - Wago750 Status: 8.0
2026-07-10 11:20:00 [MQTT Call: paho2145044059066] INFO  c.s.Seminar1.services.MqttService - Gespeichert - Wago750 Status: 16.0
2026-07-10 11:20:01 [MQTT Call: paho2145044059066] INFO  c.s.Seminar1.services.MqttService - Gespeichert - Wago750 Status: 32.0
2026-07-10 11:20:02 [MQTT Call: paho2145044059066] INFO  c.s.Seminar1.services.MqttService - Gespeichert - Wago750 Status: 64.0
2026-07-10 11:20:03 [MQTT Call: paho2145044059066] INFO  c.s.Seminar1.services.MqttService - Gespeichert - Temperatur Soll: 27.77
2026-07-10 11:20:03 [MQTT Call: paho2145044059066] INFO  c.s.Seminar1.services.MqttService - Gespeichert - Temperatur Differenz: 0.05
2026-07-10 11:20:03 [MQTT Call: paho2145044059066] INFO  c.s.Seminar1.services.MqttService - Gespeichert - Wago750 Status: 128.0
2026-07-10 11:20:04 [MQTT Call: paho2145044059066] INFO  c.s.Seminar1.services.MqttService - Gespeichert - Temperatur Soll: 27.74
2026-07-10 11:20:04 [MQTT Call: paho2145044059066] INFO  c.s.Seminar1.services.MqttService - Gespeichert - Temperatur Differenz: 0.08
2026-07-10 11:20:04 [MQTT Call: paho2145044059066] INFO  c.s.Seminar1.services.MqttService - Gespeichert - Wago750 Status: 32768.0
2026-07-10 11:20:05 [MQTT Call: paho2145044059066] INFO  c.s.Seminar1.services.MqttService - Gespeichert - Wago750 Status: 16384.0
2026-07-10 11:20:06 [MQTT Call: paho2145044059066] INFO  c.s.Seminar1.services.MqttService - Gespeichert - Wago750 Status: 8192.0
2026-07-10 11:20:07 [MQTT Call: paho2145044059066] INFO  c.s.Seminar1.services.MqttService - Gespeichert - Wago750 Status: 4096.0
2026-07-10 11:20:08 [MQTT Call: paho2145044059066] INFO  c.s.Seminar1.services.MqttService - Gespeichert - Wago750 Status: 2048.0
2026-07-10 11:20:10 [MQTT Call: paho2145044059066] INFO  c.s.Seminar1.services.MqttService - Gespeichert - Temperatur Soll: 27.77
2026-07-10 11:20:10 [MQTT Call: paho2145044059066] INFO  c.s.Seminar1.services.MqttService - Gespeichert - Wago750 Status: 512.0
2026-07-10 11:20:10 [MQTT Call: paho2145044059066] INFO  c.s.Seminar1.services.MqttService - Gespeichert - Temperatur Differenz: 0.05
2026-07-10 11:20:11 [MQTT Call: paho2145044059066] INFO  c.s.Seminar1.services.MqttService - Gespeichert - Temperatur Soll: 27.74
2026-07-10 11:20:11 [MQTT Call: paho2145044059066] INFO  c.s.Seminar1.services.MqttService - Gespeichert - Wago750 Status: 256.0
2026-07-10 11:20:11 [MQTT Call: paho2145044059066] INFO  c.s.Seminar1.services.MqttService - Gespeichert - Temperatur Differenz: 0.08
2026-07-10 11:20:13 [MQTT Call: paho2145044059066] INFO  c.s.Seminar1.services.MqttService - Gespeichert - Wago750 Status: 1.0
2026-07-10 11:20:13 [MQTT Call: paho2145044059066] INFO  c.s.Seminar1.services.MqttService - Gespeichert - Wago750 Status: 2.0
2026-07-10 11:20:14 [MQTT Call: paho2145044059066] INFO  c.s.Seminar1.services.MqttService - Gespeichert - Wago750 Status: 4.0
2026-07-10 11:20:15 [MQTT Call: paho2145044059066] INFO  c.s.Seminar1.services.MqttService - Gespeichert - Wago750 Status: 8.0
2026-07-10 11:20:16 [MQTT Call: paho2145044059066] INFO  c.s.Seminar1.services.MqttService - Gespeichert - Wago750 Status: 16.0
2026-07-10 11:20:18 [MQTT Call: paho2145044059066] INFO  c.s.Seminar1.services.MqttService - Gespeichert - Wago750 Status: 32.0
2026-07-10 11:20:18 [MQTT Call: paho2145044059066] INFO  c.s.Seminar1.services.MqttService - Gespeichert - Wago750 Status: 64.0
2026-07-10 11:20:19 [MQTT Call: paho2145044059066] INFO  c.s.Seminar1.services.MqttService - Gespeichert - Temperatur Soll: 27.77
2026-07-10 11:20:19 [MQTT Call: paho2145044059066] INFO  c.s.Seminar1.services.MqttService - Gespeichert - Wago750 Status: 128.0
2026-07-10 11:20:19 [MQTT Call: paho2145044059066] INFO  c.s.Seminar1.services.MqttService - Gespeichert - Temperatur Differenz: 0.05
2026-07-10 11:20:20 [MQTT Call: paho2145044059066] INFO  c.s.Seminar1.services.MqttService - Gespeichert - Temperatur Soll: 27.74
2026-07-10 11:20:20 [MQTT Call: paho2145044059066] INFO  c.s.Seminar1.services.MqttService - Gespeichert - Wago750 Status: 32768.0
2026-07-10 11:20:20 [MQTT Call: paho2145044059066] INFO  c.s.Seminar1.services.MqttService - Gespeichert - Temperatur Differenz: 0.08
2026-07-10 11:20:21 [MQTT Call: paho2145044059066] INFO  c.s.Seminar1.services.MqttService - Gespeichert - Wago750 Status: 16384.0
2026-07-10 11:20:22 [MQTT Call: paho2145044059066] INFO  c.s.Seminar1.services.MqttService - Gespeichert - Wago750 Status: 8192.0
2026-07-10 11:20:23 [MQTT Call: paho2145044059066] INFO  c.s.Seminar1.services.MqttService - Gespeichert - Wago750 Status: 4096.0
2026-07-10 11:20:24 [MQTT Call: paho2145044059066] INFO  c.s.Seminar1.services.MqttService - Gespeichert - Temperatur Soll: 27.77
2026-07-10 11:20:25 [MQTT Call: paho2145044059066] INFO  c.s.Seminar1.services.MqttService - Gespeichert - Wago750 Status: 2048.0
2026-07-10 11:20:25 [MQTT Call: paho2145044059066] INFO  c.s.Seminar1.services.MqttService - Gespeichert - Temperatur Differenz: 0.05
2026-07-10 11:20:25 [MQTT Call: paho2145044059066] INFO  c.s.Seminar1.services.MqttService - Gespeichert - Temperatur Soll: 27.74
2026-07-10 11:20:25 [MQTT Call: paho2145044059066] INFO  c.s.Seminar1.services.MqttService - Gespeichert - Wago750 Status: 1024.0
2026-07-10 11:20:25 [MQTT Call: paho2145044059066] INFO  c.s.Seminar1.services.MqttService - Gespeichert - Temperatur Differenz: 0.08
2026-07-10 11:20:27 [MQTT Call: paho2145044059066] INFO  c.s.Seminar1.services.MqttService - Gespeichert - Wago750 Status: 512.0
2026-07-10 11:20:27 [MQTT Call: paho2145044059066] INFO  c.s.Seminar1.services.MqttService - Gespeichert - Wago750 Status: 256.0
2026-07-10 11:20:28 [MQTT Call: paho2145044059066] INFO  c.s.Seminar1.services.MqttService - Gespeichert - Wago750 Status: 1.0
2026-07-10 11:20:30 [MQTT Call: paho2145044059066] INFO  c.s.Seminar1.services.MqttService - Gespeichert - Wago750 Status: 2.0
2026-07-10 11:20:30 [MQTT Call: paho2145044059066] INFO  c.s.Seminar1.services.MqttService - Gespeichert - Wago750 Status: 4.0
2026-07-10 11:20:31 [MQTT Call: paho2145044059066] INFO  c.s.Seminar1.services.MqttService - Gespeichert - Wago750 Status: 8.0
2026-07-10 11:20:33 [MQTT Call: paho2145044059066] INFO  c.s.Seminar1.services.MqttService - Gespeichert - Wago750 Status: 16.0
2026-07-10 11:20:33 [MQTT Call: paho2145044059066] INFO  c.s.Seminar1.services.MqttService - Gespeichert - Temperatur Soll: 27.77
2026-07-10 11:20:34 [MQTT Call: paho2145044059066] INFO  c.s.Seminar1.services.MqttService - Gespeichert - Wago750 Status: 32.0
2026-07-10 11:20:34 [MQTT Call: paho2145044059066] INFO  c.s.Seminar1.services.MqttService - Gespeichert - Temperatur Differenz: 0.05
2026-07-10 11:20:34 [MQTT Call: paho2145044059066] INFO  c.s.Seminar1.services.MqttService - Gespeichert - Temperatur Soll: 27.74
2026-07-10 11:20:34 [MQTT Call: paho2145044059066] INFO  c.s.Seminar1.services.MqttService - Gespeichert - Wago750 Status: 64.0
2026-07-10 11:20:34 [MQTT Call: paho2145044059066] INFO  c.s.Seminar1.services.MqttService - Gespeichert - Temperatur Differenz: 0.08
2026-07-10 11:20:35 [MQTT Call: paho2145044059066] INFO  c.s.Seminar1.services.MqttService - Gespeichert - Wago750 Status: 128.0
2026-07-10 11:20:36 [MQTT Call: paho2145044059066] INFO  c.s.Seminar1.services.MqttService - Gespeichert - Temperatur Soll: 27.77
2026-07-10 11:20:36 [MQTT Call: paho2145044059066] INFO  c.s.Seminar1.services.MqttService - Gespeichert - Wago750 Status: 32768.0
2026-07-10 11:20:36 [MQTT Call: paho2145044059066] INFO  c.s.Seminar1.services.MqttService - Gespeichert - Temperatur Differenz: 0.05
2026-07-10 11:20:37 [MQTT Call: paho2145044059066] INFO  c.s.Seminar1.services.MqttService - Gespeichert - Temperatur Soll: 27.74
2026-07-10 11:20:37 [MQTT Call: paho2145044059066] INFO  c.s.Seminar1.services.MqttService - Gespeichert - Wago750 Status: 16384.0
2026-07-10 11:20:37 [MQTT Call: paho2145044059066] INFO  c.s.Seminar1.services.MqttService - Gespeichert - Temperatur Differenz: 0.08
2026-07-10 11:20:38 [MQTT Call: paho2145044059066] INFO  c.s.Seminar1.services.MqttService - Gespeichert - Wago750 Status: 8192.0
2026-07-10 11:20:39 [MQTT Call: paho2145044059066] INFO  c.s.Seminar1.services.MqttService - Gespeichert - Temperatur Soll: 27.77
2026-07-10 11:20:39 [MQTT Call: paho2145044059066] INFO  c.s.Seminar1.services.MqttService - Gespeichert - Wago750 Status: 4096.0
2026-07-10 11:20:39 [MQTT Call: paho2145044059066] INFO  c.s.Seminar1.services.MqttService - Gespeichert - Temperatur Differenz: 0.05
2026-07-10 11:20:41 [MQTT Call: paho2145044059066] INFO  c.s.Seminar1.services.MqttService - Gespeichert - Wago750 Status: 2048.0
2026-07-10 11:20:42 [MQTT Call: paho2145044059066] INFO  c.s.Seminar1.services.MqttService - Gespeichert - Wago750 Status: 1024.0
2026-07-10 11:20:42 [MQTT Call: paho2145044059066] INFO  c.s.Seminar1.services.MqttService - Gespeichert - Wago750 Status: 512.0
2026-07-10 11:20:43 [MQTT Call: paho2145044059066] INFO  c.s.Seminar1.services.MqttService - Gespeichert - Wago750 Status: 256.0
2026-07-10 11:20:44 [MQTT Call: paho2145044059066] INFO  c.s.Seminar1.services.MqttService - Gespeichert - Wago750 Status: 1.0
2026-07-10 11:20:45 [MQTT Call: paho2145044059066] INFO  c.s.Seminar1.services.MqttService - Gespeichert - Wago750 Status: 2.0
2026-07-10 11:20:46 [MQTT Call: paho2145044059066] INFO  c.s.Seminar1.services.MqttService - Gespeichert - Wago750 Status: 4.0
2026-07-10 11:20:47 [MQTT Call: paho2145044059066] INFO  c.s.Seminar1.services.MqttService - Gespeichert - Wago750 Status: 8.0
2026-07-10 11:20:48 [MQTT Call: paho2145044059066] INFO  c.s.Seminar1.services.MqttService - Gespeichert - Wago750 Status: 16.0
2026-07-10 11:20:49 [MQTT Call: paho2145044059066] INFO  c.s.Seminar1.services.MqttService - Gespeichert - Wago750 Status: 32.0
2026-07-10 11:20:50 [MQTT Call: paho2145044059066] INFO  c.s.Seminar1.services.MqttService - Gespeichert - Wago750 Status: 64.0
2026-07-10 11:20:51 [MQTT Call: paho2145044059066] INFO  c.s.Seminar1.services.MqttService - Gespeichert - Wago750 Status: 128.0
2026-07-10 11:20:52 [MQTT Call: paho2145044059066] INFO  c.s.Seminar1.services.MqttService - Gespeichert - Wago750 Status: 32768.0
2026-07-10 11:20:53 [MQTT Call: paho2145044059066] INFO  c.s.Seminar1.services.MqttService - Gespeichert - Wago750 Status: 16384.0
2026-07-10 11:20:54 [MQTT Call: paho2145044059066] INFO  c.s.Seminar1.services.MqttService - Gespeichert - Wago750 Status: 8192.0
2026-07-10 11:20:55 [MQTT Call: paho2145044059066] INFO  c.s.Seminar1.services.MqttService - Gespeichert - Wago750 Status: 4096.0
2026-07-10 11:20:57 [MQTT Call: paho2145044059066] INFO  c.s.Seminar1.services.MqttService - Gespeichert - Wago750 Status: 2048.0
2026-07-10 11:20:57 [MQTT Call: paho2145044059066] INFO  c.s.Seminar1.services.MqttService - Gespeichert - Wago750 Status: 1024.0
2026-07-10 11:20:59 [MQTT Call: paho2145044059066] INFO  c.s.Seminar1.services.MqttService - Gespeichert - Wago750 Status: 512.0
2026-07-10 11:21:00 [MQTT Call: paho2145044059066] INFO  c.s.Seminar1.services.MqttService - Gespeichert - Wago750 Status: 256.0
2026-07-10 11:21:00 [MQTT Call: paho2145044059066] INFO  c.s.Seminar1.services.MqttService - Gespeichert - Wago750 Status: 1.0
2026-07-10 11:21:00 [MQTT Call: paho2145044059066] INFO  c.s.Seminar1.services.MqttService - Gespeichert - Temperatur Differenz: 0.07
2026-07-10 11:21:00 [MQTT Call: paho2145044059066] INFO  c.s.Seminar1.services.MqttService - Gespeichert - Temperatur Ist: 27.84
2026-07-10 11:21:01 [MQTT Call: paho2145044059066] INFO  c.s.Seminar1.services.MqttService - Gespeichert - Wago750 Status: 2.0
2026-07-10 11:21:01 [MQTT Call: paho2145044059066] INFO  c.s.Seminar1.services.MqttService - Gespeichert - Temperatur Differenz: 0.05
2026-07-10 11:21:01 [MQTT Call: paho2145044059066] INFO  c.s.Seminar1.services.MqttService - Gespeichert - Temperatur Ist: 27.82
2026-07-10 11:21:02 [MQTT Call: paho2145044059066] INFO  c.s.Seminar1.services.MqttService - Gespeichert - Wago750 Status: 4.0
2026-07-10 11:21:03 [MQTT Call: paho2145044059066] INFO  c.s.Seminar1.services.MqttService - Gespeichert - Wago750 Status: 8.0
2026-07-10 11:21:05 [MQTT Call: paho2145044059066] INFO  c.s.Seminar1.services.MqttService - Gespeichert - Wago750 Status: 16.0
2026-07-10 11:21:06 [MQTT Call: paho2145044059066] INFO  c.s.Seminar1.services.MqttService - Gespeichert - Wago750 Status: 32.0
2026-07-10 11:21:07 [MQTT Call: paho2145044059066] INFO  c.s.Seminar1.services.MqttService - Gespeichert - Wago750 Status: 64.0
2026-07-10 11:21:07 [MQTT Call: paho2145044059066] INFO  c.s.Seminar1.services.MqttService - Gespeichert - Wago750 Status: 128.0
2026-07-10 11:21:08 [MQTT Call: paho2145044059066] INFO  c.s.Seminar1.services.MqttService - Gespeichert - Wago750 Status: 32768.0
2026-07-10 11:21:10 [MQTT Call: paho2145044059066] INFO  c.s.Seminar1.services.MqttService - Gespeichert - Wago750 Status: 16384.0
2026-07-10 11:21:11 [MQTT Call: paho2145044059066] INFO  c.s.Seminar1.services.MqttService - Gespeichert - Wago750 Status: 4096.0
2026-07-10 11:21:13 [MQTT Call: paho2145044059066] INFO  c.s.Seminar1.services.MqttService - Gespeichert - Wago750 Status: 2048.0
2026-07-10 11:21:13 [MQTT Call: paho2145044059066] INFO  c.s.Seminar1.services.MqttService - Gespeichert - Wago750 Status: 1024.0
2026-07-10 11:21:14 [MQTT Call: paho2145044059066] INFO  c.s.Seminar1.services.MqttService - Gespeichert - Wago750 Status: 512.0
2026-07-10 11:21:16 [MQTT Call: paho2145044059066] INFO  c.s.Seminar1.services.MqttService - Gespeichert - Wago750 Status: 256.0
2026-07-10 11:21:16 [MQTT Call: paho2145044059066] INFO  c.s.Seminar1.services.MqttService - Gespeichert - Wago750 Status: 1.0
2026-07-10 11:21:17 [MQTT Call: paho2145044059066] INFO  c.s.Seminar1.services.MqttService - Gespeichert - Wago750 Status: 2.0
2026-07-10 11:21:18 [MQTT Call: paho2145044059066] INFO  c.s.Seminar1.services.MqttService - Gespeichert - Wago750 Status: 4.0
2026-07-10 11:21:19 [MQTT Call: paho2145044059066] INFO  c.s.Seminar1.services.MqttService - Gespeichert - Wago750 Status: 8.0
2026-07-10 11:21:20 [MQTT Call: paho2145044059066] INFO  c.s.Seminar1.services.MqttService - Gespeichert - Wago750 Status: 16.0
2026-07-10 11:21:22 [MQTT Call: paho2145044059066] INFO  c.s.Seminar1.services.MqttService - Gespeichert - Wago750 Status: 32.0
2026-07-10 11:21:22 [MQTT Call: paho2145044059066] INFO  c.s.Seminar1.services.MqttService - Gespeichert - Wago750 Status: 64.0
2026-07-10 11:21:23 [MQTT Call: paho2145044059066] INFO  c.s.Seminar1.services.MqttService - Gespeichert - Wago750 Status: 128.0
2026-07-10 11:21:24 [MQTT Call: paho2145044059066] INFO  c.s.Seminar1.services.MqttService - Gespeichert - Wago750 Status: 32768.0
2026-07-10 11:21:25 [MQTT Call: paho2145044059066] INFO  c.s.Seminar1.services.MqttService - Gespeichert - Wago750 Status: 16384.0
2026-07-10 11:21:26 [MQTT Call: paho2145044059066] INFO  c.s.Seminar1.services.MqttService - Gespeichert - Wago750 Status: 8192.0
2026-07-10 11:21:27 [MQTT Call: paho2145044059066] INFO  c.s.Seminar1.services.MqttService - Gespeichert - Wago750 Status: 4096.0
2026-07-10 11:21:28 [MQTT Call: paho2145044059066] INFO  c.s.Seminar1.services.MqttService - Gespeichert - Wago750 Status: 2048.0
2026-07-10 11:21:29 [MQTT Call: paho2145044059066] INFO  c.s.Seminar1.services.MqttService - Gespeichert - Wago750 Status: 1024.0
2026-07-10 11:21:30 [MQTT Call: paho2145044059066] INFO  c.s.Seminar1.services.MqttService - Gespeichert - Wago750 Status: 512.0
2026-07-10 11:21:31 [MQTT Call: paho2145044059066] INFO  c.s.Seminar1.services.MqttService - Gespeichert - Wago750 Status: 256.0
2026-07-10 11:21:32 [MQTT Call: paho2145044059066] INFO  c.s.Seminar1.services.MqttService - Gespeichert - Temperatur Soll: 27.74
2026-07-10 11:21:32 [MQTT Call: paho2145044059066] INFO  c.s.Seminar1.services.MqttService - Gespeichert - Wago750 Status: 1.0
2026-07-10 11:21:32 [MQTT Call: paho2145044059066] INFO  c.s.Seminar1.services.MqttService - Gespeichert - Temperatur Differenz: 0.08
2026-07-10 11:21:33 [MQTT Call: paho2145044059066] INFO  c.s.Seminar1.services.MqttService - Gespeichert - Wago750 Status: 2.0
2026-07-10 11:21:34 [MQTT Call: paho2145044059066] INFO  c.s.Seminar1.services.MqttService - Gespeichert - Wago750 Status: 4.0
2026-07-10 11:21:35 [MQTT Call: paho2145044059066] INFO  c.s.Seminar1.services.MqttService - Gespeichert - Wago750 Status: 8.0
2026-07-10 11:21:37 [MQTT Call: paho2145044059066] INFO  c.s.Seminar1.services.MqttService - Gespeichert - Wago750 Status: 16.0
2026-07-10 11:21:38 [MQTT Call: paho2145044059066] INFO  c.s.Seminar1.services.MqttService - Gespeichert - Wago750 Status: 32.0
2026-07-10 11:21:39 [MQTT Call: paho2145044059066] INFO  c.s.Seminar1.services.MqttService - Gespeichert - Wago750 Status: 64.0
2026-07-10 11:21:40 [MQTT Call: paho2145044059066] INFO  c.s.Seminar1.services.MqttService - Gespeichert - Wago750 Status: 128.0
2026-07-10 11:21:41 [MQTT Call: paho2145044059066] INFO  c.s.Seminar1.services.MqttService - Gespeichert - Wago750 Status: 32768.0
2026-07-10 11:21:42 [MQTT Call: paho2145044059066] INFO  c.s.Seminar1.services.MqttService - Gespeichert - Wago750 Status: 16384.0
2026-07-10 11:21:43 [MQTT Call: paho2145044059066] INFO  c.s.Seminar1.services.MqttService - Gespeichert - Wago750 Status: 8192.0
2026-07-10 11:21:44 [MQTT Call: paho2145044059066] INFO  c.s.Seminar1.services.MqttService - Gespeichert - Wago750 Status: 4096.0
2026-07-10 11:21:45 [MQTT Call: paho2145044059066] INFO  c.s.Seminar1.services.MqttService - Gespeichert - Wago750 Status: 2048.0
2026-07-10 11:21:46 [MQTT Call: paho2145044059066] INFO  c.s.Seminar1.services.MqttService - Gespeichert - Wago750 Status: 1024.0
2026-07-10 11:21:47 [MQTT Call: paho2145044059066] INFO  c.s.Seminar1.services.MqttService - Gespeichert - Wago750 Status: 512.0
2026-07-10 11:21:48 [MQTT Call: paho2145044059066] INFO  c.s.Seminar1.services.MqttService - Gespeichert - Wago750 Status: 256.0
2026-07-10 11:21:49 [MQTT Call: paho2145044059066] INFO  c.s.Seminar1.services.MqttService - Gespeichert - Wago750 Status: 1.0
2026-07-10 11:21:50 [MQTT Call: paho2145044059066] INFO  c.s.Seminar1.services.MqttService - Gespeichert - Wago750 Status: 2.0
2026-07-10 11:21:51 [MQTT Call: paho2145044059066] INFO  c.s.Seminar1.services.MqttService - Gespeichert - Wago750 Status: 4.0
2026-07-10 11:21:52 [MQTT Call: paho2145044059066] INFO  c.s.Seminar1.services.MqttService - Gespeichert - Wago750 Status: 8.0
2026-07-10 11:21:53 [MQTT Call: paho2145044059066] INFO  c.s.Seminar1.services.MqttService - Gespeichert - Wago750 Status: 16.0
2026-07-10 11:21:54 [MQTT Call: paho2145044059066] INFO  c.s.Seminar1.services.MqttService - Gespeichert - Wago750 Status: 32.0
2026-07-10 11:21:55 [MQTT Call: paho2145044059066] INFO  c.s.Seminar1.services.MqttService - Gespeichert - Wago750 Status: 64.0
2026-07-10 11:21:57 [MQTT Call: paho2145044059066] INFO  c.s.Seminar1.services.MqttService - Gespeichert - Wago750 Status: 128.0
2026-07-10 11:21:57 [MQTT Call: paho2145044059066] INFO  c.s.Seminar1.services.MqttService - Gespeichert - Wago750 Status: 32768.0
2026-07-10 11:21:58 [MQTT Call: paho2145044059066] INFO  c.s.Seminar1.services.MqttService - Gespeichert - Wago750 Status: 16384.0
2026-07-10 11:22:00 [MQTT Call: paho2145044059066] INFO  c.s.Seminar1.services.MqttService - Gespeichert - Wago750 Status: 8192.0
2026-07-10 11:22:00 [MQTT Call: paho2145044059066] INFO  c.s.Seminar1.services.MqttService - Gespeichert - Wago750 Status: 4096.0
2026-07-10 11:22:01 [MQTT Call: paho2145044059066] INFO  c.s.Seminar1.services.MqttService - Gespeichert - Wago750 Status: 2048.0
2026-07-10 11:22:03 [MQTT Call: paho2145044059066] INFO  c.s.Seminar1.services.MqttService - Gespeichert - Wago750 Status: 1024.0
2026-07-10 11:22:03 [MQTT Call: paho2145044059066] INFO  c.s.Seminar1.services.MqttService - Gespeichert - Wago750 Status: 512.0
2026-07-10 11:22:04 [MQTT Call: paho2145044059066] INFO  c.s.Seminar1.services.MqttService - Gespeichert - Wago750 Status: 256.0
2026-07-10 11:22:05 [MQTT Call: paho2145044059066] INFO  c.s.Seminar1.services.MqttService - Gespeichert - Wago750 Status: 1.0
2026-07-10 11:22:06 [MQTT Call: paho2145044059066] INFO  c.s.Seminar1.services.MqttService - Gespeichert - Wago750 Status: 2.0
2026-07-10 11:22:07 [MQTT Call: paho2145044059066] INFO  c.s.Seminar1.services.MqttService - Gespeichert - Wago750 Status: 4.0
2026-07-10 11:22:09 [MQTT Call: paho2145044059066] INFO  c.s.Seminar1.services.MqttService - Gespeichert - Wago750 Status: 8.0
2026-07-10 11:22:09 [MQTT Call: paho2145044059066] INFO  c.s.Seminar1.services.MqttService - Gespeichert - Wago750 Status: 16.0
2026-07-10 11:22:10 [MQTT Call: paho2145044059066] INFO  c.s.Seminar1.services.MqttService - Gespeichert - Wago750 Status: 32.0
2026-07-10 11:22:12 [MQTT Call: paho2145044059066] INFO  c.s.Seminar1.services.MqttService - Gespeichert - Wago750 Status: 128.0
2026-07-10 11:22:13 [MQTT Call: paho2145044059066] INFO  c.s.Seminar1.services.MqttService - Gespeichert - Temperatur Soll: 27.77
2026-07-10 11:22:13 [MQTT Call: paho2145044059066] INFO  c.s.Seminar1.services.MqttService - Gespeichert - Wago750 Status: 32768.0
2026-07-10 11:22:13 [MQTT Call: paho2145044059066] INFO  c.s.Seminar1.services.MqttService - Gespeichert - Temperatur Differenz: 0.05
2026-07-10 11:22:14 [MQTT Call: paho2145044059066] INFO  c.s.Seminar1.services.MqttService - Gespeichert - Temperatur Soll: 27.74
2026-07-10 11:22:14 [MQTT Call: paho2145044059066] INFO  c.s.Seminar1.services.MqttService - Gespeichert - Wago750 Status: 16384.0
2026-07-10 11:22:14 [MQTT Call: paho2145044059066] INFO  c.s.Seminar1.services.MqttService - Gespeichert - Temperatur Differenz: 0.08
2026-07-10 11:22:15 [MQTT Call: paho2145044059066] INFO  c.s.Seminar1.services.MqttService - Gespeichert - Wago750 Status: 8192.0
2026-07-10 11:22:16 [MQTT Call: paho2145044059066] INFO  c.s.Seminar1.services.MqttService - Gespeichert - Temperatur Soll: 27.77
2026-07-10 11:22:16 [MQTT Call: paho2145044059066] INFO  c.s.Seminar1.services.MqttService - Gespeichert - Wago750 Status: 4096.0
2026-07-10 11:22:16 [MQTT Call: paho2145044059066] INFO  c.s.Seminar1.services.MqttService - Gespeichert - Temperatur Differenz: 0.07
2026-07-10 11:22:16 [MQTT Call: paho2145044059066] INFO  c.s.Seminar1.services.MqttService - Gespeichert - Temperatur Ist: 27.84
2026-07-10 11:22:17 [MQTT Call: paho2145044059066] INFO  c.s.Seminar1.services.MqttService - Gespeichert - Temperatur Soll: 27.74
2026-07-10 11:22:17 [MQTT Call: paho2145044059066] INFO  c.s.Seminar1.services.MqttService - Gespeichert - Wago750 Status: 2048.0
2026-07-10 11:22:17 [MQTT Call: paho2145044059066] INFO  c.s.Seminar1.services.MqttService - Gespeichert - Temperatur Differenz: 0.08
2026-07-10 11:22:17 [MQTT Call: paho2145044059066] INFO  c.s.Seminar1.services.MqttService - Gespeichert - Temperatur Ist: 27.82
2026-07-10 11:22:19 [MQTT Call: paho2145044059066] INFO  c.s.Seminar1.services.MqttService - Gespeichert - Wago750 Status: 1024.0
2026-07-10 11:22:19 [MQTT Call: paho2145044059066] INFO  c.s.Seminar1.services.MqttService - Gespeichert - Wago750 Status: 512.0
2026-07-10 11:22:20 [MQTT Call: paho2145044059066] INFO  c.s.Seminar1.services.MqttService - Gespeichert - Temperatur Soll: 27.77
2026-07-10 11:22:20 [MQTT Call: paho2145044059066] INFO  c.s.Seminar1.services.MqttService - Gespeichert - Wago750 Status: 256.0
2026-07-10 11:22:20 [MQTT Call: paho2145044059066] INFO  c.s.Seminar1.services.MqttService - Gespeichert - Temperatur Differenz: 0.05
2026-07-10 11:22:21 [MQTT Call: paho2145044059066] INFO  c.s.Seminar1.services.MqttService - Gespeichert - Wago750 Status: 1.0
2026-07-10 11:22:21 [MQTT Call: paho2145044059066] INFO  c.s.Seminar1.services.MqttService - Gespeichert - Temperatur Differenz: 0.07
2026-07-10 11:22:21 [MQTT Call: paho2145044059066] INFO  c.s.Seminar1.services.MqttService - Gespeichert - Temperatur Ist: 27.84
2026-07-10 11:22:22 [MQTT Call: paho2145044059066] INFO  c.s.Seminar1.services.MqttService - Gespeichert - Wago750 Status: 2.0
2026-07-10 11:22:22 [MQTT Call: paho2145044059066] INFO  c.s.Seminar1.services.MqttService - Gespeichert - Temperatur Differenz: 0.05
2026-07-10 11:22:22 [MQTT Call: paho2145044059066] INFO  c.s.Seminar1.services.MqttService - Gespeichert - Temperatur Ist: 27.82
2026-07-10 11:22:23 [MQTT Call: paho2145044059066] INFO  c.s.Seminar1.services.MqttService - Gespeichert - Wago750 Status: 4.0
2026-07-10 11:22:23 [MQTT Call: paho2145044059066] INFO  c.s.Seminar1.services.MqttService - Gespeichert - Temperatur Differenz: 0.07
2026-07-10 11:22:23 [MQTT Call: paho2145044059066] INFO  c.s.Seminar1.services.MqttService - Gespeichert - Temperatur Ist: 27.84
2026-07-10 11:22:25 [MQTT Call: paho2145044059066] INFO  c.s.Seminar1.services.MqttService - Gespeichert - Wago750 Status: 8.0
2026-07-10 11:22:25 [MQTT Call: paho2145044059066] INFO  c.s.Seminar1.services.MqttService - Gespeichert - Wago750 Status: 16.0
2026-07-10 11:22:27 [MQTT Call: paho2145044059066] INFO  c.s.Seminar1.services.MqttService - Gespeichert - Wago750 Status: 32.0
2026-07-10 11:22:27 [MQTT Call: paho2145044059066] INFO  c.s.Seminar1.services.MqttService - Gespeichert - Temperatur Soll: 27.74
2026-07-10 11:22:27 [MQTT Call: paho2145044059066] INFO  c.s.Seminar1.services.MqttService - Gespeichert - Wago750 Status: 64.0
2026-07-10 11:22:27 [MQTT Call: paho2145044059066] INFO  c.s.Seminar1.services.MqttService - Gespeichert - Temperatur Differenz: 0.1
2026-07-10 11:22:28 [MQTT Call: paho2145044059066] INFO  c.s.Seminar1.services.MqttService - Gespeichert - Temperatur Soll: 27.77
2026-07-10 11:22:28 [MQTT Call: paho2145044059066] INFO  c.s.Seminar1.services.MqttService - Gespeichert - Wago750 Status: 128.0
2026-07-10 11:22:28 [MQTT Call: paho2145044059066] INFO  c.s.Seminar1.services.MqttService - Gespeichert - Temperatur Differenz: 0.08
2026-07-10 11:22:28 [MQTT Call: paho2145044059066] INFO  c.s.Seminar1.services.MqttService - Gespeichert - Temperatur Ist: 27.82
2026-07-10 11:22:30 [MQTT Call: paho2145044059066] INFO  c.s.Seminar1.services.MqttService - Gespeichert - Wago750 Status: 32768.0
2026-07-10 11:22:30 [MQTT Call: paho2145044059066] INFO  c.s.Seminar1.services.MqttService - Gespeichert - Temperatur Differenz: 0.05
2026-07-10 11:22:30 [MQTT Call: paho2145044059066] INFO  c.s.Seminar1.services.MqttService - Gespeichert - Wago750 Status: 16384.0
2026-07-10 11:22:31 [MQTT Call: paho2145044059066] INFO  c.s.Seminar1.services.MqttService - Gespeichert - Wago750 Status: 8192.0
2026-07-10 11:22:33 [MQTT Call: paho2145044059066] INFO  c.s.Seminar1.services.MqttService - Gespeichert - Wago750 Status: 4096.0
2026-07-10 11:22:33 [MQTT Call: paho2145044059066] INFO  c.s.Seminar1.services.MqttService - Gespeichert - Temperatur Differenz: 0.07
2026-07-10 11:22:33 [MQTT Call: paho2145044059066] INFO  c.s.Seminar1.services.MqttService - Gespeichert - Temperatur Ist: 27.84
2026-07-10 11:22:34 [MQTT Call: paho2145044059066] INFO  c.s.Seminar1.services.MqttService - Gespeichert - Wago750 Status: 2048.0
2026-07-10 11:22:34 [MQTT Call: paho2145044059066] INFO  c.s.Seminar1.services.MqttService - Gespeichert - Temperatur Differenz: 0.05
2026-07-10 11:22:34 [MQTT Call: paho2145044059066] INFO  c.s.Seminar1.services.MqttService - Gespeichert - Temperatur Ist: 27.82
2026-07-10 11:22:34 [MQTT Call: paho2145044059066] INFO  c.s.Seminar1.services.MqttService - Gespeichert - Wago750 Status: 1024.0
2026-07-10 11:22:35 [MQTT Call: paho2145044059066] INFO  c.s.Seminar1.services.MqttService - Gespeichert - Wago750 Status: 512.0
2026-07-10 11:22:35 [MQTT Call: paho2145044059066] INFO  c.s.Seminar1.services.MqttService - Gespeichert - Temperatur Differenz: 0.07
2026-07-10 11:22:35 [MQTT Call: paho2145044059066] INFO  c.s.Seminar1.services.MqttService - Gespeichert - Temperatur Ist: 27.84
2026-07-10 11:22:37 [MQTT Call: paho2145044059066] INFO  c.s.Seminar1.services.MqttService - Gespeichert - Wago750 Status: 256.0
2026-07-10 11:22:37 [MQTT Call: paho2145044059066] INFO  c.s.Seminar1.services.MqttService - Gespeichert - Wago750 Status: 1.0
2026-07-10 11:22:38 [MQTT Call: paho2145044059066] INFO  c.s.Seminar1.services.MqttService - Gespeichert - Wago750 Status: 2.0
2026-07-10 11:22:38 [MQTT Call: paho2145044059066] INFO  c.s.Seminar1.services.MqttService - Gespeichert - Temperatur Differenz: 0.05
2026-07-10 11:22:38 [MQTT Call: paho2145044059066] INFO  c.s.Seminar1.services.MqttService - Gespeichert - Temperatur Ist: 27.82
2026-07-10 11:22:39 [MQTT Call: paho2145044059066] INFO  c.s.Seminar1.services.MqttService - Gespeichert - Wago750 Status: 4.0
2026-07-10 11:22:41 [MQTT Call: paho2145044059066] INFO  c.s.Seminar1.services.MqttService - Gespeichert - Wago750 Status: 8.0
2026-07-10 11:22:42 [MQTT Call: paho2145044059066] INFO  c.s.Seminar1.services.MqttService - Gespeichert - Wago750 Status: 16.0
2026-07-10 11:22:43 [MQTT Call: paho2145044059066] INFO  c.s.Seminar1.services.MqttService - Gespeichert - Wago750 Status: 32.0
2026-07-10 11:22:43 [MQTT Call: paho2145044059066] INFO  c.s.Seminar1.services.MqttService - Gespeichert - Temperatur Differenz: 0.07
2026-07-10 11:22:43 [MQTT Call: paho2145044059066] INFO  c.s.Seminar1.services.MqttService - Gespeichert - Temperatur Ist: 27.84
2026-07-10 11:22:43 [MQTT Call: paho2145044059066] INFO  c.s.Seminar1.services.MqttService - Gespeichert - Wago750 Status: 64.0
2026-07-10 11:22:44 [MQTT Call: paho2145044059066] INFO  c.s.Seminar1.services.MqttService - Gespeichert - Wago750 Status: 128.0
2026-07-10 11:22:45 [MQTT Call: paho2145044059066] INFO  c.s.Seminar1.services.MqttService - Gespeichert - Wago750 Status: 32768.0
2026-07-10 11:22:46 [MQTT Call: paho2145044059066] INFO  c.s.Seminar1.services.MqttService - Gespeichert - Wago750 Status: 16384.0
2026-07-10 11:22:47 [MQTT Call: paho2145044059066] INFO  c.s.Seminar1.services.MqttService - Gespeichert - Wago750 Status: 8192.0
2026-07-10 11:22:47 [MQTT Call: paho2145044059066] INFO  c.s.Seminar1.services.MqttService - Gespeichert - Temperatur Differenz: 0.05
2026-07-10 11:22:47 [MQTT Call: paho2145044059066] INFO  c.s.Seminar1.services.MqttService - Gespeichert - Temperatur Ist: 27.82
2026-07-10 11:22:48 [MQTT Call: paho2145044059066] INFO  c.s.Seminar1.services.MqttService - Gespeichert - Wago750 Status: 4096.0
2026-07-10 11:22:48 [MQTT Call: paho2145044059066] INFO  c.s.Seminar1.services.MqttService - Gespeichert - Temperatur Differenz: 0.07
2026-07-10 11:22:48 [MQTT Call: paho2145044059066] INFO  c.s.Seminar1.services.MqttService - Gespeichert - Temperatur Ist: 27.84
2026-07-10 11:22:50 [MQTT Call: paho2145044059066] INFO  c.s.Seminar1.services.MqttService - Gespeichert - Wago750 Status: 2048.0
2026-07-10 11:22:50 [MQTT Call: paho2145044059066] INFO  c.s.Seminar1.services.MqttService - Gespeichert - Wago750 Status: 1024.0
2026-07-10 11:22:51 [MQTT Call: paho2145044059066] INFO  c.s.Seminar1.services.MqttService - Gespeichert - Wago750 Status: 512.0
2026-07-10 11:22:51 [MQTT Call: paho2145044059066] INFO  c.s.Seminar1.services.MqttService - Gespeichert - Temperatur Differenz: 0.05
2026-07-10 11:22:51 [MQTT Call: paho2145044059066] INFO  c.s.Seminar1.services.MqttService - Gespeichert - Temperatur Ist: 27.82
2026-07-10 11:22:52 [MQTT Call: paho2145044059066] INFO  c.s.Seminar1.services.MqttService - Gespeichert - Wago750 Status: 256.0
2026-07-10 11:22:52 [MQTT Call: paho2145044059066] INFO  c.s.Seminar1.services.MqttService - Gespeichert - Temperatur Differenz: 0.07
2026-07-10 11:22:52 [MQTT Call: paho2145044059066] INFO  c.s.Seminar1.services.MqttService - Gespeichert - Temperatur Ist: 27.84
2026-07-10 11:22:53 [MQTT Call: paho2145044059066] INFO  c.s.Seminar1.services.MqttService - Gespeichert - Wago750 Status: 1.0
2026-07-10 11:22:53 [MQTT Call: paho2145044059066] INFO  c.s.Seminar1.services.MqttService - Gespeichert - Temperatur Differenz: 0.05
2026-07-10 11:22:53 [MQTT Call: paho2145044059066] INFO  c.s.Seminar1.services.MqttService - Gespeichert - Temperatur Ist: 27.82
2026-07-10 11:22:54 [MQTT Call: paho2145044059066] INFO  c.s.Seminar1.services.MqttService - Gespeichert - Wago750 Status: 2.0
2026-07-10 11:22:54 [MQTT Call: paho2145044059066] INFO  c.s.Seminar1.services.MqttService - Gespeichert - Temperatur Differenz: 0.07
2026-07-10 11:22:54 [MQTT Call: paho2145044059066] INFO  c.s.Seminar1.services.MqttService - Gespeichert - Temperatur Ist: 27.84
2026-07-10 11:22:55 [MQTT Call: paho2145044059066] INFO  c.s.Seminar1.services.MqttService - Gespeichert - Wago750 Status: 4.0
2026-07-10 11:22:56 [MQTT Call: paho2145044059066] INFO  c.s.Seminar1.services.MqttService - Gespeichert - Wago750 Status: 8.0
2026-07-10 11:22:56 [MQTT Call: paho2145044059066] INFO  c.s.Seminar1.services.MqttService - Gespeichert - Temperatur Differenz: 0.05
2026-07-10 11:22:56 [MQTT Call: paho2145044059066] INFO  c.s.Seminar1.services.MqttService - Gespeichert - Temperatur Ist: 27.82
2026-07-10 11:22:58 [MQTT Call: paho2145044059066] INFO  c.s.Seminar1.services.MqttService - Gespeichert - Wago750 Status: 16.0
2026-07-10 11:22:59 [MQTT Call: paho2145044059066] INFO  c.s.Seminar1.services.MqttService - Gespeichert - Wago750 Status: 32.0
2026-07-10 11:22:59 [MQTT Call: paho2145044059066] INFO  c.s.Seminar1.services.MqttService - Gespeichert - Temperatur Differenz: 0.07
2026-07-10 11:22:59 [MQTT Call: paho2145044059066] INFO  c.s.Seminar1.services.MqttService - Gespeichert - Temperatur Ist: 27.84
2026-07-10 11:22:59 [MQTT Call: paho2145044059066] INFO  c.s.Seminar1.services.MqttService - Gespeichert - Wago750 Status: 64.0
2026-07-10 11:22:59 [MQTT Call: paho2145044059066] INFO  c.s.Seminar1.services.MqttService - Gespeichert - Temperatur Differenz: 0.05
2026-07-10 11:22:59 [MQTT Call: paho2145044059066] INFO  c.s.Seminar1.services.MqttService - Gespeichert - Temperatur Ist: 27.82
2026-07-10 11:23:00 [MQTT Call: paho2145044059066] INFO  c.s.Seminar1.services.MqttService - Gespeichert - Wago750 Status: 128.0
2026-07-10 11:23:01 [MQTT Call: paho2145044059066] INFO  c.s.Seminar1.services.MqttService - Gespeichert - Wago750 Status: 32768.0
2026-07-10 11:23:02 [MQTT Call: paho2145044059066] INFO  c.s.Seminar1.services.MqttService - Gespeichert - Temperatur Soll: 27.74
2026-07-10 11:23:02 [MQTT Call: paho2145044059066] INFO  c.s.Seminar1.services.MqttService - Gespeichert - Wago750 Status: 16384.0
2026-07-10 11:23:02 [MQTT Call: paho2145044059066] INFO  c.s.Seminar1.services.MqttService - Gespeichert - Temperatur Differenz: 0.08
2026-07-10 11:23:03 [MQTT Call: paho2145044059066] INFO  c.s.Seminar1.services.MqttService - Gespeichert - Temperatur Soll: 27.77
2026-07-10 11:23:03 [MQTT Call: paho2145044059066] INFO  c.s.Seminar1.services.MqttService - Gespeichert - Wago750 Status: 8192.0
2026-07-10 11:23:03 [MQTT Call: paho2145044059066] INFO  c.s.Seminar1.services.MqttService - Gespeichert - Temperatur Differenz: 0.05
2026-07-10 11:23:04 [MQTT Call: paho2145044059066] INFO  c.s.Seminar1.services.MqttService - Gespeichert - Wago750 Status: 4096.0
2026-07-10 11:23:04 [MQTT Call: paho2145044059066] INFO  c.s.Seminar1.services.MqttService - Gespeichert - Temperatur Differenz: 0.08
2026-07-10 11:23:05 [MQTT Call: paho2145044059066] INFO  c.s.Seminar1.services.MqttService - Gespeichert - Temperatur Soll: 27.74
2026-07-10 11:23:06 [MQTT Call: paho2145044059066] INFO  c.s.Seminar1.services.MqttService - Gespeichert - Wago750 Status: 2048.0
2026-07-10 11:23:07 [MQTT Call: paho2145044059066] INFO  c.s.Seminar1.services.MqttService - Gespeichert - Wago750 Status: 1024.0
2026-07-10 11:23:07 [MQTT Call: paho2145044059066] INFO  c.s.Seminar1.services.MqttService - Gespeichert - Temperatur Soll: 27.77
2026-07-10 11:23:08 [MQTT Call: paho2145044059066] INFO  c.s.Seminar1.services.MqttService - Gespeichert - Wago750 Status: 512.0
2026-07-10 11:23:08 [MQTT Call: paho2145044059066] INFO  c.s.Seminar1.services.MqttService - Gespeichert - Temperatur Differenz: 0.05
2026-07-10 11:23:08 [MQTT Call: paho2145044059066] INFO  c.s.Seminar1.services.MqttService - Gespeichert - Temperatur Soll: 27.74
2026-07-10 11:23:08 [MQTT Call: paho2145044059066] INFO  c.s.Seminar1.services.MqttService - Gespeichert - Wago750 Status: 256.0
2026-07-10 11:23:09 [MQTT Call: paho2145044059066] INFO  c.s.Seminar1.services.MqttService - Gespeichert - Wago750 Status: 1.0
2026-07-10 11:23:09 [MQTT Call: paho2145044059066] INFO  c.s.Seminar1.services.MqttService - Gespeichert - Temperatur Differenz: 0.08
2026-07-10 11:23:10 [MQTT Call: paho2145044059066] INFO  c.s.Seminar1.services.MqttService - Gespeichert - Wago750 Status: 2.0
2026-07-10 11:23:12 [MQTT Call: paho2145044059066] INFO  c.s.Seminar1.services.MqttService - Gespeichert - Wago750 Status: 4.0
2026-07-10 11:23:14 [MQTT Call: paho2145044059066] INFO  c.s.Seminar1.services.MqttService - Gespeichert - Wago750 Status: 16.0
2026-07-10 11:23:15 [MQTT Call: paho2145044059066] INFO  c.s.Seminar1.services.MqttService - Gespeichert - Wago750 Status: 32.0
2026-07-10 11:23:16 [MQTT Call: paho2145044059066] INFO  c.s.Seminar1.services.MqttService - Gespeichert - Wago750 Status: 64.0
2026-07-10 11:23:16 [MQTT Call: paho2145044059066] INFO  c.s.Seminar1.services.MqttService - Gespeichert - Wago750 Status: 128.0
2026-07-10 11:23:17 [MQTT Call: paho2145044059066] INFO  c.s.Seminar1.services.MqttService - Gespeichert - Wago750 Status: 32768.0
2026-07-10 11:23:18 [MQTT Call: paho2145044059066] INFO  c.s.Seminar1.services.MqttService - Gespeichert - Wago750 Status: 16384.0
2026-07-10 11:23:19 [MQTT Call: paho2145044059066] INFO  c.s.Seminar1.services.MqttService - Gespeichert - Wago750 Status: 8192.0
2026-07-10 11:23:20 [MQTT Call: paho2145044059066] INFO  c.s.Seminar1.services.MqttService - Gespeichert - Wago750 Status: 4096.0
2026-07-10 11:23:21 [MQTT Call: paho2145044059066] INFO  c.s.Seminar1.services.MqttService - Gespeichert - Wago750 Status: 2048.0
2026-07-10 11:23:22 [MQTT Call: paho2145044059066] INFO  c.s.Seminar1.services.MqttService - Gespeichert - Wago750 Status: 1024.0
2026-07-10 11:23:23 [MQTT Call: paho2145044059066] INFO  c.s.Seminar1.services.MqttService - Gespeichert - Wago750 Status: 512.0
2026-07-10 11:23:24 [MQTT Call: paho2145044059066] INFO  c.s.Seminar1.services.MqttService - Gespeichert - Wago750 Status: 256.0
2026-07-10 11:23:25 [MQTT Call: paho2145044059066] INFO  c.s.Seminar1.services.MqttService - Gespeichert - Wago750 Status: 1.0
2026-07-10 11:23:26 [MQTT Call: paho2145044059066] INFO  c.s.Seminar1.services.MqttService - Gespeichert - Wago750 Status: 2.0
2026-07-10 11:23:27 [MQTT Call: paho2145044059066] INFO  c.s.Seminar1.services.MqttService - Gespeichert - Wago750 Status: 4.0
2026-07-10 11:23:28 [MQTT Call: paho2145044059066] INFO  c.s.Seminar1.services.MqttService - Gespeichert - Wago750 Status: 8.0
2026-07-10 11:23:29 [MQTT Call: paho2145044059066] INFO  c.s.Seminar1.services.MqttService - Gespeichert - Wago750 Status: 16.0
2026-07-10 11:23:29 [MQTT Call: paho2145044059066] INFO  c.s.Seminar1.services.MqttService - Gespeichert - Temperatur Differenz: 0.1
2026-07-10 11:23:29 [MQTT Call: paho2145044059066] INFO  c.s.Seminar1.services.MqttService - Gespeichert - Temperatur Ist: 27.84
2026-07-10 11:23:30 [MQTT Call: paho2145044059066] INFO  c.s.Seminar1.services.MqttService - Gespeichert - Wago750 Status: 32.0
2026-07-10 11:23:30 [MQTT Call: paho2145044059066] INFO  c.s.Seminar1.services.MqttService - Gespeichert - Temperatur Differenz: 0.08
2026-07-10 11:23:30 [MQTT Call: paho2145044059066] INFO  c.s.Seminar1.services.MqttService - Gespeichert - Temperatur Ist: 27.82
2026-07-10 11:23:31 [MQTT Call: paho2145044059066] INFO  c.s.Seminar1.services.MqttService - Gespeichert - Wago750 Status: 64.0
2026-07-10 11:23:32 [MQTT Call: paho2145044059066] INFO  c.s.Seminar1.services.MqttService - Gespeichert - Wago750 Status: 128.0
2026-07-10 11:23:33 [MQTT Call: paho2145044059066] INFO  c.s.Seminar1.services.MqttService - Gespeichert - Wago750 Status: 32768.0
2026-07-10 11:23:34 [MQTT Call: paho2145044059066] INFO  c.s.Seminar1.services.MqttService - Gespeichert - Wago750 Status: 16384.0
2026-07-10 11:23:35 [MQTT Call: paho2145044059066] INFO  c.s.Seminar1.services.MqttService - Gespeichert - Wago750 Status: 8192.0
2026-07-10 11:23:36 [MQTT Call: paho2145044059066] INFO  c.s.Seminar1.services.MqttService - Gespeichert - Wago750 Status: 4096.0
2026-07-10 11:23:37 [MQTT Call: paho2145044059066] INFO  c.s.Seminar1.services.MqttService - Gespeichert - Wago750 Status: 2048.0
2026-07-10 11:23:38 [MQTT Call: paho2145044059066] INFO  c.s.Seminar1.services.MqttService - Gespeichert - Wago750 Status: 1024.0
2026-07-10 11:23:39 [MQTT Call: paho2145044059066] INFO  c.s.Seminar1.services.MqttService - Gespeichert - Wago750 Status: 512.0
2026-07-10 11:23:40 [MQTT Call: paho2145044059066] INFO  c.s.Seminar1.services.MqttService - Gespeichert - Wago750 Status: 256.0
2026-07-10 11:23:41 [MQTT Call: paho2145044059066] INFO  c.s.Seminar1.services.MqttService - Gespeichert - Wago750 Status: 1.0
2026-07-10 11:23:42 [MQTT Call: paho2145044059066] INFO  c.s.Seminar1.services.MqttService - Gespeichert - Wago750 Status: 2.0
2026-07-10 11:23:43 [MQTT Call: paho2145044059066] INFO  c.s.Seminar1.services.MqttService - Gespeichert - Wago750 Status: 4.0
2026-07-10 11:23:44 [MQTT Call: paho2145044059066] INFO  c.s.Seminar1.services.MqttService - Gespeichert - Wago750 Status: 8.0
2026-07-10 11:23:45 [MQTT Call: paho2145044059066] INFO  c.s.Seminar1.services.MqttService - Gespeichert - Wago750 Status: 16.0
2026-07-10 11:23:46 [MQTT Call: paho2145044059066] INFO  c.s.Seminar1.services.MqttService - Gespeichert - Wago750 Status: 32.0
2026-07-10 11:23:47 [MQTT Call: paho2145044059066] INFO  c.s.Seminar1.services.MqttService - Gespeichert - Wago750 Status: 64.0
2026-07-10 11:23:48 [MQTT Call: paho2145044059066] INFO  c.s.Seminar1.services.MqttService - Gespeichert - Temperatur Soll: 27.72
2026-07-10 11:23:48 [MQTT Call: paho2145044059066] INFO  c.s.Seminar1.services.MqttService - Gespeichert - Wago750 Status: 128.0
2026-07-10 11:23:48 [MQTT Call: paho2145044059066] INFO  c.s.Seminar1.services.MqttService - Gespeichert - Temperatur Differenz: 0.1
2026-07-10 11:23:49 [MQTT Call: paho2145044059066] INFO  c.s.Seminar1.services.MqttService - Gespeichert - Temperatur Soll: 27.74
2026-07-10 11:23:49 [MQTT Call: paho2145044059066] INFO  c.s.Seminar1.services.MqttService - Gespeichert - Wago750 Status: 32768.0
2026-07-10 11:23:49 [MQTT Call: paho2145044059066] INFO  c.s.Seminar1.services.MqttService - Gespeichert - Temperatur Differenz: 0.08
2026-07-10 11:23:50 [MQTT Call: paho2145044059066] INFO  c.s.Seminar1.services.MqttService - Gespeichert - Wago750 Status: 16384.0
2026-07-10 11:23:51 [MQTT Call: paho2145044059066] INFO  c.s.Seminar1.services.MqttService - Gespeichert - Temperatur Soll: 27.72
2026-07-10 11:23:51 [MQTT Call: paho2145044059066] INFO  c.s.Seminar1.services.MqttService - Gespeichert - Wago750 Status: 8192.0
2026-07-10 11:23:52 [MQTT Call: paho2145044059066] INFO  c.s.Seminar1.services.MqttService - Gespeichert - Temperatur Soll: 27.74
2026-07-10 11:23:52 [MQTT Call: paho2145044059066] INFO  c.s.Seminar1.services.MqttService - Gespeichert - Wago750 Status: 4096.0
2026-07-10 11:23:53 [MQTT Call: paho2145044059066] INFO  c.s.Seminar1.services.MqttService - Gespeichert - Temperatur Soll: 27.72
2026-07-10 11:23:53 [MQTT Call: paho2145044059066] INFO  c.s.Seminar1.services.MqttService - Gespeichert - Wago750 Status: 2048.0
2026-07-10 11:23:53 [MQTT Call: paho2145044059066] INFO  c.s.Seminar1.services.MqttService - Gespeichert - Temperatur Differenz: 0.1
2026-07-10 11:23:54 [MQTT Call: paho2145044059066] INFO  c.s.Seminar1.services.MqttService - Gespeichert - Wago750 Status: 1024.0
2026-07-10 11:23:55 [MQTT Call: paho2145044059066] INFO  c.s.Seminar1.services.MqttService - Gespeichert - Wago750 Status: 512.0
2026-07-10 11:23:57 [MQTT Call: paho2145044059066] INFO  c.s.Seminar1.services.MqttService - Gespeichert - Wago750 Status: 256.0
2026-07-10 11:23:57 [MQTT Call: paho2145044059066] INFO  c.s.Seminar1.services.MqttService - Gespeichert - Wago750 Status: 1.0
2026-07-10 11:23:58 [MQTT Call: paho2145044059066] INFO  c.s.Seminar1.services.MqttService - Gespeichert - Wago750 Status: 2.0
2026-07-10 11:23:59 [MQTT Call: paho2145044059066] INFO  c.s.Seminar1.services.MqttService - Gespeichert - Wago750 Status: 4.0
2026-07-10 11:24:00 [MQTT Call: paho2145044059066] INFO  c.s.Seminar1.services.MqttService - Gespeichert - Wago750 Status: 8.0
2026-07-10 11:24:01 [MQTT Call: paho2145044059066] INFO  c.s.Seminar1.services.MqttService - Gespeichert - Wago750 Status: 16.0
2026-07-10 11:24:02 [MQTT Call: paho2145044059066] INFO  c.s.Seminar1.services.MqttService - Gespeichert - Wago750 Status: 32.0
2026-07-10 11:24:03 [MQTT Call: paho2145044059066] INFO  c.s.Seminar1.services.MqttService - Gespeichert - Wago750 Status: 64.0
2026-07-10 11:24:04 [MQTT Call: paho2145044059066] INFO  c.s.Seminar1.services.MqttService - Gespeichert - Wago750 Status: 128.0
2026-07-10 11:24:05 [MQTT Call: paho2145044059066] INFO  c.s.Seminar1.services.MqttService - Gespeichert - Wago750 Status: 32768.0
2026-07-10 11:24:06 [MQTT Call: paho2145044059066] INFO  c.s.Seminar1.services.MqttService - Gespeichert - Wago750 Status: 16384.0
2026-07-10 11:24:08 [MQTT Call: paho2145044059066] INFO  c.s.Seminar1.services.MqttService - Gespeichert - Wago750 Status: 8192.0
2026-07-10 11:24:08 [MQTT Call: paho2145044059066] INFO  c.s.Seminar1.services.MqttService - Gespeichert - Wago750 Status: 4096.0
2026-07-10 11:24:09 [MQTT Call: paho2145044059066] INFO  c.s.Seminar1.services.MqttService - Gespeichert - Wago750 Status: 2048.0
2026-07-10 11:24:10 [MQTT Call: paho2145044059066] INFO  c.s.Seminar1.services.MqttService - Gespeichert - Wago750 Status: 1024.0
2026-07-10 11:24:11 [MQTT Call: paho2145044059066] INFO  c.s.Seminar1.services.MqttService - Gespeichert - Wago750 Status: 512.0
2026-07-10 11:24:12 [MQTT Call: paho2145044059066] INFO  c.s.Seminar1.services.MqttService - Gespeichert - Wago750 Status: 256.0
2026-07-10 11:24:14 [MQTT Call: paho2145044059066] INFO  c.s.Seminar1.services.MqttService - Gespeichert - Wago750 Status: 2.0
2026-07-10 11:24:16 [MQTT Call: paho2145044059066] INFO  c.s.Seminar1.services.MqttService - Gespeichert - Wago750 Status: 4.0
2026-07-10 11:24:17 [MQTT Call: paho2145044059066] INFO  c.s.Seminar1.services.MqttService - Gespeichert - Wago750 Status: 8.0
2026-07-10 11:24:17 [MQTT Call: paho2145044059066] INFO  c.s.Seminar1.services.MqttService - Gespeichert - Wago750 Status: 16.0
2026-07-10 11:24:18 [MQTT Call: paho2145044059066] INFO  c.s.Seminar1.services.MqttService - Gespeichert - Wago750 Status: 32.0
2026-07-10 11:24:19 [MQTT Call: paho2145044059066] INFO  c.s.Seminar1.services.MqttService - Gespeichert - Wago750 Status: 64.0
2026-07-10 11:24:20 [MQTT Call: paho2145044059066] INFO  c.s.Seminar1.services.MqttService - Gespeichert - Wago750 Status: 128.0
2026-07-10 11:24:21 [MQTT Call: paho2145044059066] INFO  c.s.Seminar1.services.MqttService - Gespeichert - Wago750 Status: 32768.0
2026-07-10 11:24:23 [MQTT Call: paho2145044059066] INFO  c.s.Seminar1.services.MqttService - Gespeichert - Temperatur Soll: 27.7
2026-07-10 11:24:23 [MQTT Call: paho2145044059066] INFO  c.s.Seminar1.services.MqttService - Gespeichert - Wago750 Status: 16384.0
2026-07-10 11:24:23 [MQTT Call: paho2145044059066] INFO  c.s.Seminar1.services.MqttService - Gespeichert - Temperatur Differenz: 0.12
2026-07-10 11:24:24 [MQTT Call: paho2145044059066] INFO  c.s.Seminar1.services.MqttService - Gespeichert - Temperatur Soll: 27.72
2026-07-10 11:24:24 [MQTT Call: paho2145044059066] INFO  c.s.Seminar1.services.MqttService - Gespeichert - Wago750 Status: 8192.0
2026-07-10 11:24:24 [MQTT Call: paho2145044059066] INFO  c.s.Seminar1.services.MqttService - Gespeichert - Temperatur Differenz: 0.1
2026-07-10 11:24:25 [MQTT Call: paho2145044059066] INFO  c.s.Seminar1.services.MqttService - Gespeichert - Wago750 Status: 4096.0
2026-07-10 11:24:26 [MQTT Call: paho2145044059066] INFO  c.s.Seminar1.services.MqttService - Gespeichert - Wago750 Status: 2048.0
2026-07-10 11:24:27 [MQTT Call: paho2145044059066] INFO  c.s.Seminar1.services.MqttService - Gespeichert - Temperatur Soll: 27.7
2026-07-10 11:24:27 [MQTT Call: paho2145044059066] INFO  c.s.Seminar1.services.MqttService - Gespeichert - Wago750 Status: 1024.0
2026-07-10 11:24:28 [MQTT Call: paho2145044059066] INFO  c.s.Seminar1.services.MqttService - Gespeichert - Temperatur Differenz: 0.12
2026-07-10 11:24:29 [MQTT Call: paho2145044059066] INFO  c.s.Seminar1.services.MqttService - Gespeichert - Wago750 Status: 512.0
2026-07-10 11:24:29 [MQTT Call: paho2145044059066] INFO  c.s.Seminar1.services.MqttService - Gespeichert - Wago750 Status: 256.0
2026-07-10 11:24:30 [MQTT Call: paho2145044059066] INFO  c.s.Seminar1.services.MqttService - Gespeichert - Wago750 Status: 1.0
2026-07-10 11:24:32 [MQTT Call: paho2145044059066] INFO  c.s.Seminar1.services.MqttService - Gespeichert - Wago750 Status: 2.0
2026-07-10 11:24:32 [MQTT Call: paho2145044059066] INFO  c.s.Seminar1.services.MqttService - Gespeichert - Wago750 Status: 4.0
2026-07-10 11:24:33 [MQTT Call: paho2145044059066] INFO  c.s.Seminar1.services.MqttService - Gespeichert - Wago750 Status: 8.0
2026-07-10 11:24:35 [MQTT Call: paho2145044059066] INFO  c.s.Seminar1.services.MqttService - Gespeichert - Wago750 Status: 16.0
2026-07-10 11:24:35 [MQTT Call: paho2145044059066] INFO  c.s.Seminar1.services.MqttService - Gespeichert - Wago750 Status: 32.0
2026-07-10 11:24:36 [MQTT Call: paho2145044059066] INFO  c.s.Seminar1.services.MqttService - Gespeichert - Wago750 Status: 64.0
2026-07-10 11:24:37 [MQTT Call: paho2145044059066] INFO  c.s.Seminar1.services.MqttService - Gespeichert - Wago750 Status: 128.0
2026-07-10 11:24:37 [MQTT Call: paho2145044059066] INFO  c.s.Seminar1.services.MqttService - Gespeichert - Temperatur Differenz: 0.1
2026-07-10 11:24:37 [MQTT Call: paho2145044059066] INFO  c.s.Seminar1.services.MqttService - Gespeichert - Temperatur Ist: 27.8
2026-07-10 11:24:38 [MQTT Call: paho2145044059066] INFO  c.s.Seminar1.services.MqttService - Gespeichert - Wago750 Status: 32768.0
2026-07-10 11:24:39 [MQTT Call: paho2145044059066] INFO  c.s.Seminar1.services.MqttService - Gespeichert - Wago750 Status: 16384.0
2026-07-10 11:24:39 [MQTT Call: paho2145044059066] INFO  c.s.Seminar1.services.MqttService - Gespeichert - Temperatur Differenz: 0.12
2026-07-10 11:24:39 [MQTT Call: paho2145044059066] INFO  c.s.Seminar1.services.MqttService - Gespeichert - Temperatur Ist: 27.82
2026-07-10 11:24:40 [MQTT Call: paho2145044059066] INFO  c.s.Seminar1.services.MqttService - Gespeichert - Wago750 Status: 8192.0
2026-07-10 11:24:41 [MQTT Call: paho2145044059066] INFO  c.s.Seminar1.services.MqttService - Gespeichert - Temperatur Differenz: 0.1
2026-07-10 11:24:41 [MQTT Call: paho2145044059066] INFO  c.s.Seminar1.services.MqttService - Gespeichert - Temperatur Ist: 27.8
2026-07-10 11:24:42 [MQTT Call: paho2145044059066] INFO  c.s.Seminar1.services.MqttService - Gespeichert - Wago750 Status: 4096.0
2026-07-10 11:24:42 [MQTT Call: paho2145044059066] INFO  c.s.Seminar1.services.MqttService - Gespeichert - Wago750 Status: 2048.0
2026-07-10 11:24:42 [MQTT Call: paho2145044059066] INFO  c.s.Seminar1.services.MqttService - Gespeichert - Temperatur Differenz: 0.12
2026-07-10 11:24:42 [MQTT Call: paho2145044059066] INFO  c.s.Seminar1.services.MqttService - Gespeichert - Temperatur Ist: 27.82
2026-07-10 11:24:43 [MQTT Call: paho2145044059066] INFO  c.s.Seminar1.services.MqttService - Gespeichert - Wago750 Status: 1024.0
2026-07-10 11:24:43 [MQTT Call: paho2145044059066] INFO  c.s.Seminar1.services.MqttService - Gespeichert - Temperatur Differenz: 0.1
2026-07-10 11:24:43 [MQTT Call: paho2145044059066] INFO  c.s.Seminar1.services.MqttService - Gespeichert - Temperatur Ist: 27.8
2026-07-10 11:24:44 [MQTT Call: paho2145044059066] INFO  c.s.Seminar1.services.MqttService - Gespeichert - Wago750 Status: 512.0
2026-07-10 11:24:45 [MQTT Call: paho2145044059066] INFO  c.s.Seminar1.services.MqttService - Gespeichert - Wago750 Status: 256.0
2026-07-10 11:24:46 [MQTT Call: paho2145044059066] INFO  c.s.Seminar1.services.MqttService - Gespeichert - Wago750 Status: 1.0
2026-07-10 11:24:47 [MQTT Call: paho2145044059066] INFO  c.s.Seminar1.services.MqttService - Gespeichert - Wago750 Status: 2.0
2026-07-10 11:24:49 [MQTT Call: paho2145044059066] INFO  c.s.Seminar1.services.MqttService - Gespeichert - Wago750 Status: 4.0
2026-07-10 11:24:49 [MQTT Call: paho2145044059066] INFO  c.s.Seminar1.services.MqttService - Gespeichert - Temperatur Soll: 27.68
2026-07-10 11:24:50 [MQTT Call: paho2145044059066] INFO  c.s.Seminar1.services.MqttService - Gespeichert - Wago750 Status: 8.0
2026-07-10 11:24:50 [MQTT Call: paho2145044059066] INFO  c.s.Seminar1.services.MqttService - Gespeichert - Temperatur Differenz: 0.12
2026-07-10 11:24:50 [MQTT Call: paho2145044059066] INFO  c.s.Seminar1.services.MqttService - Gespeichert - Temperatur Soll: 27.7
2026-07-10 11:24:51 [MQTT Call: paho2145044059066] INFO  c.s.Seminar1.services.MqttService - Gespeichert - Wago750 Status: 16.0
2026-07-10 11:24:51 [MQTT Call: paho2145044059066] INFO  c.s.Seminar1.services.MqttService - Gespeichert - Temperatur Differenz: 0.1
2026-07-10 11:24:51 [MQTT Call: paho2145044059066] INFO  c.s.Seminar1.services.MqttService - Gespeichert - Temperatur Soll: 27.68
2026-07-10 11:24:51 [MQTT Call: paho2145044059066] INFO  c.s.Seminar1.services.MqttService - Gespeichert - Wago750 Status: 32.0
2026-07-10 11:24:51 [MQTT Call: paho2145044059066] INFO  c.s.Seminar1.services.MqttService - Gespeichert - Temperatur Differenz: 0.12
2026-07-10 11:24:52 [MQTT Call: paho2145044059066] INFO  c.s.Seminar1.services.MqttService - Gespeichert - Wago750 Status: 64.0
2026-07-10 11:24:53 [MQTT Call: paho2145044059066] INFO  c.s.Seminar1.services.MqttService - Gespeichert - Wago750 Status: 128.0
2026-07-10 11:24:54 [MQTT Call: paho2145044059066] INFO  c.s.Seminar1.services.MqttService - Gespeichert - Wago750 Status: 32768.0
2026-07-10 11:24:55 [MQTT Call: paho2145044059066] INFO  c.s.Seminar1.services.MqttService - Gespeichert - Wago750 Status: 16384.0
2026-07-10 11:24:57 [MQTT Call: paho2145044059066] INFO  c.s.Seminar1.services.MqttService - Gespeichert - Wago750 Status: 8192.0
2026-07-10 11:24:58 [MQTT Call: paho2145044059066] INFO  c.s.Seminar1.services.MqttService - Gespeichert - Wago750 Status: 4096.0
2026-07-10 11:24:59 [MQTT Call: paho2145044059066] INFO  c.s.Seminar1.services.MqttService - Gespeichert - Wago750 Status: 2048.0
2026-07-10 11:24:59 [MQTT Call: paho2145044059066] INFO  c.s.Seminar1.services.MqttService - Gespeichert - Wago750 Status: 1024.0
2026-07-10 11:25:00 [MQTT Call: paho2145044059066] INFO  c.s.Seminar1.services.MqttService - Gespeichert - Wago750 Status: 512.0
2026-07-10 11:25:01 [MQTT Call: paho2145044059066] INFO  c.s.Seminar1.services.MqttService - Gespeichert - Wago750 Status: 256.0
2026-07-10 11:25:02 [MQTT Call: paho2145044059066] INFO  c.s.Seminar1.services.MqttService - Gespeichert - Wago750 Status: 1.0
2026-07-10 11:25:04 [MQTT Call: paho2145044059066] INFO  c.s.Seminar1.services.MqttService - Gespeichert - Wago750 Status: 2.0
2026-07-10 11:25:05 [MQTT Call: paho2145044059066] INFO  c.s.Seminar1.services.MqttService - Gespeichert - Wago750 Status: 4.0
2026-07-10 11:25:06 [MQTT Call: paho2145044059066] INFO  c.s.Seminar1.services.MqttService - Gespeichert - Wago750 Status: 8.0
2026-07-10 11:25:07 [MQTT Call: paho2145044059066] INFO  c.s.Seminar1.services.MqttService - Gespeichert - Wago750 Status: 16.0
2026-07-10 11:25:07 [MQTT Call: paho2145044059066] INFO  c.s.Seminar1.services.MqttService - Gespeichert - Wago750 Status: 32.0
2026-07-10 11:25:08 [MQTT Call: paho2145044059066] INFO  c.s.Seminar1.services.MqttService - Gespeichert - Wago750 Status: 64.0
2026-07-10 11:25:09 [MQTT Call: paho2145044059066] INFO  c.s.Seminar1.services.MqttService - Gespeichert - Wago750 Status: 128.0
2026-07-10 11:25:10 [MQTT Call: paho2145044059066] INFO  c.s.Seminar1.services.MqttService - Gespeichert - Wago750 Status: 32768.0
2026-07-10 11:25:11 [MQTT Call: paho2145044059066] INFO  c.s.Seminar1.services.MqttService - Gespeichert - Wago750 Status: 16384.0
2026-07-10 11:25:13 [MQTT Call: paho2145044059066] INFO  c.s.Seminar1.services.MqttService - Gespeichert - Wago750 Status: 8192.0
2026-07-10 11:25:14 [MQTT Call: paho2145044059066] INFO  c.s.Seminar1.services.MqttService - Gespeichert - Wago750 Status: 4096.0
2026-07-10 11:25:16 [MQTT Call: paho2145044059066] INFO  c.s.Seminar1.services.MqttService - Gespeichert - Wago750 Status: 1024.0
2026-07-10 11:25:16 [MQTT Call: paho2145044059066] INFO  c.s.Seminar1.services.MqttService - Gespeichert - Wago750 Status: 512.0
2026-07-10 11:25:17 [MQTT Call: paho2145044059066] INFO  c.s.Seminar1.services.MqttService - Gespeichert - Wago750 Status: 256.0
2026-07-10 11:25:18 [MQTT Call: paho2145044059066] INFO  c.s.Seminar1.services.MqttService - Gespeichert - Wago750 Status: 1.0
2026-07-10 11:25:20 [MQTT Call: paho2145044059066] INFO  c.s.Seminar1.services.MqttService - Gespeichert - Wago750 Status: 2.0
2026-07-10 11:25:20 [MQTT Call: paho2145044059066] INFO  c.s.Seminar1.services.MqttService - Gespeichert - Wago750 Status: 4.0
2026-07-10 11:25:21 [MQTT Call: paho2145044059066] INFO  c.s.Seminar1.services.MqttService - Gespeichert - Wago750 Status: 8.0
2026-07-10 11:25:22 [MQTT Call: paho2145044059066] INFO  c.s.Seminar1.services.MqttService - Gespeichert - Wago750 Status: 16.0
2026-07-10 11:25:23 [MQTT Call: paho2145044059066] INFO  c.s.Seminar1.services.MqttService - Gespeichert - Wago750 Status: 32.0
2026-07-10 11:25:24 [MQTT Call: paho2145044059066] INFO  c.s.Seminar1.services.MqttService - Gespeichert - Wago750 Status: 64.0
2026-07-10 11:25:26 [MQTT Call: paho2145044059066] INFO  c.s.Seminar1.services.MqttService - Gespeichert - Wago750 Status: 128.0
2026-07-10 11:25:26 [MQTT Call: paho2145044059066] INFO  c.s.Seminar1.services.MqttService - Gespeichert - Wago750 Status: 32768.0
2026-07-10 11:25:28 [MQTT Call: paho2145044059066] INFO  c.s.Seminar1.services.MqttService - Gespeichert - Wago750 Status: 16384.0
2026-07-10 11:25:29 [MQTT Call: paho2145044059066] INFO  c.s.Seminar1.services.MqttService - Gespeichert - Wago750 Status: 8192.0
2026-07-10 11:25:29 [MQTT Call: paho2145044059066] INFO  c.s.Seminar1.services.MqttService - Gespeichert - Wago750 Status: 4096.0
2026-07-10 11:25:31 [MQTT Call: paho2145044059066] INFO  c.s.Seminar1.services.MqttService - Gespeichert - Wago750 Status: 2048.0
2026-07-10 11:25:32 [MQTT Call: paho2145044059066] INFO  c.s.Seminar1.services.MqttService - Gespeichert - Wago750 Status: 1024.0
2026-07-10 11:25:32 [MQTT Call: paho2145044059066] INFO  c.s.Seminar1.services.MqttService - Gespeichert - Wago750 Status: 512.0
2026-07-10 11:25:33 [MQTT Call: paho2145044059066] INFO  c.s.Seminar1.services.MqttService - Gespeichert - Wago750 Status: 256.0
2026-07-10 11:25:34 [MQTT Call: paho2145044059066] INFO  c.s.Seminar1.services.MqttService - Gespeichert - Wago750 Status: 1.0
2026-07-10 11:25:35 [MQTT Call: paho2145044059066] INFO  c.s.Seminar1.services.MqttService - Gespeichert - Wago750 Status: 2.0
2026-07-10 11:25:35 [MQTT Call: paho2145044059066] INFO  c.s.Seminar1.services.MqttService - Gespeichert - Temperatur Differenz: 0.49
2026-07-10 11:25:35 [MQTT Call: paho2145044059066] INFO  c.s.Seminar1.services.MqttService - Gespeichert - Temperatur Ist: 28.17
2026-07-10 11:25:36 [MQTT Call: paho2145044059066] INFO  c.s.Seminar1.services.MqttService - Gespeichert - Wago750 Status: 4.0
2026-07-10 11:25:36 [MQTT Call: paho2145044059066] INFO  c.s.Seminar1.services.MqttService - Gespeichert - Temperatur Differenz: 0.89
2026-07-10 11:25:36 [MQTT Call: paho2145044059066] INFO  c.s.Seminar1.services.MqttService - Gespeichert - Temperatur Ist: 28.57
2026-07-10 11:25:37 [MQTT Call: paho2145044059066] INFO  c.s.Seminar1.services.MqttService - Gespeichert - Wago750 Status: 8.0
2026-07-10 11:25:37 [MQTT Call: paho2145044059066] INFO  c.s.Seminar1.services.MqttService - Gespeichert - Temperatur Differenz: 1.05
2026-07-10 11:25:37 [MQTT Call: paho2145044059066] INFO  c.s.Seminar1.services.MqttService - Gespeichert - Temperatur Ist: 28.73
2026-07-10 11:25:38 [MQTT Call: paho2145044059066] INFO  c.s.Seminar1.services.MqttService - Gespeichert - Wago750 Status: 16.0
2026-07-10 11:25:38 [MQTT Call: paho2145044059066] INFO  c.s.Seminar1.services.MqttService - Gespeichert - Temperatur Differenz: 1.54
2026-07-10 11:25:38 [MQTT Call: paho2145044059066] INFO  c.s.Seminar1.services.MqttService - Gespeichert - Temperatur Ist: 29.22
2026-07-10 11:25:40 [MQTT Call: paho2145044059066] INFO  c.s.Seminar1.services.MqttService - Gespeichert - Wago750 Status: 32.0
2026-07-10 11:25:40 [MQTT Call: paho2145044059066] INFO  c.s.Seminar1.services.MqttService - Gespeichert - Temperatur Differenz: 1.87
2026-07-10 11:25:40 [MQTT Call: paho2145044059066] INFO  c.s.Seminar1.services.MqttService - Gespeichert - Temperatur Ist: 29.52
2026-07-10 11:25:40 [MQTT Call: paho2145044059066] INFO  c.s.Seminar1.services.MqttService - Gespeichert - Temperatur Soll: 27.65
2026-07-10 11:25:40 [MQTT Call: paho2145044059066] INFO  c.s.Seminar1.services.MqttService - Gespeichert - Wago750 Status: 64.0
2026-07-10 11:25:40 [MQTT Call: paho2145044059066] INFO  c.s.Seminar1.services.MqttService - Gespeichert - Temperatur Differenz: 1.97
2026-07-10 11:25:40 [MQTT Call: paho2145044059066] INFO  c.s.Seminar1.services.MqttService - Gespeichert - Temperatur Ist: 29.62
2026-07-10 11:25:42 [MQTT Call: paho2145044059066] INFO  c.s.Seminar1.services.MqttService - Gespeichert - Wago750 Status: 128.0
2026-07-10 11:25:42 [MQTT Call: paho2145044059066] INFO  c.s.Seminar1.services.MqttService - Gespeichert - Temperatur Differenz: 2.3
2026-07-10 11:25:42 [MQTT Call: paho2145044059066] INFO  c.s.Seminar1.services.MqttService - Gespeichert - Temperatur Ist: 29.95
2026-07-10 11:25:42 [MQTT Call: paho2145044059066] INFO  c.s.Seminar1.services.MqttService - Gespeichert - Wago750 Status: 32768.0
2026-07-10 11:25:42 [MQTT Call: paho2145044059066] INFO  c.s.Seminar1.services.MqttService - Gespeichert - Temperatur Differenz: 2.38
2026-07-10 11:25:42 [MQTT Call: paho2145044059066] INFO  c.s.Seminar1.services.MqttService - Gespeichert - Temperatur Ist: 30.03
2026-07-10 11:25:43 [MQTT Call: paho2145044059066] INFO  c.s.Seminar1.services.MqttService - Gespeichert - Wago750 Status: 16384.0
2026-07-10 11:25:43 [MQTT Call: paho2145044059066] INFO  c.s.Seminar1.services.MqttService - Gespeichert - Temperatur Differenz: 2.6
2026-07-10 11:25:43 [MQTT Call: paho2145044059066] INFO  c.s.Seminar1.services.MqttService - Gespeichert - Temperatur Ist: 30.25
2026-07-10 11:25:44 [MQTT Call: paho2145044059066] INFO  c.s.Seminar1.services.MqttService - Gespeichert - Wago750 Status: 8192.0
2026-07-10 11:25:44 [MQTT Call: paho2145044059066] INFO  c.s.Seminar1.services.MqttService - Gespeichert - Temperatur Differenz: 2.86
2026-07-10 11:25:44 [MQTT Call: paho2145044059066] INFO  c.s.Seminar1.services.MqttService - Gespeichert - Temperatur Ist: 30.51
2026-07-10 11:25:45 [MQTT Call: paho2145044059066] INFO  c.s.Seminar1.services.MqttService - Gespeichert - Wago750 Status: 4096.0
2026-07-10 11:25:46 [MQTT Call: paho2145044059066] INFO  c.s.Seminar1.services.MqttService - Gespeichert - Temperatur Differenz: 2.91
2026-07-10 11:25:46 [MQTT Call: paho2145044059066] INFO  c.s.Seminar1.services.MqttService - Gespeichert - Temperatur Ist: 30.56
2026-07-10 11:25:46 [MQTT Call: paho2145044059066] INFO  c.s.Seminar1.services.MqttService - Gespeichert - Wago750 Status: 2048.0
2026-07-10 11:25:46 [MQTT Call: paho2145044059066] INFO  c.s.Seminar1.services.MqttService - Gespeichert - Temperatur Differenz: 3.13
2026-07-10 11:25:46 [MQTT Call: paho2145044059066] INFO  c.s.Seminar1.services.MqttService - Gespeichert - Temperatur Ist: 30.78
2026-07-10 11:25:47 [MQTT Call: paho2145044059066] INFO  c.s.Seminar1.services.MqttService - Gespeichert - Wago750 Status: 1024.0
2026-07-10 11:25:47 [MQTT Call: paho2145044059066] INFO  c.s.Seminar1.services.MqttService - Gespeichert - Temperatur Differenz: 3.29
2026-07-10 11:25:47 [MQTT Call: paho2145044059066] INFO  c.s.Seminar1.services.MqttService - Gespeichert - Temperatur Ist: 30.94
2026-07-10 11:25:48 [MQTT Call: paho2145044059066] INFO  c.s.Seminar1.services.MqttService - Gespeichert - Wago750 Status: 512.0
2026-07-10 11:25:48 [MQTT Call: paho2145044059066] INFO  c.s.Seminar1.services.MqttService - Gespeichert - Temperatur Differenz: 3.33
2026-07-10 11:25:48 [MQTT Call: paho2145044059066] INFO  c.s.Seminar1.services.MqttService - Gespeichert - Temperatur Ist: 30.98
2026-07-10 11:25:49 [MQTT Call: paho2145044059066] INFO  c.s.Seminar1.services.MqttService - Gespeichert - Wago750 Status: 256.0
2026-07-10 11:25:49 [MQTT Call: paho2145044059066] INFO  c.s.Seminar1.services.MqttService - Gespeichert - Temperatur Differenz: 3.52
2026-07-10 11:25:49 [MQTT Call: paho2145044059066] INFO  c.s.Seminar1.services.MqttService - Gespeichert - Temperatur Ist: 31.17
2026-07-10 11:25:50 [MQTT Call: paho2145044059066] INFO  c.s.Seminar1.services.MqttService - Gespeichert - Wago750 Status: 1.0
2026-07-10 11:25:50 [MQTT Call: paho2145044059066] INFO  c.s.Seminar1.services.MqttService - Gespeichert - Temperatur Differenz: 3.7
2026-07-10 11:25:50 [MQTT Call: paho2145044059066] INFO  c.s.Seminar1.services.MqttService - Gespeichert - Temperatur Ist: 31.35
2026-07-10 11:25:51 [MQTT Call: paho2145044059066] INFO  c.s.Seminar1.services.MqttService - Gespeichert - Wago750 Status: 2.0
2026-07-10 11:25:51 [MQTT Call: paho2145044059066] INFO  c.s.Seminar1.services.MqttService - Gespeichert - Temperatur Differenz: 3.78
2026-07-10 11:25:51 [MQTT Call: paho2145044059066] INFO  c.s.Seminar1.services.MqttService - Gespeichert - Temperatur Ist: 31.43
2026-07-10 11:25:52 [MQTT Call: paho2145044059066] INFO  c.s.Seminar1.services.MqttService - Gespeichert - Wago750 Status: 4.0
2026-07-10 11:25:52 [MQTT Call: paho2145044059066] INFO  c.s.Seminar1.services.MqttService - Gespeichert - Temperatur Differenz: 4.03
2026-07-10 11:25:52 [MQTT Call: paho2145044059066] INFO  c.s.Seminar1.services.MqttService - Gespeichert - Temperatur Ist: 31.68
2026-07-10 11:25:53 [MQTT Call: paho2145044059066] INFO  c.s.Seminar1.services.MqttService - Gespeichert - Wago750 Status: 8.0
2026-07-10 11:25:53 [MQTT Call: paho2145044059066] INFO  c.s.Seminar1.services.MqttService - Gespeichert - Temperatur Differenz: 4.09
2026-07-10 11:25:53 [MQTT Call: paho2145044059066] INFO  c.s.Seminar1.services.MqttService - Gespeichert - Temperatur Ist: 31.74
2026-07-10 11:25:54 [MQTT Call: paho2145044059066] INFO  c.s.Seminar1.services.MqttService - Gespeichert - Wago750 Status: 16.0
2026-07-10 11:25:54 [MQTT Call: paho2145044059066] INFO  c.s.Seminar1.services.MqttService - Gespeichert - Temperatur Differenz: 4.25
2026-07-10 11:25:54 [MQTT Call: paho2145044059066] INFO  c.s.Seminar1.services.MqttService - Gespeichert - Temperatur Ist: 31.9
2026-07-10 11:25:55 [MQTT Call: paho2145044059066] INFO  c.s.Seminar1.services.MqttService - Gespeichert - Wago750 Status: 32.0
2026-07-10 11:25:55 [MQTT Call: paho2145044059066] INFO  c.s.Seminar1.services.MqttService - Gespeichert - Temperatur Differenz: 4.44
2026-07-10 11:25:55 [MQTT Call: paho2145044059066] INFO  c.s.Seminar1.services.MqttService - Gespeichert - Temperatur Ist: 32.09
2026-07-10 11:25:56 [MQTT Call: paho2145044059066] INFO  c.s.Seminar1.services.MqttService - Gespeichert - Wago750 Status: 64.0
2026-07-10 11:25:56 [MQTT Call: paho2145044059066] INFO  c.s.Seminar1.services.MqttService - Gespeichert - Temperatur Differenz: 4.46
2026-07-10 11:25:56 [MQTT Call: paho2145044059066] INFO  c.s.Seminar1.services.MqttService - Gespeichert - Temperatur Ist: 32.11
2026-07-10 11:25:58 [MQTT Call: paho2145044059066] INFO  c.s.Seminar1.services.MqttService - Gespeichert - Wago750 Status: 128.0
2026-07-10 11:25:58 [MQTT Call: paho2145044059066] INFO  c.s.Seminar1.services.MqttService - Gespeichert - Temperatur Differenz: 4.61
2026-07-10 11:25:58 [MQTT Call: paho2145044059066] INFO  c.s.Seminar1.services.MqttService - Gespeichert - Temperatur Ist: 32.26
2026-07-10 11:25:59 [MQTT Call: paho2145044059066] INFO  c.s.Seminar1.services.MqttService - Gespeichert - Wago750 Status: 32768.0
2026-07-10 11:25:59 [MQTT Call: paho2145044059066] INFO  c.s.Seminar1.services.MqttService - Gespeichert - Temperatur Differenz: 4.71
2026-07-10 11:25:59 [MQTT Call: paho2145044059066] INFO  c.s.Seminar1.services.MqttService - Gespeichert - Temperatur Ist: 32.36
2026-07-10 11:25:59 [MQTT Call: paho2145044059066] INFO  c.s.Seminar1.services.MqttService - Gespeichert - Wago750 Status: 16384.0
2026-07-10 11:25:59 [MQTT Call: paho2145044059066] INFO  c.s.Seminar1.services.MqttService - Gespeichert - Temperatur Differenz: 4.75
2026-07-10 11:25:59 [MQTT Call: paho2145044059066] INFO  c.s.Seminar1.services.MqttService - Gespeichert - Temperatur Ist: 32.4
2026-07-10 11:26:00 [MQTT Call: paho2145044059066] INFO  c.s.Seminar1.services.MqttService - Gespeichert - Wago750 Status: 8192.0
2026-07-10 11:26:00 [MQTT Call: paho2145044059066] INFO  c.s.Seminar1.services.MqttService - Gespeichert - Temperatur Differenz: 4.85
2026-07-10 11:26:00 [MQTT Call: paho2145044059066] INFO  c.s.Seminar1.services.MqttService - Gespeichert - Temperatur Ist: 32.5
2026-07-10 11:26:01 [MQTT Call: paho2145044059066] INFO  c.s.Seminar1.services.MqttService - Gespeichert - Temperatur Soll: 27.63
2026-07-10 11:26:01 [MQTT Call: paho2145044059066] INFO  c.s.Seminar1.services.MqttService - Gespeichert - Wago750 Status: 4096.0
2026-07-10 11:26:01 [MQTT Call: paho2145044059066] INFO  c.s.Seminar1.services.MqttService - Gespeichert - Temperatur Differenz: 4.89
2026-07-10 11:26:01 [MQTT Call: paho2145044059066] INFO  c.s.Seminar1.services.MqttService - Gespeichert - Temperatur Ist: 32.52
2026-07-10 11:26:02 [MQTT Call: paho2145044059066] INFO  c.s.Seminar1.services.MqttService - Gespeichert - Wago750 Status: 2048.0
2026-07-10 11:26:03 [MQTT Call: paho2145044059066] INFO  c.s.Seminar1.services.MqttService - Gespeichert - Temperatur Soll: 27.65
2026-07-10 11:26:03 [MQTT Call: paho2145044059066] INFO  c.s.Seminar1.services.MqttService - Gespeichert - Wago750 Status: 1024.0
2026-07-10 11:26:03 [MQTT Call: paho2145044059066] INFO  c.s.Seminar1.services.MqttService - Gespeichert - Temperatur Differenz: 4.87
2026-07-10 11:26:04 [MQTT Call: paho2145044059066] INFO  c.s.Seminar1.services.MqttService - Gespeichert - Temperatur Soll: 27.63
2026-07-10 11:26:04 [MQTT Call: paho2145044059066] INFO  c.s.Seminar1.services.MqttService - Gespeichert - Wago750 Status: 512.0
2026-07-10 11:26:04 [MQTT Call: paho2145044059066] INFO  c.s.Seminar1.services.MqttService - Gespeichert - Temperatur Ist: 32.5
2026-07-10 11:26:06 [MQTT Call: paho2145044059066] INFO  c.s.Seminar1.services.MqttService - Gespeichert - Wago750 Status: 256.0
2026-07-10 11:26:07 [MQTT Call: paho2145044059066] INFO  c.s.Seminar1.services.MqttService - Gespeichert - Wago750 Status: 1.0
2026-07-10 11:26:07 [MQTT Call: paho2145044059066] INFO  c.s.Seminar1.services.MqttService - Gespeichert - Temperatur Differenz: 4.84
2026-07-10 11:26:07 [MQTT Call: paho2145044059066] INFO  c.s.Seminar1.services.MqttService - Gespeichert - Temperatur Ist: 32.47
2026-07-10 11:26:07 [MQTT Call: paho2145044059066] INFO  c.s.Seminar1.services.MqttService - Gespeichert - Wago750 Status: 2.0
2026-07-10 11:26:09 [MQTT Call: paho2145044059066] INFO  c.s.Seminar1.services.MqttService - Gespeichert - Wago750 Status: 4.0
2026-07-10 11:26:09 [MQTT Call: paho2145044059066] INFO  c.s.Seminar1.services.MqttService - Gespeichert - Temperatur Differenz: 4.83
2026-07-10 11:26:09 [MQTT Call: paho2145044059066] INFO  c.s.Seminar1.services.MqttService - Gespeichert - Temperatur Ist: 32.46
2026-07-10 11:26:09 [MQTT Call: paho2145044059066] INFO  c.s.Seminar1.services.MqttService - Gespeichert - Wago750 Status: 8.0
2026-07-10 11:26:09 [MQTT Call: paho2145044059066] INFO  c.s.Seminar1.services.MqttService - Gespeichert - Temperatur Differenz: 4.8
2026-07-10 11:26:09 [MQTT Call: paho2145044059066] INFO  c.s.Seminar1.services.MqttService - Gespeichert - Temperatur Ist: 32.43
2026-07-10 11:26:10 [MQTT Call: paho2145044059066] INFO  c.s.Seminar1.services.MqttService - Gespeichert - Wago750 Status: 16.0
2026-07-10 11:26:11 [MQTT Call: paho2145044059066] INFO  c.s.Seminar1.services.MqttService - Gespeichert - Wago750 Status: 32.0
2026-07-10 11:26:11 [MQTT Call: paho2145044059066] INFO  c.s.Seminar1.services.MqttService - Gespeichert - Temperatur Differenz: 4.79
2026-07-10 11:26:11 [MQTT Call: paho2145044059066] INFO  c.s.Seminar1.services.MqttService - Gespeichert - Temperatur Ist: 32.42
2026-07-10 11:26:12 [MQTT Call: paho2145044059066] INFO  c.s.Seminar1.services.MqttService - Gespeichert - Wago750 Status: 64.0
2026-07-10 11:26:12 [MQTT Call: paho2145044059066] INFO  c.s.Seminar1.services.MqttService - Gespeichert - Temperatur Differenz: 4.77
2026-07-10 11:26:12 [MQTT Call: paho2145044059066] INFO  c.s.Seminar1.services.MqttService - Gespeichert - Temperatur Ist: 32.4
2026-07-10 11:26:13 [MQTT Call: paho2145044059066] INFO  c.s.Seminar1.services.MqttService - Gespeichert - Wago750 Status: 128.0
2026-07-10 11:26:15 [MQTT Call: paho2145044059066] INFO  c.s.Seminar1.services.MqttService - Gespeichert - Wago750 Status: 32768.0
2026-07-10 11:26:15 [MQTT Call: paho2145044059066] INFO  c.s.Seminar1.services.MqttService - Gespeichert - Temperatur Differenz: 4.74
2026-07-10 11:26:15 [MQTT Call: paho2145044059066] INFO  c.s.Seminar1.services.MqttService - Gespeichert - Temperatur Ist: 32.37
2026-07-10 11:26:17 [MQTT Call: paho2145044059066] INFO  c.s.Seminar1.services.MqttService - Gespeichert - Wago750 Status: 8192.0
2026-07-10 11:26:17 [MQTT Call: paho2145044059066] INFO  c.s.Seminar1.services.MqttService - Gespeichert - Temperatur Differenz: 4.73
2026-07-10 11:26:17 [MQTT Call: paho2145044059066] INFO  c.s.Seminar1.services.MqttService - Gespeichert - Temperatur Ist: 32.36
2026-07-10 11:26:17 [MQTT Call: paho2145044059066] INFO  c.s.Seminar1.services.MqttService - Gespeichert - Wago750 Status: 4096.0
2026-07-10 11:26:17 [MQTT Call: paho2145044059066] INFO  c.s.Seminar1.services.MqttService - Gespeichert - Temperatur Differenz: 4.71
2026-07-10 11:26:17 [MQTT Call: paho2145044059066] INFO  c.s.Seminar1.services.MqttService - Gespeichert - Temperatur Ist: 32.34
2026-07-10 11:26:18 [MQTT Call: paho2145044059066] INFO  c.s.Seminar1.services.MqttService - Gespeichert - Wago750 Status: 2048.0
2026-07-10 11:26:18 [http-nio-80-exec-5] INFO  c.s.Seminar1.services.MqttService - MQTT-Nachricht gesendet -> Topic: 'Wago750/Control', Payload: '1'
2026-07-10 11:26:18 [http-nio-80-exec-5] INFO  c.s.S.controller.WagoController - POST /wago/control - Steuerbefehl empfangen: 1
2026-07-10 11:26:19 [MQTT Call: paho2145044059066] INFO  c.s.Seminar1.services.MqttService - Gespeichert - Wago750 Control: 1
2026-07-10 11:26:19 [MQTT Call: paho2145044059066] INFO  c.s.Seminar1.services.MqttService - Gespeichert - Wago750 Status: 255.0
2026-07-10 11:26:19 [MQTT Call: paho2145044059066] INFO  c.s.Seminar1.services.MqttService - Gespeichert - Temperatur Differenz: 4.69
2026-07-10 11:26:19 [MQTT Call: paho2145044059066] INFO  c.s.Seminar1.services.MqttService - Gespeichert - Temperatur Ist: 32.32
2026-07-10 11:26:20 [MQTT Call: paho2145044059066] INFO  c.s.Seminar1.services.MqttService - Gespeichert - Wago750 Status: 65280.0
2026-07-10 11:26:20 [MQTT Call: paho2145044059066] INFO  c.s.Seminar1.services.MqttService - Gespeichert - Temperatur Differenz: 4.67
2026-07-10 11:26:20 [MQTT Call: paho2145044059066] INFO  c.s.Seminar1.services.MqttService - Gespeichert - Temperatur Ist: 32.3
2026-07-10 11:26:22 [MQTT Call: paho2145044059066] INFO  c.s.Seminar1.services.MqttService - Gespeichert - Wago750 Status: 255.0
2026-07-10 11:26:22 [MQTT Call: paho2145044059066] INFO  c.s.Seminar1.services.MqttService - Gespeichert - Temperatur Differenz: 4.64
2026-07-10 11:26:22 [MQTT Call: paho2145044059066] INFO  c.s.Seminar1.services.MqttService - Gespeichert - Temperatur Ist: 32.27
2026-07-10 11:26:23 [MQTT Call: paho2145044059066] INFO  c.s.Seminar1.services.MqttService - Gespeichert - Wago750 Status: 65280.0
2026-07-10 11:26:23 [MQTT Call: paho2145044059066] INFO  c.s.Seminar1.services.MqttService - Gespeichert - Temperatur Differenz: 4.63
2026-07-10 11:26:23 [MQTT Call: paho2145044059066] INFO  c.s.Seminar1.services.MqttService - Gespeichert - Temperatur Ist: 32.26
2026-07-10 11:26:23 [MQTT Call: paho2145044059066] INFO  c.s.Seminar1.services.MqttService - Gespeichert - Wago750 Status: 255.0
2026-07-10 11:26:23 [MQTT Call: paho2145044059066] INFO  c.s.Seminar1.services.MqttService - Gespeichert - Temperatur Differenz: 4.61
2026-07-10 11:26:23 [MQTT Call: paho2145044059066] INFO  c.s.Seminar1.services.MqttService - Gespeichert - Temperatur Ist: 32.24
2026-07-10 11:26:24 [MQTT Call: paho2145044059066] INFO  c.s.Seminar1.services.MqttService - Gespeichert - Wago750 Status: 65280.0
2026-07-10 11:26:25 [MQTT Call: paho2145044059066] INFO  c.s.Seminar1.services.MqttService - Gespeichert - Wago750 Status: 255.0
2026-07-10 11:26:25 [MQTT Call: paho2145044059066] INFO  c.s.Seminar1.services.MqttService - Gespeichert - Temperatur Differenz: 4.59
2026-07-10 11:26:25 [MQTT Call: paho2145044059066] INFO  c.s.Seminar1.services.MqttService - Gespeichert - Temperatur Ist: 32.22
2026-07-10 11:26:26 [MQTT Call: paho2145044059066] INFO  c.s.Seminar1.services.MqttService - Gespeichert - Wago750 Status: 65280.0
2026-07-10 11:26:26 [MQTT Call: paho2145044059066] INFO  c.s.Seminar1.services.MqttService - Gespeichert - Temperatur Differenz: 4.57
2026-07-10 11:26:26 [MQTT Call: paho2145044059066] INFO  c.s.Seminar1.services.MqttService - Gespeichert - Temperatur Ist: 32.2
2026-07-10 11:26:27 [MQTT Call: paho2145044059066] INFO  c.s.Seminar1.services.MqttService - Gespeichert - Wago750 Status: 255.0
2026-07-10 11:26:28 [MQTT Call: paho2145044059066] INFO  c.s.Seminar1.services.MqttService - Gespeichert - Wago750 Status: 65280.0
2026-07-10 11:26:28 [MQTT Call: paho2145044059066] INFO  c.s.Seminar1.services.MqttService - Gespeichert - Temperatur Differenz: 4.56
2026-07-10 11:26:28 [MQTT Call: paho2145044059066] INFO  c.s.Seminar1.services.MqttService - Gespeichert - Temperatur Ist: 32.19
2026-07-10 11:26:30 [MQTT Call: paho2145044059066] INFO  c.s.Seminar1.services.MqttService - Gespeichert - Wago750 Status: 255.0
2026-07-10 11:26:30 [MQTT Call: paho2145044059066] INFO  c.s.Seminar1.services.MqttService - Gespeichert - Temperatur Differenz: 4.53
2026-07-10 11:26:30 [MQTT Call: paho2145044059066] INFO  c.s.Seminar1.services.MqttService - Gespeichert - Temperatur Ist: 32.16
2026-07-10 11:26:31 [MQTT Call: paho2145044059066] INFO  c.s.Seminar1.services.MqttService - Gespeichert - Wago750 Status: 65280.0
2026-07-10 11:26:32 [MQTT Call: paho2145044059066] INFO  c.s.Seminar1.services.MqttService - Gespeichert - Wago750 Status: 255.0
2026-07-10 11:26:32 [MQTT Call: paho2145044059066] INFO  c.s.Seminar1.services.MqttService - Gespeichert - Temperatur Differenz: 4.51
2026-07-10 11:26:32 [MQTT Call: paho2145044059066] INFO  c.s.Seminar1.services.MqttService - Gespeichert - Temperatur Ist: 32.14
2026-07-10 11:26:33 [MQTT Call: paho2145044059066] INFO  c.s.Seminar1.services.MqttService - Gespeichert - Wago750 Status: 65280.0
2026-07-10 11:26:33 [MQTT Call: paho2145044059066] INFO  c.s.Seminar1.services.MqttService - Gespeichert - Temperatur Differenz: 4.48
2026-07-10 11:26:33 [MQTT Call: paho2145044059066] INFO  c.s.Seminar1.services.MqttService - Gespeichert - Temperatur Ist: 32.11
2026-07-10 11:26:33 [MQTT Call: paho2145044059066] INFO  c.s.Seminar1.services.MqttService - Gespeichert - Wago750 Status: 255.0
2026-07-10 11:26:33 [MQTT Call: paho2145044059066] INFO  c.s.Seminar1.services.MqttService - Gespeichert - Temperatur Differenz: 4.47
2026-07-10 11:26:33 [MQTT Call: paho2145044059066] INFO  c.s.Seminar1.services.MqttService - Gespeichert - Temperatur Ist: 32.1
2026-07-10 11:26:34 [MQTT Call: paho2145044059066] INFO  c.s.Seminar1.services.MqttService - Gespeichert - Wago750 Status: 65280.0
2026-07-10 11:26:35 [MQTT Call: paho2145044059066] INFO  c.s.Seminar1.services.MqttService - Gespeichert - Wago750 Status: 255.0
2026-07-10 11:26:35 [MQTT Call: paho2145044059066] INFO  c.s.Seminar1.services.MqttService - Gespeichert - Temperatur Differenz: 4.46
2026-07-10 11:26:35 [MQTT Call: paho2145044059066] INFO  c.s.Seminar1.services.MqttService - Gespeichert - Temperatur Ist: 32.09
2026-07-10 11:26:36 [MQTT Call: paho2145044059066] INFO  c.s.Seminar1.services.MqttService - Gespeichert - Wago750 Status: 65280.0
2026-07-10 11:26:36 [MQTT Call: paho2145044059066] INFO  c.s.Seminar1.services.MqttService - Gespeichert - Temperatur Differenz: 4.43
2026-07-10 11:26:36 [MQTT Call: paho2145044059066] INFO  c.s.Seminar1.services.MqttService - Gespeichert - Temperatur Ist: 32.06
2026-07-10 11:26:37 [MQTT Call: paho2145044059066] INFO  c.s.Seminar1.services.MqttService - Gespeichert - Wago750 Status: 255.0
2026-07-10 11:26:38 [MQTT Call: paho2145044059066] INFO  c.s.Seminar1.services.MqttService - Gespeichert - Wago750 Status: 65280.0
2026-07-10 11:26:38 [MQTT Call: paho2145044059066] INFO  c.s.Seminar1.services.MqttService - Gespeichert - Temperatur Differenz: 4.41
2026-07-10 11:26:38 [MQTT Call: paho2145044059066] INFO  c.s.Seminar1.services.MqttService - Gespeichert - Temperatur Ist: 32.04
2026-07-10 11:26:40 [MQTT Call: paho2145044059066] INFO  c.s.Seminar1.services.MqttService - Gespeichert - Wago750 Status: 255.0
2026-07-10 11:26:41 [MQTT Call: paho2145044059066] INFO  c.s.Seminar1.services.MqttService - Gespeichert - Wago750 Status: 65280.0
2026-07-10 11:26:41 [MQTT Call: paho2145044059066] INFO  c.s.Seminar1.services.MqttService - Gespeichert - Temperatur Differenz: 4.4
2026-07-10 11:26:41 [MQTT Call: paho2145044059066] INFO  c.s.Seminar1.services.MqttService - Gespeichert - Temperatur Ist: 32.03
2026-07-10 11:26:41 [MQTT Call: paho2145044059066] INFO  c.s.Seminar1.services.MqttService - Gespeichert - Wago750 Status: 255.0
2026-07-10 11:26:42 [MQTT Call: paho2145044059066] INFO  c.s.Seminar1.services.MqttService - Gespeichert - Wago750 Status: 65280.0
2026-07-10 11:26:42 [MQTT Call: paho2145044059066] INFO  c.s.Seminar1.services.MqttService - Gespeichert - Temperatur Differenz: 4.37
2026-07-10 11:26:42 [MQTT Call: paho2145044059066] INFO  c.s.Seminar1.services.MqttService - Gespeichert - Temperatur Ist: 32.0
2026-07-10 11:26:43 [MQTT Call: paho2145044059066] INFO  c.s.Seminar1.services.MqttService - Gespeichert - Wago750 Status: 255.0
2026-07-10 11:26:43 [MQTT Call: paho2145044059066] INFO  c.s.Seminar1.services.MqttService - Gespeichert - Temperatur Differenz: 4.36
2026-07-10 11:26:43 [MQTT Call: paho2145044059066] INFO  c.s.Seminar1.services.MqttService - Gespeichert - Temperatur Ist: 31.99
2026-07-10 11:26:44 [MQTT Call: paho2145044059066] INFO  c.s.Seminar1.services.MqttService - Gespeichert - Wago750 Status: 65280.0
2026-07-10 11:26:45 [MQTT Call: paho2145044059066] INFO  c.s.Seminar1.services.MqttService - Gespeichert - Wago750 Status: 255.0
2026-07-10 11:26:45 [MQTT Call: paho2145044059066] INFO  c.s.Seminar1.services.MqttService - Gespeichert - Temperatur Differenz: 4.33
2026-07-10 11:26:45 [MQTT Call: paho2145044059066] INFO  c.s.Seminar1.services.MqttService - Gespeichert - Temperatur Ist: 31.96
2026-07-10 11:26:46 [MQTT Call: paho2145044059066] INFO  c.s.Seminar1.services.MqttService - Gespeichert - Wago750 Status: 65280.0
2026-07-10 11:26:46 [MQTT Call: paho2145044059066] INFO  c.s.Seminar1.services.MqttService - Gespeichert - Temperatur Differenz: 4.31
2026-07-10 11:26:46 [MQTT Call: paho2145044059066] INFO  c.s.Seminar1.services.MqttService - Gespeichert - Temperatur Ist: 31.94
2026-07-10 11:26:47 [MQTT Call: paho2145044059066] INFO  c.s.Seminar1.services.MqttService - Gespeichert - Wago750 Status: 255.0
2026-07-10 11:26:47 [MQTT Call: paho2145044059066] INFO  c.s.Seminar1.services.MqttService - Gespeichert - Temperatur Differenz: 4.3
2026-07-10 11:26:47 [MQTT Call: paho2145044059066] INFO  c.s.Seminar1.services.MqttService - Gespeichert - Temperatur Ist: 31.93
2026-07-10 11:26:48 [MQTT Call: paho2145044059066] INFO  c.s.Seminar1.services.MqttService - Gespeichert - Wago750 Status: 65280.0
2026-07-10 11:26:49 [MQTT Call: paho2145044059066] INFO  c.s.Seminar1.services.MqttService - Gespeichert - Wago750 Status: 255.0
2026-07-10 11:26:50 [MQTT Call: paho2145044059066] INFO  c.s.Seminar1.services.MqttService - Gespeichert - Wago750 Status: 65280.0
2026-07-10 11:26:50 [MQTT Call: paho2145044059066] INFO  c.s.Seminar1.services.MqttService - Gespeichert - Temperatur Differenz: 4.27
2026-07-10 11:26:50 [MQTT Call: paho2145044059066] INFO  c.s.Seminar1.services.MqttService - Gespeichert - Temperatur Ist: 31.9
2026-07-10 11:26:51 [MQTT Call: paho2145044059066] INFO  c.s.Seminar1.services.MqttService - Gespeichert - Wago750 Status: 255.0
2026-07-10 11:26:51 [MQTT Call: paho2145044059066] INFO  c.s.Seminar1.services.MqttService - Gespeichert - Temperatur Differenz: 4.26
2026-07-10 11:26:51 [MQTT Call: paho2145044059066] INFO  c.s.Seminar1.services.MqttService - Gespeichert - Temperatur Ist: 31.89
2026-07-10 11:26:52 [MQTT Call: paho2145044059066] INFO  c.s.Seminar1.services.MqttService - Gespeichert - Wago750 Status: 65280.0
2026-07-10 11:26:53 [MQTT Call: paho2145044059066] INFO  c.s.Seminar1.services.MqttService - Gespeichert - Wago750 Status: 255.0
2026-07-10 11:26:53 [MQTT Call: paho2145044059066] INFO  c.s.Seminar1.services.MqttService - Gespeichert - Temperatur Differenz: 4.24
2026-07-10 11:26:53 [MQTT Call: paho2145044059066] INFO  c.s.Seminar1.services.MqttService - Gespeichert - Temperatur Ist: 31.87
2026-07-10 11:26:55 [MQTT Call: paho2145044059066] INFO  c.s.Seminar1.services.MqttService - Gespeichert - Wago750 Status: 65280.0
2026-07-10 11:26:55 [MQTT Call: paho2145044059066] INFO  c.s.Seminar1.services.MqttService - Gespeichert - Temperatur Differenz: 4.21
2026-07-10 11:26:55 [MQTT Call: paho2145044059066] INFO  c.s.Seminar1.services.MqttService - Gespeichert - Temperatur Ist: 31.84
2026-07-10 11:26:56 [MQTT Call: paho2145044059066] INFO  c.s.Seminar1.services.MqttService - Gespeichert - Wago750 Status: 255.0
2026-07-10 11:26:56 [MQTT Call: paho2145044059066] INFO  c.s.Seminar1.services.MqttService - Gespeichert - Wago750 Status: 65280.0
2026-07-10 11:26:56 [MQTT Call: paho2145044059066] INFO  c.s.Seminar1.services.MqttService - Gespeichert - Temperatur Differenz: 4.2
2026-07-10 11:26:56 [MQTT Call: paho2145044059066] INFO  c.s.Seminar1.services.MqttService - Gespeichert - Temperatur Ist: 31.83
2026-07-10 11:26:58 [MQTT Call: paho2145044059066] INFO  c.s.Seminar1.services.MqttService - Gespeichert - Wago750 Status: 255.0
2026-07-10 11:26:58 [MQTT Call: paho2145044059066] INFO  c.s.Seminar1.services.MqttService - Gespeichert - Temperatur Differenz: 4.17
2026-07-10 11:26:58 [MQTT Call: paho2145044059066] INFO  c.s.Seminar1.services.MqttService - Gespeichert - Temperatur Ist: 31.8
2026-07-10 11:26:58 [MQTT Call: paho2145044059066] INFO  c.s.Seminar1.services.MqttService - Gespeichert - Wago750 Status: 65280.0
2026-07-10 11:26:59 [MQTT Call: paho2145044059066] INFO  c.s.Seminar1.services.MqttService - Gespeichert - Wago750 Status: 255.0
2026-07-10 11:26:59 [MQTT Call: paho2145044059066] INFO  c.s.Seminar1.services.MqttService - Gespeichert - Temperatur Differenz: 4.15
2026-07-10 11:26:59 [MQTT Call: paho2145044059066] INFO  c.s.Seminar1.services.MqttService - Gespeichert - Temperatur Ist: 31.78
2026-07-10 11:27:00 [MQTT Call: paho2145044059066] INFO  c.s.Seminar1.services.MqttService - Gespeichert - Wago750 Status: 65280.0
2026-07-10 11:27:02 [MQTT Call: paho2145044059066] INFO  c.s.Seminar1.services.MqttService - Gespeichert - Wago750 Status: 255.0
2026-07-10 11:27:02 [MQTT Call: paho2145044059066] INFO  c.s.Seminar1.services.MqttService - Gespeichert - Temperatur Differenz: 4.14
2026-07-10 11:27:02 [MQTT Call: paho2145044059066] INFO  c.s.Seminar1.services.MqttService - Gespeichert - Temperatur Ist: 31.77
2026-07-10 11:27:03 [MQTT Call: paho2145044059066] INFO  c.s.Seminar1.services.MqttService - Gespeichert - Wago750 Status: 65280.0
2026-07-10 11:27:03 [MQTT Call: paho2145044059066] INFO  c.s.Seminar1.services.MqttService - Gespeichert - Temperatur Differenz: 4.11
2026-07-10 11:27:03 [MQTT Call: paho2145044059066] INFO  c.s.Seminar1.services.MqttService - Gespeichert - Temperatur Ist: 31.74
2026-07-10 11:27:03 [MQTT Call: paho2145044059066] INFO  c.s.Seminar1.services.MqttService - Gespeichert - Wago750 Status: 255.0
2026-07-10 11:27:04 [MQTT Call: paho2145044059066] INFO  c.s.Seminar1.services.MqttService - Gespeichert - Wago750 Status: 65280.0
2026-07-10 11:27:04 [MQTT Call: paho2145044059066] INFO  c.s.Seminar1.services.MqttService - Gespeichert - Temperatur Differenz: 4.1
2026-07-10 11:27:04 [MQTT Call: paho2145044059066] INFO  c.s.Seminar1.services.MqttService - Gespeichert - Temperatur Ist: 31.73
2026-07-10 11:27:05 [MQTT Call: paho2145044059066] INFO  c.s.Seminar1.services.MqttService - Gespeichert - Wago750 Status: 255.0
2026-07-10 11:27:06 [MQTT Call: paho2145044059066] INFO  c.s.Seminar1.services.MqttService - Gespeichert - Wago750 Status: 65280.0
2026-07-10 11:27:06 [MQTT Call: paho2145044059066] INFO  c.s.Seminar1.services.MqttService - Gespeichert - Temperatur Differenz: 4.08
2026-07-10 11:27:06 [MQTT Call: paho2145044059066] INFO  c.s.Seminar1.services.MqttService - Gespeichert - Temperatur Ist: 31.71
2026-07-10 11:27:07 [MQTT Call: paho2145044059066] INFO  c.s.Seminar1.services.MqttService - Gespeichert - Wago750 Status: 255.0
2026-07-10 11:27:07 [MQTT Call: paho2145044059066] INFO  c.s.Seminar1.services.MqttService - Gespeichert - Temperatur Differenz: 4.05
2026-07-10 11:27:07 [MQTT Call: paho2145044059066] INFO  c.s.Seminar1.services.MqttService - Gespeichert - Temperatur Ist: 31.68
2026-07-10 11:27:08 [MQTT Call: paho2145044059066] INFO  c.s.Seminar1.services.MqttService - Gespeichert - Wago750 Status: 65280.0
2026-07-10 11:27:09 [MQTT Call: paho2145044059066] INFO  c.s.Seminar1.services.MqttService - Gespeichert - Wago750 Status: 255.0
2026-07-10 11:27:09 [MQTT Call: paho2145044059066] INFO  c.s.Seminar1.services.MqttService - Gespeichert - Temperatur Differenz: 4.04
2026-07-10 11:27:09 [MQTT Call: paho2145044059066] INFO  c.s.Seminar1.services.MqttService - Gespeichert - Temperatur Ist: 31.67
2026-07-10 11:27:10 [MQTT Call: paho2145044059066] INFO  c.s.Seminar1.services.MqttService - Gespeichert - Wago750 Status: 65280.0
2026-07-10 11:27:10 [MQTT Call: paho2145044059066] INFO  c.s.Seminar1.services.MqttService - Gespeichert - Temperatur Differenz: 4.01
2026-07-10 11:27:10 [MQTT Call: paho2145044059066] INFO  c.s.Seminar1.services.MqttService - Gespeichert - Temperatur Ist: 31.64
2026-07-10 11:27:12 [MQTT Call: paho2145044059066] INFO  c.s.Seminar1.services.MqttService - Gespeichert - Wago750 Status: 255.0
2026-07-10 11:27:12 [MQTT Call: paho2145044059066] INFO  c.s.Seminar1.services.MqttService - Gespeichert - Wago750 Status: 65280.0
2026-07-10 11:27:12 [MQTT Call: paho2145044059066] INFO  c.s.Seminar1.services.MqttService - Gespeichert - Temperatur Differenz: 4.0
2026-07-10 11:27:12 [MQTT Call: paho2145044059066] INFO  c.s.Seminar1.services.MqttService - Gespeichert - Temperatur Ist: 31.63
2026-07-10 11:27:13 [MQTT Call: paho2145044059066] INFO  c.s.Seminar1.services.MqttService - Gespeichert - Wago750 Status: 255.0
2026-07-10 11:27:14 [MQTT Call: paho2145044059066] INFO  c.s.Seminar1.services.MqttService - Gespeichert - Wago750 Status: 65280.0
2026-07-10 11:27:14 [MQTT Call: paho2145044059066] INFO  c.s.Seminar1.services.MqttService - Gespeichert - Temperatur Differenz: 3.98
2026-07-10 11:27:14 [MQTT Call: paho2145044059066] INFO  c.s.Seminar1.services.MqttService - Gespeichert - Temperatur Ist: 31.61
2026-07-10 11:27:15 [MQTT Call: paho2145044059066] INFO  c.s.Seminar1.services.MqttService - Gespeichert - Wago750 Status: 255.0
2026-07-10 11:27:16 [MQTT Call: paho2145044059066] INFO  c.s.Seminar1.services.MqttService - Gespeichert - Wago750 Status: 65280.0
2026-07-10 11:27:18 [MQTT Call: paho2145044059066] INFO  c.s.Seminar1.services.MqttService - Gespeichert - Wago750 Status: 255.0
2026-07-10 11:27:18 [MQTT Call: paho2145044059066] INFO  c.s.Seminar1.services.MqttService - Gespeichert - Temperatur Differenz: 3.95
2026-07-10 11:27:18 [MQTT Call: paho2145044059066] INFO  c.s.Seminar1.services.MqttService - Gespeichert - Temperatur Ist: 31.58
2026-07-10 11:27:19 [MQTT Call: paho2145044059066] INFO  c.s.Seminar1.services.MqttService - Gespeichert - Wago750 Status: 65280.0
2026-07-10 11:27:19 [MQTT Call: paho2145044059066] INFO  c.s.Seminar1.services.MqttService - Gespeichert - Temperatur Differenz: 3.94
2026-07-10 11:27:19 [MQTT Call: paho2145044059066] INFO  c.s.Seminar1.services.MqttService - Gespeichert - Temperatur Ist: 31.57
2026-07-10 11:27:20 [MQTT Call: paho2145044059066] INFO  c.s.Seminar1.services.MqttService - Gespeichert - Temperatur Differenz: 3.93
2026-07-10 11:27:20 [MQTT Call: paho2145044059066] INFO  c.s.Seminar1.services.MqttService - Gespeichert - Temperatur Ist: 31.56
2026-07-10 11:27:21 [MQTT Call: paho2145044059066] INFO  c.s.Seminar1.services.MqttService - Gespeichert - Wago750 Status: 255.0
2026-07-10 11:27:22 [MQTT Call: paho2145044059066] INFO  c.s.Seminar1.services.MqttService - Gespeichert - Temperatur Differenz: 3.9
2026-07-10 11:27:22 [MQTT Call: paho2145044059066] INFO  c.s.Seminar1.services.MqttService - Gespeichert - Temperatur Ist: 31.53
2026-07-10 11:27:22 [MQTT Call: paho2145044059066] INFO  c.s.Seminar1.services.MqttService - Gespeichert - Wago750 Status: 65280.0
2026-07-10 11:27:23 [MQTT Call: paho2145044059066] INFO  c.s.Seminar1.services.MqttService - Gespeichert - Wago750 Status: 255.0
2026-07-10 11:27:23 [MQTT Call: paho2145044059066] INFO  c.s.Seminar1.services.MqttService - Gespeichert - Temperatur Differenz: 3.88
2026-07-10 11:27:23 [MQTT Call: paho2145044059066] INFO  c.s.Seminar1.services.MqttService - Gespeichert - Temperatur Ist: 31.51
2026-07-10 11:27:24 [MQTT Call: paho2145044059066] INFO  c.s.Seminar1.services.MqttService - Gespeichert - Wago750 Status: 65280.0
2026-07-10 11:27:25 [MQTT Call: paho2145044059066] INFO  c.s.Seminar1.services.MqttService - Gespeichert - Wago750 Status: 255.0
2026-07-10 11:27:26 [MQTT Call: paho2145044059066] INFO  c.s.Seminar1.services.MqttService - Gespeichert - Temperatur Differenz: 3.85
2026-07-10 11:27:26 [MQTT Call: paho2145044059066] INFO  c.s.Seminar1.services.MqttService - Gespeichert - Temperatur Ist: 31.48
2026-07-10 11:27:26 [MQTT Call: paho2145044059066] INFO  c.s.Seminar1.services.MqttService - Gespeichert - Wago750 Status: 65280.0
2026-07-10 11:27:27 [MQTT Call: paho2145044059066] INFO  c.s.Seminar1.services.MqttService - Gespeichert - Wago750 Status: 255.0
2026-07-10 11:27:27 [MQTT Call: paho2145044059066] INFO  c.s.Seminar1.services.MqttService - Gespeichert - Temperatur Differenz: 3.84
2026-07-10 11:27:27 [MQTT Call: paho2145044059066] INFO  c.s.Seminar1.services.MqttService - Gespeichert - Temperatur Ist: 31.47
2026-07-10 11:27:28 [MQTT Call: paho2145044059066] INFO  c.s.Seminar1.services.MqttService - Gespeichert - Wago750 Status: 65280.0
2026-07-10 11:27:29 [MQTT Call: paho2145044059066] INFO  c.s.Seminar1.services.MqttService - Gespeichert - Wago750 Status: 255.0
2026-07-10 11:27:29 [MQTT Call: paho2145044059066] INFO  c.s.Seminar1.services.MqttService - Gespeichert - Temperatur Differenz: 3.82
2026-07-10 11:27:29 [MQTT Call: paho2145044059066] INFO  c.s.Seminar1.services.MqttService - Gespeichert - Temperatur Ist: 31.45
2026-07-10 11:27:30 [MQTT Call: paho2145044059066] INFO  c.s.Seminar1.services.MqttService - Gespeichert - Wago750 Status: 65280.0
2026-07-10 11:27:31 [MQTT Call: paho2145044059066] INFO  c.s.Seminar1.services.MqttService - Gespeichert - Wago750 Status: 255.0
2026-07-10 11:27:31 [MQTT Call: paho2145044059066] INFO  c.s.Seminar1.services.MqttService - Gespeichert - Temperatur Differenz: 3.8
2026-07-10 11:27:31 [MQTT Call: paho2145044059066] INFO  c.s.Seminar1.services.MqttService - Gespeichert - Temperatur Ist: 31.43
2026-07-10 11:27:32 [MQTT Call: paho2145044059066] INFO  c.s.Seminar1.services.MqttService - Gespeichert - Wago750 Status: 65280.0
2026-07-10 11:27:32 [MQTT Call: paho2145044059066] INFO  c.s.Seminar1.services.MqttService - Gespeichert - Temperatur Differenz: 3.78
2026-07-10 11:27:32 [MQTT Call: paho2145044059066] INFO  c.s.Seminar1.services.MqttService - Gespeichert - Temperatur Ist: 31.41
2026-07-10 11:27:33 [MQTT Call: paho2145044059066] INFO  c.s.Seminar1.services.MqttService - Gespeichert - Wago750 Status: 255.0
2026-07-10 11:27:34 [MQTT Call: paho2145044059066] INFO  c.s.Seminar1.services.MqttService - Gespeichert - Temperatur Differenz: 3.77
2026-07-10 11:27:34 [MQTT Call: paho2145044059066] INFO  c.s.Seminar1.services.MqttService - Gespeichert - Temperatur Ist: 31.4
2026-07-10 11:27:36 [MQTT Call: paho2145044059066] INFO  c.s.Seminar1.services.MqttService - Gespeichert - Wago750 Status: 65280.0
2026-07-10 11:27:36 [MQTT Call: paho2145044059066] INFO  c.s.Seminar1.services.MqttService - Gespeichert - Wago750 Status: 255.0
2026-07-10 11:27:37 [MQTT Call: paho2145044059066] INFO  c.s.Seminar1.services.MqttService - Gespeichert - Wago750 Status: 65280.0
2026-07-10 11:27:37 [MQTT Call: paho2145044059066] INFO  c.s.Seminar1.services.MqttService - Gespeichert - Temperatur Differenz: 3.74
2026-07-10 11:27:37 [MQTT Call: paho2145044059066] INFO  c.s.Seminar1.services.MqttService - Gespeichert - Temperatur Ist: 31.37
2026-07-10 11:27:38 [MQTT Call: paho2145044059066] INFO  c.s.Seminar1.services.MqttService - Gespeichert - Wago750 Status: 255.0
2026-07-10 11:27:39 [MQTT Call: paho2145044059066] INFO  c.s.Seminar1.services.MqttService - Gespeichert - Temperatur Differenz: 3.72
2026-07-10 11:27:39 [MQTT Call: paho2145044059066] INFO  c.s.Seminar1.services.MqttService - Gespeichert - Temperatur Ist: 31.35
2026-07-10 11:27:39 [MQTT Call: paho2145044059066] INFO  c.s.Seminar1.services.MqttService - Gespeichert - Wago750 Status: 65280.0
2026-07-10 11:27:40 [MQTT Call: paho2145044059066] INFO  c.s.Seminar1.services.MqttService - Gespeichert - Wago750 Status: 255.0
2026-07-10 11:27:41 [MQTT Call: paho2145044059066] INFO  c.s.Seminar1.services.MqttService - Gespeichert - Temperatur Differenz: 3.7
2026-07-10 11:27:41 [MQTT Call: paho2145044059066] INFO  c.s.Seminar1.services.MqttService - Gespeichert - Temperatur Ist: 31.33
2026-07-10 11:27:41 [MQTT Call: paho2145044059066] INFO  c.s.Seminar1.services.MqttService - Gespeichert - Wago750 Status: 65280.0
2026-07-10 11:27:42 [MQTT Call: paho2145044059066] INFO  c.s.Seminar1.services.MqttService - Gespeichert - Wago750 Status: 255.0
2026-07-10 11:27:42 [MQTT Call: paho2145044059066] INFO  c.s.Seminar1.services.MqttService - Gespeichert - Temperatur Differenz: 3.68
2026-07-10 11:27:42 [MQTT Call: paho2145044059066] INFO  c.s.Seminar1.services.MqttService - Gespeichert - Temperatur Ist: 31.31
2026-07-10 11:27:43 [MQTT Call: paho2145044059066] INFO  c.s.Seminar1.services.MqttService - Gespeichert - Wago750 Status: 65280.0
2026-07-10 11:27:44 [MQTT Call: paho2145044059066] INFO  c.s.Seminar1.services.MqttService - Gespeichert - Wago750 Status: 255.0
2026-07-10 11:27:45 [MQTT Call: paho2145044059066] INFO  c.s.Seminar1.services.MqttService - Gespeichert - Wago750 Status: 65280.0
2026-07-10 11:27:45 [MQTT Call: paho2145044059066] INFO  c.s.Seminar1.services.MqttService - Gespeichert - Temperatur Differenz: 3.67
2026-07-10 11:27:45 [MQTT Call: paho2145044059066] INFO  c.s.Seminar1.services.MqttService - Gespeichert - Temperatur Ist: 31.3
2026-07-10 11:27:46 [MQTT Call: paho2145044059066] INFO  c.s.Seminar1.services.MqttService - Gespeichert - Wago750 Status: 255.0
2026-07-10 11:27:46 [MQTT Call: paho2145044059066] INFO  c.s.Seminar1.services.MqttService - Gespeichert - Temperatur Differenz: 3.64
2026-07-10 11:27:47 [MQTT Call: paho2145044059066] INFO  c.s.Seminar1.services.MqttService - Gespeichert - Temperatur Ist: 31.27
2026-07-10 11:27:47 [MQTT Call: paho2145044059066] INFO  c.s.Seminar1.services.MqttService - Gespeichert - Wago750 Status: 65280.0
2026-07-10 11:27:49 [MQTT Call: paho2145044059066] INFO  c.s.Seminar1.services.MqttService - Gespeichert - Wago750 Status: 255.0
2026-07-10 11:27:49 [MQTT Call: paho2145044059066] INFO  c.s.Seminar1.services.MqttService - Gespeichert - Temperatur Differenz: 3.62
2026-07-10 11:27:49 [MQTT Call: paho2145044059066] INFO  c.s.Seminar1.services.MqttService - Gespeichert - Temperatur Ist: 31.25
2026-07-10 11:27:49 [MQTT Call: paho2145044059066] INFO  c.s.Seminar1.services.MqttService - Gespeichert - Wago750 Status: 65280.0
2026-07-10 11:27:50 [MQTT Call: paho2145044059066] INFO  c.s.Seminar1.services.MqttService - Gespeichert - Wago750 Status: 255.0
2026-07-10 11:27:51 [MQTT Call: paho2145044059066] INFO  c.s.Seminar1.services.MqttService - Gespeichert - Temperatur Differenz: 3.61
2026-07-10 11:27:51 [MQTT Call: paho2145044059066] INFO  c.s.Seminar1.services.MqttService - Gespeichert - Temperatur Ist: 31.24
2026-07-10 11:27:51 [MQTT Call: paho2145044059066] INFO  c.s.Seminar1.services.MqttService - Gespeichert - Wago750 Status: 65280.0
2026-07-10 11:27:52 [MQTT Call: paho2145044059066] INFO  c.s.Seminar1.services.MqttService - Gespeichert - Wago750 Status: 255.0
2026-07-10 11:27:52 [MQTT Call: paho2145044059066] INFO  c.s.Seminar1.services.MqttService - Gespeichert - Temperatur Differenz: 3.58
2026-07-10 11:27:52 [MQTT Call: paho2145044059066] INFO  c.s.Seminar1.services.MqttService - Gespeichert - Temperatur Ist: 31.21
2026-07-10 11:27:53 [MQTT Call: paho2145044059066] INFO  c.s.Seminar1.services.MqttService - Gespeichert - Wago750 Status: 65280.0
2026-07-10 11:27:54 [MQTT Call: paho2145044059066] INFO  c.s.Seminar1.services.MqttService - Gespeichert - Wago750 Status: 255.0
2026-07-10 11:27:54 [MQTT Call: paho2145044059066] INFO  c.s.Seminar1.services.MqttService - Gespeichert - Temperatur Differenz: 3.57
2026-07-10 11:27:54 [MQTT Call: paho2145044059066] INFO  c.s.Seminar1.services.MqttService - Gespeichert - Temperatur Ist: 31.2
2026-07-10 11:27:55 [MQTT Call: paho2145044059066] INFO  c.s.Seminar1.services.MqttService - Gespeichert - Wago750 Status: 65280.0
2026-07-10 11:27:56 [MQTT Call: paho2145044059066] INFO  c.s.Seminar1.services.MqttService - Gespeichert - Wago750 Status: 255.0
2026-07-10 11:27:57 [MQTT Call: paho2145044059066] INFO  c.s.Seminar1.services.MqttService - Gespeichert - Temperatur Differenz: 3.54
2026-07-10 11:27:57 [MQTT Call: paho2145044059066] INFO  c.s.Seminar1.services.MqttService - Gespeichert - Temperatur Ist: 31.17
2026-07-10 11:27:57 [MQTT Call: paho2145044059066] INFO  c.s.Seminar1.services.MqttService - Gespeichert - Wago750 Status: 65280.0
2026-07-10 11:27:58 [MQTT Call: paho2145044059066] INFO  c.s.Seminar1.services.MqttService - Gespeichert - Temperatur Differenz: 3.52
2026-07-10 11:27:58 [MQTT Call: paho2145044059066] INFO  c.s.Seminar1.services.MqttService - Gespeichert - Temperatur Ist: 31.15
2026-07-10 11:27:58 [MQTT Call: paho2145044059066] INFO  c.s.Seminar1.services.MqttService - Gespeichert - Wago750 Status: 255.0
2026-07-10 11:27:59 [MQTT Call: paho2145044059066] INFO  c.s.Seminar1.services.MqttService - Gespeichert - Wago750 Status: 65280.0
2026-07-10 11:28:00 [MQTT Call: paho2145044059066] INFO  c.s.Seminar1.services.MqttService - Gespeichert - Wago750 Status: 255.0
2026-07-10 11:28:00 [MQTT Call: paho2145044059066] INFO  c.s.Seminar1.services.MqttService - Gespeichert - Temperatur Differenz: 3.51
2026-07-10 11:28:00 [MQTT Call: paho2145044059066] INFO  c.s.Seminar1.services.MqttService - Gespeichert - Temperatur Ist: 31.14
2026-07-10 11:28:00 [MQTT Call: paho2145044059066] INFO  c.s.Seminar1.services.MqttService - Gespeichert - Wago750 Control: 0
2026-07-10 11:28:01 [MQTT Call: paho2145044059066] INFO  c.s.Seminar1.services.MqttService - Gespeichert - Wago750 Status: 0.0
2026-07-10 11:28:02 [MQTT Call: paho2145044059066] INFO  c.s.Seminar1.services.MqttService - Gespeichert - Temperatur Differenz: 3.48
2026-07-10 11:28:02 [MQTT Call: paho2145044059066] INFO  c.s.Seminar1.services.MqttService - Gespeichert - Temperatur Ist: 31.11
2026-07-10 11:28:04 [MQTT Call: paho2145044059066] INFO  c.s.Seminar1.services.MqttService - Gespeichert - Temperatur Differenz: 3.47
2026-07-10 11:28:04 [MQTT Call: paho2145044059066] INFO  c.s.Seminar1.services.MqttService - Gespeichert - Temperatur Ist: 31.1
2026-07-10 11:28:07 [MQTT Call: paho2145044059066] INFO  c.s.Seminar1.services.MqttService - Gespeichert - Temperatur Differenz: 3.45
2026-07-10 11:28:07 [MQTT Call: paho2145044059066] INFO  c.s.Seminar1.services.MqttService - Gespeichert - Temperatur Ist: 31.08
2026-07-10 11:28:08 [MQTT Call: paho2145044059066] INFO  c.s.Seminar1.services.MqttService - Gespeichert - Wago750 Control: 2
2026-07-10 11:28:08 [MQTT Call: paho2145044059066] INFO  c.s.Seminar1.services.MqttService - Gespeichert - Wago750 Status: 1024.0
2026-07-10 11:28:08 [MQTT Call: paho2145044059066] INFO  c.s.Seminar1.services.MqttService - Gespeichert - Temperatur Differenz: 3.42
2026-07-10 11:28:08 [MQTT Call: paho2145044059066] INFO  c.s.Seminar1.services.MqttService - Gespeichert - Temperatur Ist: 31.05
2026-07-10 11:28:09 [MQTT Call: paho2145044059066] INFO  c.s.Seminar1.services.MqttService - Gespeichert - Wago750 Status: 512.0
2026-07-10 11:28:10 [MQTT Call: paho2145044059066] INFO  c.s.Seminar1.services.MqttService - Gespeichert - Wago750 Status: 256.0
2026-07-10 11:28:10 [MQTT Call: paho2145044059066] INFO  c.s.Seminar1.services.MqttService - Gespeichert - Temperatur Differenz: 3.41
2026-07-10 11:28:11 [MQTT Call: paho2145044059066] INFO  c.s.Seminar1.services.MqttService - Gespeichert - Temperatur Ist: 31.04
2026-07-10 11:28:11 [MQTT Call: paho2145044059066] INFO  c.s.Seminar1.services.MqttService - Gespeichert - Wago750 Status: 1.0
2026-07-10 11:28:12 [MQTT Call: paho2145044059066] INFO  c.s.Seminar1.services.MqttService - Gespeichert - Wago750 Status: 2.0
2026-07-10 11:28:13 [MQTT Call: paho2145044059066] INFO  c.s.Seminar1.services.MqttService - Gespeichert - Wago750 Status: 4.0
2026-07-10 11:28:13 [MQTT Call: paho2145044059066] INFO  c.s.Seminar1.services.MqttService - Gespeichert - Temperatur Differenz: 3.38
2026-07-10 11:28:13 [MQTT Call: paho2145044059066] INFO  c.s.Seminar1.services.MqttService - Gespeichert - Temperatur Ist: 31.01
2026-07-10 11:28:14 [MQTT Call: paho2145044059066] INFO  c.s.Seminar1.services.MqttService - Gespeichert - Wago750 Status: 8.0
2026-07-10 11:28:15 [MQTT Call: paho2145044059066] INFO  c.s.Seminar1.services.MqttService - Gespeichert - Wago750 Status: 16.0
2026-07-10 11:28:16 [MQTT Call: paho2145044059066] INFO  c.s.Seminar1.services.MqttService - Gespeichert - Temperatur Differenz: 3.37
2026-07-10 11:28:16 [MQTT Call: paho2145044059066] INFO  c.s.Seminar1.services.MqttService - Gespeichert - Temperatur Ist: 31.0
2026-07-10 11:28:16 [MQTT Call: paho2145044059066] INFO  c.s.Seminar1.services.MqttService - Gespeichert - Wago750 Status: 32.0
2026-07-10 11:28:17 [MQTT Call: paho2145044059066] INFO  c.s.Seminar1.services.MqttService - Gespeichert - Wago750 Status: 64.0
2026-07-10 11:28:17 [MQTT Call: paho2145044059066] INFO  c.s.Seminar1.services.MqttService - Gespeichert - Temperatur Differenz: 3.35
2026-07-10 11:28:17 [MQTT Call: paho2145044059066] INFO  c.s.Seminar1.services.MqttService - Gespeichert - Temperatur Ist: 30.98
2026-07-10 11:28:18 [MQTT Call: paho2145044059066] INFO  c.s.Seminar1.services.MqttService - Gespeichert - Wago750 Status: 128.0
2026-07-10 11:28:19 [MQTT Call: paho2145044059066] INFO  c.s.Seminar1.services.MqttService - Gespeichert - Wago750 Status: 32768.0
2026-07-10 11:28:19 [MQTT Call: paho2145044059066] INFO  c.s.Seminar1.services.MqttService - Gespeichert - Temperatur Differenz: 3.32
2026-07-10 11:28:19 [MQTT Call: paho2145044059066] INFO  c.s.Seminar1.services.MqttService - Gespeichert - Temperatur Ist: 30.95
2026-07-10 11:28:20 [MQTT Call: paho2145044059066] INFO  c.s.Seminar1.services.MqttService - Gespeichert - Wago750 Status: 16384.0
2026-07-10 11:28:21 [MQTT Call: paho2145044059066] INFO  c.s.Seminar1.services.MqttService - Gespeichert - Wago750 Status: 8192.0
2026-07-10 11:28:21 [MQTT Call: paho2145044059066] INFO  c.s.Seminar1.services.MqttService - Gespeichert - Temperatur Differenz: 3.31
2026-07-10 11:28:21 [MQTT Call: paho2145044059066] INFO  c.s.Seminar1.services.MqttService - Gespeichert - Temperatur Ist: 30.94
2026-07-10 11:28:22 [MQTT Call: paho2145044059066] INFO  c.s.Seminar1.services.MqttService - Gespeichert - Wago750 Status: 4096.0
2026-07-10 11:28:23 [MQTT Call: paho2145044059066] INFO  c.s.Seminar1.services.MqttService - Gespeichert - Wago750 Status: 2048.0
2026-07-10 11:28:24 [MQTT Call: paho2145044059066] INFO  c.s.Seminar1.services.MqttService - Gespeichert - Wago750 Status: 1024.0
2026-07-10 11:28:24 [MQTT Call: paho2145044059066] INFO  c.s.Seminar1.services.MqttService - Gespeichert - Temperatur Differenz: 3.29
2026-07-10 11:28:24 [MQTT Call: paho2145044059066] INFO  c.s.Seminar1.services.MqttService - Gespeichert - Temperatur Ist: 30.92
2026-07-10 11:28:25 [MQTT Call: paho2145044059066] INFO  c.s.Seminar1.services.MqttService - Gespeichert - Wago750 Status: 512.0
2026-07-10 11:28:26 [MQTT Call: paho2145044059066] INFO  c.s.Seminar1.services.MqttService - Gespeichert - Wago750 Status: 256.0
2026-07-10 11:28:26 [MQTT Call: paho2145044059066] INFO  c.s.Seminar1.services.MqttService - Gespeichert - Temperatur Differenz: 3.26
2026-07-10 11:28:26 [MQTT Call: paho2145044059066] INFO  c.s.Seminar1.services.MqttService - Gespeichert - Temperatur Ist: 30.89
2026-07-10 11:28:27 [MQTT Call: paho2145044059066] INFO  c.s.Seminar1.services.MqttService - Gespeichert - Wago750 Status: 1.0
2026-07-10 11:28:28 [http-nio-80-exec-7] INFO  c.s.Seminar1.services.MqttService - MQTT-Nachricht gesendet -> Topic: 'Wago750/Control', Payload: '3'
2026-07-10 11:28:28 [http-nio-80-exec-7] INFO  c.s.S.controller.WagoController - POST /wago/control - Steuerbefehl empfangen: 3
2026-07-10 11:28:28 [MQTT Call: paho2145044059066] INFO  c.s.Seminar1.services.MqttService - Gespeichert - Wago750 Status: 2.0
2026-07-10 11:28:28 [MQTT Call: paho2145044059066] INFO  c.s.Seminar1.services.MqttService - Gespeichert - Wago750 Control: 3
2026-07-10 11:28:29 [MQTT Call: paho2145044059066] INFO  c.s.Seminar1.services.MqttService - Gespeichert - Wago750 Status: 16962.0
2026-07-10 11:28:29 [MQTT Call: paho2145044059066] INFO  c.s.Seminar1.services.MqttService - Gespeichert - Temperatur Differenz: 3.25
2026-07-10 11:28:29 [MQTT Call: paho2145044059066] INFO  c.s.Seminar1.services.MqttService - Gespeichert - Temperatur Ist: 30.88
2026-07-10 11:28:30 [MQTT Call: paho2145044059066] INFO  c.s.Seminar1.services.MqttService - Gespeichert - Wago750 Status: 9252.0
2026-07-10 11:28:31 [MQTT Call: paho2145044059066] INFO  c.s.Seminar1.services.MqttService - Gespeichert - Wago750 Status: 6168.0
2026-07-10 11:28:32 [MQTT Call: paho2145044059066] INFO  c.s.Seminar1.services.MqttService - Gespeichert - Temperatur Differenz: 3.22
2026-07-10 11:28:32 [MQTT Call: paho2145044059066] INFO  c.s.Seminar1.services.MqttService - Gespeichert - Temperatur Ist: 30.85
2026-07-10 11:28:32 [MQTT Call: paho2145044059066] INFO  c.s.Seminar1.services.MqttService - Gespeichert - Wago750 Status: 9252.0
2026-07-10 11:28:33 [MQTT Call: paho2145044059066] INFO  c.s.Seminar1.services.MqttService - Gespeichert - Wago750 Status: 16962.0
2026-07-10 11:28:34 [MQTT Call: paho2145044059066] INFO  c.s.Seminar1.services.MqttService - Gespeichert - Temperatur Differenz: 3.21
2026-07-10 11:28:34 [MQTT Call: paho2145044059066] INFO  c.s.Seminar1.services.MqttService - Gespeichert - Temperatur Ist: 30.84
2026-07-10 11:28:34 [MQTT Call: paho2145044059066] INFO  c.s.Seminar1.services.MqttService - Gespeichert - Wago750 Status: 33153.0
2026-07-10 11:28:35 [MQTT Call: paho2145044059066] INFO  c.s.Seminar1.services.MqttService - Gespeichert - Wago750 Status: 16962.0
2026-07-10 11:28:36 [MQTT Call: paho2145044059066] INFO  c.s.Seminar1.services.MqttService - Gespeichert - Temperatur Differenz: 3.19
2026-07-10 11:28:36 [MQTT Call: paho2145044059066] INFO  c.s.Seminar1.services.MqttService - Gespeichert - Temperatur Ist: 30.82
2026-07-10 11:28:36 [MQTT Call: paho2145044059066] INFO  c.s.Seminar1.services.MqttService - Gespeichert - Wago750 Status: 9252.0
2026-07-10 11:28:37 [MQTT Call: paho2145044059066] INFO  c.s.Seminar1.services.MqttService - Gespeichert - Wago750 Status: 6168.0
2026-07-10 11:28:38 [MQTT Call: paho2145044059066] INFO  c.s.Seminar1.services.MqttService - Gespeichert - Wago750 Status: 9252.0
2026-07-10 11:28:38 [MQTT Call: paho2145044059066] INFO  c.s.Seminar1.services.MqttService - Gespeichert - Temperatur Differenz: 3.16
2026-07-10 11:28:38 [MQTT Call: paho2145044059066] INFO  c.s.Seminar1.services.MqttService - Gespeichert - Temperatur Ist: 30.79
2026-07-10 11:28:39 [MQTT Call: paho2145044059066] INFO  c.s.Seminar1.services.MqttService - Gespeichert - Wago750 Status: 16962.0
2026-07-10 11:28:40 [MQTT Call: paho2145044059066] INFO  c.s.Seminar1.services.MqttService - Gespeichert - Wago750 Status: 33153.0
2026-07-10 11:28:41 [MQTT Call: paho2145044059066] INFO  c.s.Seminar1.services.MqttService - Gespeichert - Temperatur Differenz: 3.15
2026-07-10 11:28:41 [MQTT Call: paho2145044059066] INFO  c.s.Seminar1.services.MqttService - Gespeichert - Temperatur Ist: 30.78
2026-07-10 11:28:41 [MQTT Call: paho2145044059066] INFO  c.s.Seminar1.services.MqttService - Gespeichert - Wago750 Status: 16962.0
2026-07-10 11:28:42 [MQTT Call: paho2145044059066] INFO  c.s.Seminar1.services.MqttService - Gespeichert - Wago750 Status: 9252.0
2026-07-10 11:28:43 [MQTT Call: paho2145044059066] INFO  c.s.Seminar1.services.MqttService - Gespeichert - Wago750 Status: 6168.0
2026-07-10 11:28:44 [MQTT Call: paho2145044059066] INFO  c.s.Seminar1.services.MqttService - Gespeichert - Temperatur Differenz: 3.14
2026-07-10 11:28:44 [MQTT Call: paho2145044059066] INFO  c.s.Seminar1.services.MqttService - Gespeichert - Temperatur Ist: 30.77
2026-07-10 11:28:44 [MQTT Call: paho2145044059066] INFO  c.s.Seminar1.services.MqttService - Gespeichert - Wago750 Status: 9252.0
2026-07-10 11:28:44 [MQTT Call: paho2145044059066] INFO  c.s.Seminar1.services.MqttService - Gespeichert - Temperatur Differenz: 3.11
2026-07-10 11:28:44 [MQTT Call: paho2145044059066] INFO  c.s.Seminar1.services.MqttService - Gespeichert - Temperatur Ist: 30.74
2026-07-10 11:28:45 [MQTT Call: paho2145044059066] INFO  c.s.Seminar1.services.MqttService - Gespeichert - Wago750 Status: 16962.0
2026-07-10 11:28:46 [MQTT Call: paho2145044059066] INFO  c.s.Seminar1.services.MqttService - Gespeichert - Wago750 Status: 33153.0
2026-07-10 11:28:47 [MQTT Call: paho2145044059066] INFO  c.s.Seminar1.services.MqttService - Gespeichert - Wago750 Status: 16962.0
2026-07-10 11:28:48 [MQTT Call: paho2145044059066] INFO  c.s.Seminar1.services.MqttService - Gespeichert - Temperatur Differenz: 3.09
2026-07-10 11:28:48 [MQTT Call: paho2145044059066] INFO  c.s.Seminar1.services.MqttService - Gespeichert - Temperatur Ist: 30.72
2026-07-10 11:28:48 [MQTT Call: paho2145044059066] INFO  c.s.Seminar1.services.MqttService - Gespeichert - Wago750 Status: 9252.0
2026-07-10 11:28:49 [MQTT Call: paho2145044059066] INFO  c.s.Seminar1.services.MqttService - Gespeichert - Wago750 Status: 6168.0
2026-07-10 11:28:50 [MQTT Call: paho2145044059066] INFO  c.s.Seminar1.services.MqttService - Gespeichert - Wago750 Status: 9252.0
2026-07-10 11:28:50 [MQTT Call: paho2145044059066] INFO  c.s.Seminar1.services.MqttService - Gespeichert - Temperatur Differenz: 3.06
2026-07-10 11:28:50 [MQTT Call: paho2145044059066] INFO  c.s.Seminar1.services.MqttService - Gespeichert - Temperatur Ist: 30.69
2026-07-10 11:28:51 [MQTT Call: paho2145044059066] INFO  c.s.Seminar1.services.MqttService - Gespeichert - Wago750 Status: 16962.0
2026-07-10 11:28:52 [MQTT Call: paho2145044059066] INFO  c.s.Seminar1.services.MqttService - Gespeichert - Wago750 Status: 33153.0
2026-07-10 11:28:52 [MQTT Call: paho2145044059066] INFO  c.s.Seminar1.services.MqttService - Gespeichert - Temperatur Differenz: 3.05
2026-07-10 11:28:52 [MQTT Call: paho2145044059066] INFO  c.s.Seminar1.services.MqttService - Gespeichert - Temperatur Ist: 30.68
2026-07-10 11:28:53 [MQTT Call: paho2145044059066] INFO  c.s.Seminar1.services.MqttService - Gespeichert - Wago750 Status: 16962.0
2026-07-10 11:28:54 [MQTT Call: paho2145044059066] INFO  c.s.Seminar1.services.MqttService - Gespeichert - Wago750 Status: 9252.0
2026-07-10 11:28:55 [MQTT Call: paho2145044059066] INFO  c.s.Seminar1.services.MqttService - Gespeichert - Wago750 Status: 6168.0
2026-07-10 11:28:55 [MQTT Call: paho2145044059066] INFO  c.s.Seminar1.services.MqttService - Gespeichert - Temperatur Differenz: 3.04
2026-07-10 11:28:55 [MQTT Call: paho2145044059066] INFO  c.s.Seminar1.services.MqttService - Gespeichert - Temperatur Ist: 30.67
2026-07-10 11:28:56 [MQTT Call: paho2145044059066] INFO  c.s.Seminar1.services.MqttService - Gespeichert - Wago750 Status: 9252.0
2026-07-10 11:28:57 [MQTT Call: paho2145044059066] INFO  c.s.Seminar1.services.MqttService - Gespeichert - Wago750 Status: 16962.0
2026-07-10 11:28:58 [MQTT Call: paho2145044059066] INFO  c.s.Seminar1.services.MqttService - Gespeichert - Temperatur Differenz: 3.01
2026-07-10 11:28:58 [MQTT Call: paho2145044059066] INFO  c.s.Seminar1.services.MqttService - Gespeichert - Temperatur Ist: 30.64
2026-07-10 11:28:58 [MQTT Call: paho2145044059066] INFO  c.s.Seminar1.services.MqttService - Gespeichert - Wago750 Status: 33153.0
2026-07-10 11:28:59 [MQTT Call: paho2145044059066] INFO  c.s.Seminar1.services.MqttService - Gespeichert - Wago750 Status: 16962.0
2026-07-10 11:29:00 [MQTT Call: paho2145044059066] INFO  c.s.Seminar1.services.MqttService - Gespeichert - Wago750 Status: 9252.0
2026-07-10 11:29:00 [MQTT Call: paho2145044059066] INFO  c.s.Seminar1.services.MqttService - Gespeichert - Temperatur Differenz: 2.99
2026-07-10 11:29:01 [MQTT Call: paho2145044059066] INFO  c.s.Seminar1.services.MqttService - Gespeichert - Temperatur Ist: 30.62
2026-07-10 11:29:01 [MQTT Call: paho2145044059066] INFO  c.s.Seminar1.services.MqttService - Gespeichert - Wago750 Control: 0
2026-07-10 11:29:01 [MQTT Call: paho2145044059066] INFO  c.s.Seminar1.services.MqttService - Gespeichert - Wago750 Status: 0.0
2026-07-10 11:29:03 [MQTT Call: paho2145044059066] INFO  c.s.Seminar1.services.MqttService - Gespeichert - Temperatur Differenz: 2.98
2026-07-10 11:29:03 [MQTT Call: paho2145044059066] INFO  c.s.Seminar1.services.MqttService - Gespeichert - Temperatur Ist: 30.61
2026-07-10 11:29:06 [MQTT Call: paho2145044059066] INFO  c.s.Seminar1.services.MqttService - Gespeichert - Temperatur Differenz: 2.95
2026-07-10 11:29:06 [MQTT Call: paho2145044059066] INFO  c.s.Seminar1.services.MqttService - Gespeichert - Temperatur Ist: 30.58
2026-07-10 11:29:08 [MQTT Call: paho2145044059066] INFO  c.s.Seminar1.services.MqttService - Gespeichert - Temperatur Differenz: 2.93
2026-07-10 11:29:08 [MQTT Call: paho2145044059066] INFO  c.s.Seminar1.services.MqttService - Gespeichert - Temperatur Ist: 30.56
2026-07-10 11:29:12 [MQTT Call: paho2145044059066] INFO  c.s.Seminar1.services.MqttService - Gespeichert - Temperatur Differenz: 2.91
2026-07-10 11:29:12 [MQTT Call: paho2145044059066] INFO  c.s.Seminar1.services.MqttService - Gespeichert - Temperatur Ist: 30.54
2026-07-10 11:29:12 [MQTT Call: paho2145044059066] INFO  c.s.Seminar1.services.MqttService - Gespeichert - Temperatur Differenz: 2.89
2026-07-10 11:29:12 [MQTT Call: paho2145044059066] INFO  c.s.Seminar1.services.MqttService - Gespeichert - Temperatur Ist: 30.52
2026-07-10 11:29:16 [MQTT Call: paho2145044059066] INFO  c.s.Seminar1.services.MqttService - Gespeichert - Temperatur Differenz: 2.88
2026-07-10 11:29:16 [MQTT Call: paho2145044059066] INFO  c.s.Seminar1.services.MqttService - Gespeichert - Temperatur Ist: 30.51
2026-07-10 11:29:18 [MQTT Call: paho2145044059066] INFO  c.s.Seminar1.services.MqttService - Gespeichert - Temperatur Differenz: 2.85
2026-07-10 11:29:18 [MQTT Call: paho2145044059066] INFO  c.s.Seminar1.services.MqttService - Gespeichert - Temperatur Ist: 30.48
2026-07-10 11:29:20 [MQTT Call: paho2145044059066] INFO  c.s.Seminar1.services.MqttService - Gespeichert - Temperatur Differenz: 2.83
2026-07-10 11:29:20 [MQTT Call: paho2145044059066] INFO  c.s.Seminar1.services.MqttService - Gespeichert - Temperatur Ist: 30.46
2026-07-10 11:29:23 [MQTT Call: paho2145044059066] INFO  c.s.Seminar1.services.MqttService - Gespeichert - Temperatur Differenz: 2.82
2026-07-10 11:29:23 [MQTT Call: paho2145044059066] INFO  c.s.Seminar1.services.MqttService - Gespeichert - Temperatur Ist: 30.45
2026-07-10 11:29:25 [MQTT Call: paho2145044059066] INFO  c.s.Seminar1.services.MqttService - Gespeichert - Temperatur Differenz: 2.79
2026-07-10 11:29:25 [MQTT Call: paho2145044059066] INFO  c.s.Seminar1.services.MqttService - Gespeichert - Temperatur Ist: 30.42
2026-07-10 11:29:28 [MQTT Call: paho2145044059066] INFO  c.s.Seminar1.services.MqttService - Gespeichert - Temperatur Differenz: 2.78
2026-07-10 11:29:28 [MQTT Call: paho2145044059066] INFO  c.s.Seminar1.services.MqttService - Gespeichert - Temperatur Ist: 30.41
2026-07-10 11:29:31 [MQTT Call: paho2145044059066] INFO  c.s.Seminar1.services.MqttService - Gespeichert - Temperatur Differenz: 2.75
2026-07-10 11:29:31 [MQTT Call: paho2145044059066] INFO  c.s.Seminar1.services.MqttService - Gespeichert - Temperatur Ist: 30.38
2026-07-10 11:29:34 [MQTT Call: paho2145044059066] INFO  c.s.Seminar1.services.MqttService - Gespeichert - Temperatur Differenz: 2.73
2026-07-10 11:29:34 [MQTT Call: paho2145044059066] INFO  c.s.Seminar1.services.MqttService - Gespeichert - Temperatur Ist: 30.36
2026-07-10 11:29:36 [MQTT Call: paho2145044059066] INFO  c.s.Seminar1.services.MqttService - Gespeichert - Temperatur Differenz: 2.72
2026-07-10 11:29:36 [MQTT Call: paho2145044059066] INFO  c.s.Seminar1.services.MqttService - Gespeichert - Temperatur Ist: 30.35
2026-07-10 11:29:39 [MQTT Call: paho2145044059066] INFO  c.s.Seminar1.services.MqttService - Gespeichert - Temperatur Differenz: 2.69
2026-07-10 11:29:39 [MQTT Call: paho2145044059066] INFO  c.s.Seminar1.services.MqttService - Gespeichert - Temperatur Ist: 30.32
2026-07-10 11:29:42 [MQTT Call: paho2145044059066] INFO  c.s.Seminar1.services.MqttService - Gespeichert - Temperatur Differenz: 2.68
2026-07-10 11:29:42 [MQTT Call: paho2145044059066] INFO  c.s.Seminar1.services.MqttService - Gespeichert - Temperatur Ist: 30.31
2026-07-10 11:29:45 [MQTT Call: paho2145044059066] INFO  c.s.Seminar1.services.MqttService - Gespeichert - Temperatur Differenz: 2.66
2026-07-10 11:29:45 [MQTT Call: paho2145044059066] INFO  c.s.Seminar1.services.MqttService - Gespeichert - Temperatur Ist: 30.29
2026-07-10 11:29:48 [MQTT Call: paho2145044059066] INFO  c.s.Seminar1.services.MqttService - Gespeichert - Temperatur Differenz: 2.63
2026-07-10 11:29:48 [MQTT Call: paho2145044059066] INFO  c.s.Seminar1.services.MqttService - Gespeichert - Temperatur Ist: 30.26
2026-07-10 11:29:52 [MQTT Call: paho2145044059066] INFO  c.s.Seminar1.services.MqttService - Gespeichert - Temperatur Differenz: 2.62
2026-07-10 11:29:52 [MQTT Call: paho2145044059066] INFO  c.s.Seminar1.services.MqttService - Gespeichert - Temperatur Ist: 30.25
2026-07-10 11:29:55 [MQTT Call: paho2145044059066] INFO  c.s.Seminar1.services.MqttService - Gespeichert - Temperatur Differenz: 2.59
2026-07-10 11:29:55 [MQTT Call: paho2145044059066] INFO  c.s.Seminar1.services.MqttService - Gespeichert - Temperatur Ist: 30.22
2026-07-10 11:29:59 [MQTT Call: paho2145044059066] INFO  c.s.Seminar1.services.MqttService - Gespeichert - Temperatur Differenz: 2.58
2026-07-10 11:29:59 [MQTT Call: paho2145044059066] INFO  c.s.Seminar1.services.MqttService - Gespeichert - Temperatur Ist: 30.21
2026-07-10 11:30:01 [MQTT Call: paho2145044059066] INFO  c.s.Seminar1.services.MqttService - Gespeichert - Temperatur Differenz: 2.56
2026-07-10 11:30:01 [MQTT Call: paho2145044059066] INFO  c.s.Seminar1.services.MqttService - Gespeichert - Temperatur Ist: 30.19
2026-07-10 11:30:04 [MQTT Call: paho2145044059066] INFO  c.s.Seminar1.services.MqttService - Gespeichert - Temperatur Differenz: 2.53
2026-07-10 11:30:04 [MQTT Call: paho2145044059066] INFO  c.s.Seminar1.services.MqttService - Gespeichert - Temperatur Ist: 30.16
2026-07-10 11:30:08 [MQTT Call: paho2145044059066] INFO  c.s.Seminar1.services.MqttService - Gespeichert - Temperatur Differenz: 2.52
2026-07-10 11:30:08 [MQTT Call: paho2145044059066] INFO  c.s.Seminar1.services.MqttService - Gespeichert - Temperatur Ist: 30.15
2026-07-10 11:30:12 [MQTT Call: paho2145044059066] INFO  c.s.Seminar1.services.MqttService - Gespeichert - Temperatur Differenz: 2.5
2026-07-10 11:30:12 [MQTT Call: paho2145044059066] INFO  c.s.Seminar1.services.MqttService - Gespeichert - Temperatur Ist: 30.13
2026-07-10 11:30:15 [MQTT Call: paho2145044059066] INFO  c.s.Seminar1.services.MqttService - Gespeichert - Temperatur Differenz: 2.48
2026-07-10 11:30:15 [MQTT Call: paho2145044059066] INFO  c.s.Seminar1.services.MqttService - Gespeichert - Temperatur Ist: 30.11
2026-07-10 11:30:18 [MQTT Call: paho2145044059066] INFO  c.s.Seminar1.services.MqttService - Gespeichert - Temperatur Differenz: 2.46
2026-07-10 11:30:18 [MQTT Call: paho2145044059066] INFO  c.s.Seminar1.services.MqttService - Gespeichert - Temperatur Ist: 30.09
2026-07-10 11:30:21 [MQTT Call: paho2145044059066] INFO  c.s.Seminar1.services.MqttService - Gespeichert - Temperatur Differenz: 2.43
2026-07-10 11:30:21 [MQTT Call: paho2145044059066] INFO  c.s.Seminar1.services.MqttService - Gespeichert - Temperatur Ist: 30.06
2026-07-10 11:30:25 [MQTT Call: paho2145044059066] INFO  c.s.Seminar1.services.MqttService - Gespeichert - Temperatur Differenz: 2.42
2026-07-10 11:30:25 [MQTT Call: paho2145044059066] INFO  c.s.Seminar1.services.MqttService - Gespeichert - Temperatur Ist: 30.05
2026-07-10 11:30:28 [MQTT Call: paho2145044059066] INFO  c.s.Seminar1.services.MqttService - Gespeichert - Temperatur Differenz: 2.4
2026-07-10 11:30:28 [MQTT Call: paho2145044059066] INFO  c.s.Seminar1.services.MqttService - Gespeichert - Temperatur Ist: 30.03
2026-07-10 11:30:32 [MQTT Call: paho2145044059066] INFO  c.s.Seminar1.services.MqttService - Gespeichert - Temperatur Differenz: 2.38
2026-07-10 11:30:32 [MQTT Call: paho2145044059066] INFO  c.s.Seminar1.services.MqttService - Gespeichert - Temperatur Ist: 30.01
2026-07-10 11:30:34 [MQTT Call: paho2145044059066] INFO  c.s.Seminar1.services.MqttService - Gespeichert - Temperatur Differenz: 2.36
2026-07-10 11:30:34 [MQTT Call: paho2145044059066] INFO  c.s.Seminar1.services.MqttService - Gespeichert - Temperatur Ist: 29.99
2026-07-10 11:30:39 [MQTT Call: paho2145044059066] INFO  c.s.Seminar1.services.MqttService - Gespeichert - Temperatur Differenz: 2.35
2026-07-10 11:30:39 [MQTT Call: paho2145044059066] INFO  c.s.Seminar1.services.MqttService - Gespeichert - Temperatur Ist: 29.98
2026-07-10 11:30:42 [MQTT Call: paho2145044059066] INFO  c.s.Seminar1.services.MqttService - Gespeichert - Temperatur Differenz: 2.32
2026-07-10 11:30:42 [MQTT Call: paho2145044059066] INFO  c.s.Seminar1.services.MqttService - Gespeichert - Temperatur Ist: 29.95
2026-07-10 11:30:45 [MQTT Call: paho2145044059066] INFO  c.s.Seminar1.services.MqttService - Gespeichert - Temperatur Differenz: 2.3
2026-07-10 11:30:45 [MQTT Call: paho2145044059066] INFO  c.s.Seminar1.services.MqttService - Gespeichert - Temperatur Ist: 29.93
2026-07-10 11:30:48 [MQTT Call: paho2145044059066] INFO  c.s.Seminar1.services.MqttService - Gespeichert - Temperatur Soll: 27.65
2026-07-10 11:30:48 [MQTT Call: paho2145044059066] INFO  c.s.Seminar1.services.MqttService - Gespeichert - Temperatur Differenz: 2.28
2026-07-10 11:30:50 [MQTT Call: paho2145044059066] INFO  c.s.Seminar1.services.MqttService - Gespeichert - Temperatur Soll: 27.63
2026-07-10 11:30:50 [MQTT Call: paho2145044059066] INFO  c.s.Seminar1.services.MqttService - Gespeichert - Temperatur Differenz: 2.27
2026-07-10 11:30:50 [MQTT Call: paho2145044059066] INFO  c.s.Seminar1.services.MqttService - Gespeichert - Temperatur Ist: 29.9
2026-07-10 11:30:50 [MQTT Call: paho2145044059066] INFO  c.s.Seminar1.services.MqttService - Gespeichert - Temperatur Soll: 27.65
2026-07-10 11:30:50 [MQTT Call: paho2145044059066] INFO  c.s.Seminar1.services.MqttService - Gespeichert - Temperatur Differenz: 2.25
2026-07-10 11:30:53 [MQTT Call: paho2145044059066] INFO  c.s.Seminar1.services.MqttService - Gespeichert - Temperatur Differenz: 2.24
2026-07-10 11:30:53 [MQTT Call: paho2145044059066] INFO  c.s.Seminar1.services.MqttService - Gespeichert - Temperatur Ist: 29.89
2026-07-10 11:30:58 [MQTT Call: paho2145044059066] INFO  c.s.Seminar1.services.MqttService - Gespeichert - Temperatur Differenz: 2.23
2026-07-10 11:30:58 [MQTT Call: paho2145044059066] INFO  c.s.Seminar1.services.MqttService - Gespeichert - Temperatur Ist: 29.88
2026-07-10 11:31:00 [MQTT Call: paho2145044059066] INFO  c.s.Seminar1.services.MqttService - Gespeichert - Temperatur Differenz: 2.2
2026-07-10 11:31:00 [MQTT Call: paho2145044059066] INFO  c.s.Seminar1.services.MqttService - Gespeichert - Temperatur Ist: 29.85
2026-07-10 11:31:05 [MQTT Call: paho2145044059066] INFO  c.s.Seminar1.services.MqttService - Gespeichert - Temperatur Differenz: 2.18
2026-07-10 11:31:05 [MQTT Call: paho2145044059066] INFO  c.s.Seminar1.services.MqttService - Gespeichert - Temperatur Ist: 29.83
2026-07-10 11:31:08 [MQTT Call: paho2145044059066] INFO  c.s.Seminar1.services.MqttService - Gespeichert - Temperatur Differenz: 2.17
2026-07-10 11:31:08 [MQTT Call: paho2145044059066] INFO  c.s.Seminar1.services.MqttService - Gespeichert - Temperatur Ist: 29.82
2026-07-10 11:31:12 [MQTT Call: paho2145044059066] INFO  c.s.Seminar1.services.MqttService - Gespeichert - Temperatur Differenz: 2.14
2026-07-10 11:31:12 [MQTT Call: paho2145044059066] INFO  c.s.Seminar1.services.MqttService - Gespeichert - Temperatur Ist: 29.79
2026-07-10 11:31:16 [MQTT Call: paho2145044059066] INFO  c.s.Seminar1.services.MqttService - Gespeichert - Temperatur Differenz: 2.13
2026-07-10 11:31:16 [MQTT Call: paho2145044059066] INFO  c.s.Seminar1.services.MqttService - Gespeichert - Temperatur Ist: 29.78
2026-07-10 11:31:19 [MQTT Call: paho2145044059066] INFO  c.s.Seminar1.services.MqttService - Gespeichert - Temperatur Differenz: 2.1
2026-07-10 11:31:19 [MQTT Call: paho2145044059066] INFO  c.s.Seminar1.services.MqttService - Gespeichert - Temperatur Ist: 29.75
2026-07-10 11:31:23 [MQTT Call: paho2145044059066] INFO  c.s.Seminar1.services.MqttService - Gespeichert - Temperatur Differenz: 2.08
2026-07-10 11:31:23 [MQTT Call: paho2145044059066] INFO  c.s.Seminar1.services.MqttService - Gespeichert - Temperatur Ist: 29.73
2026-07-10 11:31:27 [MQTT Call: paho2145044059066] INFO  c.s.Seminar1.services.MqttService - Gespeichert - Temperatur Differenz: 2.07
2026-07-10 11:31:27 [MQTT Call: paho2145044059066] INFO  c.s.Seminar1.services.MqttService - Gespeichert - Temperatur Ist: 29.72
2026-07-10 11:31:31 [MQTT Call: paho2145044059066] INFO  c.s.Seminar1.services.MqttService - Gespeichert - Temperatur Differenz: 2.04
2026-07-10 11:31:31 [MQTT Call: paho2145044059066] INFO  c.s.Seminar1.services.MqttService - Gespeichert - Temperatur Ist: 29.69
2026-07-10 11:31:35 [MQTT Call: paho2145044059066] INFO  c.s.Seminar1.services.MqttService - Gespeichert - Temperatur Differenz: 2.03
2026-07-10 11:31:35 [MQTT Call: paho2145044059066] INFO  c.s.Seminar1.services.MqttService - Gespeichert - Temperatur Ist: 29.68
2026-07-10 11:31:41 [MQTT Call: paho2145044059066] INFO  c.s.Seminar1.services.MqttService - Gespeichert - Temperatur Differenz: 2.01
2026-07-10 11:31:41 [MQTT Call: paho2145044059066] INFO  c.s.Seminar1.services.MqttService - Gespeichert - Temperatur Ist: 29.66
2026-07-10 11:31:44 [MQTT Call: paho2145044059066] INFO  c.s.Seminar1.services.MqttService - Gespeichert - Temperatur Differenz: 1.98
2026-07-10 11:31:44 [MQTT Call: paho2145044059066] INFO  c.s.Seminar1.services.MqttService - Gespeichert - Temperatur Ist: 29.63
2026-07-10 11:31:47 [MQTT Call: paho2145044059066] INFO  c.s.Seminar1.services.MqttService - Gespeichert - Temperatur Differenz: 1.97
2026-07-10 11:31:47 [MQTT Call: paho2145044059066] INFO  c.s.Seminar1.services.MqttService - Gespeichert - Temperatur Ist: 29.62
2026-07-10 11:31:52 [MQTT Call: paho2145044059066] INFO  c.s.Seminar1.services.MqttService - Gespeichert - Temperatur Differenz: 1.94
2026-07-10 11:31:52 [MQTT Call: paho2145044059066] INFO  c.s.Seminar1.services.MqttService - Gespeichert - Temperatur Ist: 29.59
2026-07-10 11:31:58 [MQTT Call: paho2145044059066] INFO  c.s.Seminar1.services.MqttService - Gespeichert - Temperatur Differenz: 1.92
2026-07-10 11:31:58 [MQTT Call: paho2145044059066] INFO  c.s.Seminar1.services.MqttService - Gespeichert - Temperatur Ist: 29.57
2026-07-10 11:32:01 [MQTT Call: paho2145044059066] INFO  c.s.Seminar1.services.MqttService - Gespeichert - Temperatur Differenz: 1.91
2026-07-10 11:32:01 [MQTT Call: paho2145044059066] INFO  c.s.Seminar1.services.MqttService - Gespeichert - Temperatur Ist: 29.56
2026-07-10 11:32:07 [MQTT Call: paho2145044059066] INFO  c.s.Seminar1.services.MqttService - Gespeichert - Temperatur Differenz: 1.88
2026-07-10 11:32:07 [MQTT Call: paho2145044059066] INFO  c.s.Seminar1.services.MqttService - Gespeichert - Temperatur Ist: 29.53
2026-07-10 11:32:10 [MQTT Call: paho2145044059066] INFO  c.s.Seminar1.services.MqttService - Gespeichert - Temperatur Differenz: 1.87
2026-07-10 11:32:10 [MQTT Call: paho2145044059066] INFO  c.s.Seminar1.services.MqttService - Gespeichert - Temperatur Ist: 29.52
2026-07-10 11:32:14 [MQTT Call: paho2145044059066] INFO  c.s.Seminar1.services.MqttService - Gespeichert - Temperatur Differenz: 1.85
2026-07-10 11:32:14 [MQTT Call: paho2145044059066] INFO  c.s.Seminar1.services.MqttService - Gespeichert - Temperatur Ist: 29.5
2026-07-10 11:32:19 [MQTT Call: paho2145044059066] INFO  c.s.Seminar1.services.MqttService - Gespeichert - Temperatur Differenz: 1.82
2026-07-10 11:32:19 [MQTT Call: paho2145044059066] INFO  c.s.Seminar1.services.MqttService - Gespeichert - Temperatur Ist: 29.47
2026-07-10 11:32:24 [MQTT Call: paho2145044059066] INFO  c.s.Seminar1.services.MqttService - Gespeichert - Temperatur Differenz: 1.81
2026-07-10 11:32:24 [MQTT Call: paho2145044059066] INFO  c.s.Seminar1.services.MqttService - Gespeichert - Temperatur Ist: 29.46
2026-07-10 11:32:25 [MQTT Call: paho2145044059066] INFO  c.s.Seminar1.services.MqttService - Gespeichert - Temperatur Differenz: 1.82
2026-07-10 11:32:25 [MQTT Call: paho2145044059066] INFO  c.s.Seminar1.services.MqttService - Gespeichert - Temperatur Ist: 29.47
2026-07-10 11:32:25 [MQTT Call: paho2145044059066] INFO  c.s.Seminar1.services.MqttService - Gespeichert - Temperatur Differenz: 1.81
2026-07-10 11:32:25 [MQTT Call: paho2145044059066] INFO  c.s.Seminar1.services.MqttService - Gespeichert - Temperatur Ist: 29.46
2026-07-10 11:32:31 [MQTT Call: paho2145044059066] INFO  c.s.Seminar1.services.MqttService - Gespeichert - Temperatur Differenz: 1.78
2026-07-10 11:32:31 [MQTT Call: paho2145044059066] INFO  c.s.Seminar1.services.MqttService - Gespeichert - Temperatur Ist: 29.43
2026-07-10 11:32:34 [MQTT Call: paho2145044059066] INFO  c.s.Seminar1.services.MqttService - Gespeichert - Temperatur Differenz: 1.77
2026-07-10 11:32:34 [MQTT Call: paho2145044059066] INFO  c.s.Seminar1.services.MqttService - Gespeichert - Temperatur Ist: 29.42
2026-07-10 11:32:39 [MQTT Call: paho2145044059066] INFO  c.s.Seminar1.services.MqttService - Gespeichert - Temperatur Differenz: 1.75
2026-07-10 11:32:39 [MQTT Call: paho2145044059066] INFO  c.s.Seminar1.services.MqttService - Gespeichert - Temperatur Ist: 29.4
2026-07-10 11:32:46 [MQTT Call: paho2145044059066] INFO  c.s.Seminar1.services.MqttService - Gespeichert - Temperatur Differenz: 1.72
2026-07-10 11:32:46 [MQTT Call: paho2145044059066] INFO  c.s.Seminar1.services.MqttService - Gespeichert - Temperatur Ist: 29.37
2026-07-10 11:32:50 [MQTT Call: paho2145044059066] INFO  c.s.Seminar1.services.MqttService - Gespeichert - Temperatur Differenz: 1.71
2026-07-10 11:32:50 [MQTT Call: paho2145044059066] INFO  c.s.Seminar1.services.MqttService - Gespeichert - Temperatur Ist: 29.36
2026-07-10 11:32:53 [MQTT Call: paho2145044059066] INFO  c.s.Seminar1.services.MqttService - Gespeichert - Temperatur Soll: 27.68
2026-07-10 11:32:53 [MQTT Call: paho2145044059066] INFO  c.s.Seminar1.services.MqttService - Gespeichert - Temperatur Differenz: 1.68
2026-07-10 11:32:54 [MQTT Call: paho2145044059066] INFO  c.s.Seminar1.services.MqttService - Gespeichert - Temperatur Soll: 27.65
2026-07-10 11:32:54 [MQTT Call: paho2145044059066] INFO  c.s.Seminar1.services.MqttService - Gespeichert - Temperatur Differenz: 1.71
2026-07-10 11:32:55 [MQTT Call: paho2145044059066] INFO  c.s.Seminar1.services.MqttService - Gespeichert - Temperatur Soll: 27.68
2026-07-10 11:32:55 [MQTT Call: paho2145044059066] INFO  c.s.Seminar1.services.MqttService - Gespeichert - Temperatur Differenz: 1.68
2026-07-10 11:32:56 [MQTT Call: paho2145044059066] INFO  c.s.Seminar1.services.MqttService - Gespeichert - Temperatur Differenz: 1.67
2026-07-10 11:32:56 [MQTT Call: paho2145044059066] INFO  c.s.Seminar1.services.MqttService - Gespeichert - Temperatur Ist: 29.35
2026-07-10 11:32:59 [MQTT Call: paho2145044059066] INFO  c.s.Seminar1.services.MqttService - Gespeichert - Temperatur Soll: 27.65
2026-07-10 11:32:59 [MQTT Call: paho2145044059066] INFO  c.s.Seminar1.services.MqttService - Gespeichert - Temperatur Differenz: 1.7
2026-07-10 11:33:01 [MQTT Call: paho2145044059066] INFO  c.s.Seminar1.services.MqttService - Gespeichert - Temperatur Soll: 27.68
2026-07-10 11:33:01 [MQTT Call: paho2145044059066] INFO  c.s.Seminar1.services.MqttService - Gespeichert - Temperatur Differenz: 1.64
2026-07-10 11:33:01 [MQTT Call: paho2145044059066] INFO  c.s.Seminar1.services.MqttService - Gespeichert - Temperatur Ist: 29.32
2026-07-10 11:33:09 [MQTT Call: paho2145044059066] INFO  c.s.Seminar1.services.MqttService - Gespeichert - Temperatur Differenz: 1.62
2026-07-10 11:33:09 [MQTT Call: paho2145044059066] INFO  c.s.Seminar1.services.MqttService - Gespeichert - Temperatur Ist: 29.3
2026-07-10 11:33:14 [MQTT Call: paho2145044059066] INFO  c.s.Seminar1.services.MqttService - Gespeichert - Temperatur Differenz: 1.59
2026-07-10 11:33:14 [MQTT Call: paho2145044059066] INFO  c.s.Seminar1.services.MqttService - Gespeichert - Temperatur Ist: 29.27
2026-07-10 11:33:20 [MQTT Call: paho2145044059066] INFO  c.s.Seminar1.services.MqttService - Gespeichert - Temperatur Differenz: 1.58
2026-07-10 11:33:20 [MQTT Call: paho2145044059066] INFO  c.s.Seminar1.services.MqttService - Gespeichert - Temperatur Ist: 29.26
2026-07-10 11:33:25 [MQTT Call: paho2145044059066] INFO  c.s.Seminar1.services.MqttService - Gespeichert - Temperatur Differenz: 1.56
2026-07-10 11:33:25 [MQTT Call: paho2145044059066] INFO  c.s.Seminar1.services.MqttService - Gespeichert - Temperatur Ist: 29.24
2026-07-10 11:33:29 [MQTT Call: paho2145044059066] INFO  c.s.Seminar1.services.MqttService - Gespeichert - Temperatur Differenz: 1.54
2026-07-10 11:33:29 [MQTT Call: paho2145044059066] INFO  c.s.Seminar1.services.MqttService - Gespeichert - Temperatur Ist: 29.22
2026-07-10 11:33:31 [MQTT Call: paho2145044059066] INFO  c.s.Seminar1.services.MqttService - Gespeichert - Temperatur Differenz: 1.56
2026-07-10 11:33:31 [MQTT Call: paho2145044059066] INFO  c.s.Seminar1.services.MqttService - Gespeichert - Temperatur Ist: 29.24
2026-07-10 11:33:32 [MQTT Call: paho2145044059066] INFO  c.s.Seminar1.services.MqttService - Gespeichert - Temperatur Differenz: 1.54
2026-07-10 11:33:32 [MQTT Call: paho2145044059066] INFO  c.s.Seminar1.services.MqttService - Gespeichert - Temperatur Ist: 29.22
2026-07-10 11:33:37 [MQTT Call: paho2145044059066] INFO  c.s.Seminar1.services.MqttService - Gespeichert - Temperatur Differenz: 1.52
2026-07-10 11:33:37 [MQTT Call: paho2145044059066] INFO  c.s.Seminar1.services.MqttService - Gespeichert - Temperatur Ist: 29.2
2026-07-10 11:33:44 [MQTT Call: paho2145044059066] INFO  c.s.Seminar1.services.MqttService - Gespeichert - Temperatur Differenz: 1.51
2026-07-10 11:33:44 [MQTT Call: paho2145044059066] INFO  c.s.Seminar1.services.MqttService - Gespeichert - Temperatur Ist: 29.19
2026-07-10 11:33:52 [MQTT Call: paho2145044059066] INFO  c.s.Seminar1.services.MqttService - Gespeichert - Temperatur Differenz: 1.48
2026-07-10 11:33:52 [MQTT Call: paho2145044059066] INFO  c.s.Seminar1.services.MqttService - Gespeichert - Temperatur Ist: 29.16
2026-07-10 11:33:56 [MQTT Call: paho2145044059066] INFO  c.s.Seminar1.services.MqttService - Gespeichert - Temperatur Differenz: 1.46
2026-07-10 11:33:56 [MQTT Call: paho2145044059066] INFO  c.s.Seminar1.services.MqttService - Gespeichert - Temperatur Ist: 29.14
2026-07-10 11:34:02 [MQTT Call: paho2145044059066] INFO  c.s.Seminar1.services.MqttService - Gespeichert - Temperatur Differenz: 1.44
2026-07-10 11:34:02 [MQTT Call: paho2145044059066] INFO  c.s.Seminar1.services.MqttService - Gespeichert - Temperatur Ist: 29.12
2026-07-10 11:34:04 [MQTT Call: paho2145044059066] INFO  c.s.Seminar1.services.MqttService - Gespeichert - Temperatur Differenz: 1.46
2026-07-10 11:34:04 [MQTT Call: paho2145044059066] INFO  c.s.Seminar1.services.MqttService - Gespeichert - Temperatur Differenz: 1.44
2026-07-10 11:34:12 [MQTT Call: paho2145044059066] INFO  c.s.Seminar1.services.MqttService - Gespeichert - Temperatur Differenz: 1.42
2026-07-10 11:34:12 [MQTT Call: paho2145044059066] INFO  c.s.Seminar1.services.MqttService - Gespeichert - Temperatur Ist: 29.1
2026-07-10 11:34:18 [MQTT Call: paho2145044059066] INFO  c.s.Seminar1.services.MqttService - Gespeichert - Temperatur Differenz: 1.41
2026-07-10 11:34:18 [MQTT Call: paho2145044059066] INFO  c.s.Seminar1.services.MqttService - Gespeichert - Temperatur Ist: 29.09
2026-07-10 11:34:25 [MQTT Call: paho2145044059066] INFO  c.s.Seminar1.services.MqttService - Gespeichert - Temperatur Differenz: 1.38
2026-07-10 11:34:25 [MQTT Call: paho2145044059066] INFO  c.s.Seminar1.services.MqttService - Gespeichert - Temperatur Ist: 29.06
2026-07-10 11:34:33 [MQTT Call: paho2145044059066] INFO  c.s.Seminar1.services.MqttService - Gespeichert - Temperatur Differenz: 1.36
2026-07-10 11:34:33 [MQTT Call: paho2145044059066] INFO  c.s.Seminar1.services.MqttService - Gespeichert - Temperatur Ist: 29.04
2026-07-10 11:34:41 [MQTT Call: paho2145044059066] INFO  c.s.Seminar1.services.MqttService - Gespeichert - Temperatur Differenz: 1.35
2026-07-10 11:34:41 [MQTT Call: paho2145044059066] INFO  c.s.Seminar1.services.MqttService - Gespeichert - Temperatur Ist: 29.03
2026-07-10 11:34:48 [MQTT Call: paho2145044059066] INFO  c.s.Seminar1.services.MqttService - Gespeichert - Temperatur Soll: 27.7
2026-07-10 11:34:49 [MQTT Call: paho2145044059066] INFO  c.s.Seminar1.services.MqttService - Gespeichert - Temperatur Differenz: 1.3
2026-07-10 11:34:49 [MQTT Call: paho2145044059066] INFO  c.s.Seminar1.services.MqttService - Gespeichert - Temperatur Ist: 29.0
2026-07-10 11:34:49 [MQTT Call: paho2145044059066] INFO  c.s.Seminar1.services.MqttService - Gespeichert - Temperatur Soll: 27.68
2026-07-10 11:34:49 [MQTT Call: paho2145044059066] INFO  c.s.Seminar1.services.MqttService - Gespeichert - Temperatur Differenz: 1.32
2026-07-10 11:34:50 [MQTT Call: paho2145044059066] INFO  c.s.Seminar1.services.MqttService - Gespeichert - Temperatur Differenz: 1.3
2026-07-10 11:34:51 [MQTT Call: paho2145044059066] INFO  c.s.Seminar1.services.MqttService - Gespeichert - Temperatur Soll: 27.7
2026-07-10 11:34:57 [MQTT Call: paho2145044059066] INFO  c.s.Seminar1.services.MqttService - Gespeichert - Temperatur Differenz: 1.29
2026-07-10 11:34:57 [MQTT Call: paho2145044059066] INFO  c.s.Seminar1.services.MqttService - Gespeichert - Temperatur Ist: 28.99
2026-07-10 11:35:06 [MQTT Call: paho2145044059066] INFO  c.s.Seminar1.services.MqttService - Gespeichert - Temperatur Differenz: 1.26
2026-07-10 11:35:06 [MQTT Call: paho2145044059066] INFO  c.s.Seminar1.services.MqttService - Gespeichert - Temperatur Ist: 28.96
2026-07-10 11:35:13 [MQTT Call: paho2145044059066] INFO  c.s.Seminar1.services.MqttService - Gespeichert - Temperatur Differenz: 1.24
2026-07-10 11:35:13 [MQTT Call: paho2145044059066] INFO  c.s.Seminar1.services.MqttService - Gespeichert - Temperatur Ist: 28.94
2026-07-10 11:35:19 [MQTT Call: paho2145044059066] INFO  c.s.Seminar1.services.MqttService - Gespeichert - Temperatur Soll: 27.72
2026-07-10 11:35:19 [MQTT Call: paho2145044059066] INFO  c.s.Seminar1.services.MqttService - Gespeichert - Temperatur Differenz: 1.22
2026-07-10 11:35:20 [MQTT Call: paho2145044059066] INFO  c.s.Seminar1.services.MqttService - Gespeichert - Temperatur Soll: 27.7
2026-07-10 11:35:20 [MQTT Call: paho2145044059066] INFO  c.s.Seminar1.services.MqttService - Gespeichert - Temperatur Differenz: 1.23
2026-07-10 11:35:20 [MQTT Call: paho2145044059066] INFO  c.s.Seminar1.services.MqttService - Gespeichert - Temperatur Ist: 28.93
2026-07-10 11:35:21 [MQTT Call: paho2145044059066] INFO  c.s.Seminar1.services.MqttService - Gespeichert - Temperatur Soll: 27.72
2026-07-10 11:35:21 [MQTT Call: paho2145044059066] INFO  c.s.Seminar1.services.MqttService - Gespeichert - Temperatur Differenz: 1.21
2026-07-10 11:35:30 [MQTT Call: paho2145044059066] INFO  c.s.Seminar1.services.MqttService - Gespeichert - Temperatur Differenz: 1.18
2026-07-10 11:35:30 [MQTT Call: paho2145044059066] INFO  c.s.Seminar1.services.MqttService - Gespeichert - Temperatur Ist: 28.9
2026-07-10 11:35:36 [MQTT Call: paho2145044059066] INFO  c.s.Seminar1.services.MqttService - Gespeichert - Temperatur Differenz: 1.17
2026-07-10 11:35:36 [MQTT Call: paho2145044059066] INFO  c.s.Seminar1.services.MqttService - Gespeichert - Temperatur Ist: 28.89
2026-07-10 11:35:45 [MQTT Call: paho2145044059066] INFO  c.s.Seminar1.services.MqttService - Gespeichert - Temperatur Differenz: 1.15
2026-07-10 11:35:45 [MQTT Call: paho2145044059066] INFO  c.s.Seminar1.services.MqttService - Gespeichert - Temperatur Ist: 28.87
2026-07-10 11:35:53 [MQTT Call: paho2145044059066] INFO  c.s.Seminar1.services.MqttService - Gespeichert - Temperatur Differenz: 1.12
2026-07-10 11:35:53 [MQTT Call: paho2145044059066] INFO  c.s.Seminar1.services.MqttService - Gespeichert - Temperatur Ist: 28.84
2026-07-10 11:35:55 [MQTT Call: paho2145044059066] INFO  c.s.Seminar1.services.MqttService - Gespeichert - Temperatur Soll: 27.74
2026-07-10 11:35:55 [MQTT Call: paho2145044059066] INFO  c.s.Seminar1.services.MqttService - Gespeichert - Temperatur Differenz: 1.1
2026-07-10 11:35:56 [MQTT Call: paho2145044059066] INFO  c.s.Seminar1.services.MqttService - Gespeichert - Temperatur Soll: 27.72
2026-07-10 11:35:57 [MQTT Call: paho2145044059066] INFO  c.s.Seminar1.services.MqttService - Gespeichert - Temperatur Differenz: 1.12
2026-07-10 11:36:00 [MQTT Call: paho2145044059066] INFO  c.s.Seminar1.services.MqttService - Gespeichert - Temperatur Soll: 27.74
2026-07-10 11:36:00 [MQTT Call: paho2145044059066] INFO  c.s.Seminar1.services.MqttService - Gespeichert - Temperatur Differenz: 1.1
2026-07-10 11:36:07 [MQTT Call: paho2145044059066] INFO  c.s.Seminar1.services.MqttService - Gespeichert - Temperatur Differenz: 1.09
2026-07-10 11:36:07 [MQTT Call: paho2145044059066] INFO  c.s.Seminar1.services.MqttService - Gespeichert - Temperatur Ist: 28.83
2026-07-10 11:36:16 [MQTT Call: paho2145044059066] INFO  c.s.Seminar1.services.MqttService - Gespeichert - Temperatur Differenz: 1.06
2026-07-10 11:36:16 [MQTT Call: paho2145044059066] INFO  c.s.Seminar1.services.MqttService - Gespeichert - Temperatur Ist: 28.8
2026-07-10 11:36:28 [MQTT Call: paho2145044059066] INFO  c.s.Seminar1.services.MqttService - Gespeichert - Temperatur Differenz: 1.05
2026-07-10 11:36:28 [MQTT Call: paho2145044059066] INFO  c.s.Seminar1.services.MqttService - Gespeichert - Temperatur Ist: 28.79
2026-07-10 11:36:37 [MQTT Call: paho2145044059066] INFO  c.s.Seminar1.services.MqttService - Gespeichert - Temperatur Differenz: 1.03
2026-07-10 11:36:37 [MQTT Call: paho2145044059066] INFO  c.s.Seminar1.services.MqttService - Gespeichert - Temperatur Ist: 28.77
2026-07-10 11:36:39 [MQTT Call: paho2145044059066] INFO  c.s.Seminar1.services.MqttService - Gespeichert - Temperatur Soll: 27.77
2026-07-10 11:36:40 [MQTT Call: paho2145044059066] INFO  c.s.Seminar1.services.MqttService - Gespeichert - Temperatur Differenz: 1.0
2026-07-10 11:36:49 [MQTT Call: paho2145044059066] INFO  c.s.Seminar1.services.MqttService - Gespeichert - Temperatur Differenz: 0.97
2026-07-10 11:36:49 [MQTT Call: paho2145044059066] INFO  c.s.Seminar1.services.MqttService - Gespeichert - Temperatur Ist: 28.74
2026-07-10 11:37:00 [MQTT Call: paho2145044059066] INFO  c.s.Seminar1.services.MqttService - Gespeichert - Temperatur Differenz: 0.96
2026-07-10 11:37:00 [MQTT Call: paho2145044059066] INFO  c.s.Seminar1.services.MqttService - Gespeichert - Temperatur Ist: 28.73
2026-07-10 11:37:11 [MQTT Call: paho2145044059066] INFO  c.s.Seminar1.services.MqttService - Gespeichert - Temperatur Differenz: 0.94
2026-07-10 11:37:11 [MQTT Call: paho2145044059066] INFO  c.s.Seminar1.services.MqttService - Gespeichert - Temperatur Ist: 28.71
2026-07-10 11:37:14 [MQTT Call: paho2145044059066] INFO  c.s.Seminar1.services.MqttService - Gespeichert - Temperatur Soll: 27.78
2026-07-10 11:37:14 [MQTT Call: paho2145044059066] INFO  c.s.Seminar1.services.MqttService - Gespeichert - Temperatur Differenz: 0.93
2026-07-10 11:37:16 [MQTT Call: paho2145044059066] INFO  c.s.Seminar1.services.MqttService - Gespeichert - Temperatur Soll: 27.77
2026-07-10 11:37:17 [MQTT Call: paho2145044059066] INFO  c.s.Seminar1.services.MqttService - Gespeichert - Temperatur Differenz: 0.94
2026-07-10 11:37:17 [MQTT Call: paho2145044059066] INFO  c.s.Seminar1.services.MqttService - Gespeichert - Temperatur Soll: 27.78
2026-07-10 11:37:17 [MQTT Call: paho2145044059066] INFO  c.s.Seminar1.services.MqttService - Gespeichert - Temperatur Differenz: 0.93
2026-07-10 11:37:22 [MQTT Call: paho2145044059066] INFO  c.s.Seminar1.services.MqttService - Gespeichert - Temperatur Differenz: 0.91
2026-07-10 11:37:22 [MQTT Call: paho2145044059066] INFO  c.s.Seminar1.services.MqttService - Gespeichert - Temperatur Ist: 28.69
2026-07-10 11:37:36 [MQTT Call: paho2145044059066] INFO  c.s.Seminar1.services.MqttService - Gespeichert - Temperatur Differenz: 0.89
2026-07-10 11:37:36 [MQTT Call: paho2145044059066] INFO  c.s.Seminar1.services.MqttService - Gespeichert - Temperatur Ist: 28.67
2026-07-10 11:37:48 [MQTT Call: paho2145044059066] INFO  c.s.Seminar1.services.MqttService - Gespeichert - Temperatur Differenz: 0.86
2026-07-10 11:37:48 [MQTT Call: paho2145044059066] INFO  c.s.Seminar1.services.MqttService - Gespeichert - Temperatur Ist: 28.64
2026-07-10 11:38:02 [MQTT Call: paho2145044059066] INFO  c.s.Seminar1.services.MqttService - Gespeichert - Temperatur Soll: 27.8
2026-07-10 11:38:03 [MQTT Call: paho2145044059066] INFO  c.s.Seminar1.services.MqttService - Gespeichert - Temperatur Differenz: 0.84
2026-07-10 11:38:03 [MQTT Call: paho2145044059066] INFO  c.s.Seminar1.services.MqttService - Gespeichert - Temperatur Soll: 27.78
2026-07-10 11:38:04 [MQTT Call: paho2145044059066] INFO  c.s.Seminar1.services.MqttService - Gespeichert - Temperatur Differenz: 0.85
2026-07-10 11:38:04 [MQTT Call: paho2145044059066] INFO  c.s.Seminar1.services.MqttService - Gespeichert - Temperatur Ist: 28.63
2026-07-10 11:38:04 [MQTT Call: paho2145044059066] INFO  c.s.Seminar1.services.MqttService - Gespeichert - Temperatur Soll: 27.8
2026-07-10 11:38:05 [MQTT Call: paho2145044059066] INFO  c.s.Seminar1.services.MqttService - Gespeichert - Temperatur Differenz: 0.83
2026-07-10 11:38:20 [MQTT Call: paho2145044059066] INFO  c.s.Seminar1.services.MqttService - Gespeichert - Temperatur Differenz: 0.81
2026-07-10 11:38:21 [MQTT Call: paho2145044059066] INFO  c.s.Seminar1.services.MqttService - Gespeichert - Temperatur Ist: 28.61
2026-07-10 11:38:38 [MQTT Call: paho2145044059066] INFO  c.s.Seminar1.services.MqttService - Gespeichert - Temperatur Differenz: 0.79
2026-07-10 11:38:39 [MQTT Call: paho2145044059066] INFO  c.s.Seminar1.services.MqttService - Gespeichert - Temperatur Differenz: 0.78
2026-07-10 11:38:39 [MQTT Call: paho2145044059066] INFO  c.s.Seminar1.services.MqttService - Gespeichert - Temperatur Ist: 28.58
2026-07-10 11:38:40 [MQTT Call: paho2145044059066] INFO  c.s.Seminar1.services.MqttService - Gespeichert - Temperatur Soll: 27.82
2026-07-10 11:38:41 [MQTT Call: paho2145044059066] INFO  c.s.Seminar1.services.MqttService - Gespeichert - Temperatur Soll: 27.8
2026-07-10 11:38:42 [MQTT Call: paho2145044059066] INFO  c.s.Seminar1.services.MqttService - Gespeichert - Temperatur Soll: 27.82
2026-07-10 11:38:43 [MQTT Call: paho2145044059066] INFO  c.s.Seminar1.services.MqttService - Gespeichert - Temperatur Differenz: 0.76
2026-07-10 11:38:47 [MQTT Call: paho2145044059066] INFO  c.s.Seminar1.services.MqttService - Gespeichert - Temperatur Soll: 27.8
2026-07-10 11:38:48 [MQTT Call: paho2145044059066] INFO  c.s.Seminar1.services.MqttService - Gespeichert - Temperatur Differenz: 0.78
2026-07-10 11:38:48 [MQTT Call: paho2145044059066] INFO  c.s.Seminar1.services.MqttService - Gespeichert - Temperatur Soll: 27.82
2026-07-10 11:38:49 [MQTT Call: paho2145044059066] INFO  c.s.Seminar1.services.MqttService - Gespeichert - Temperatur Differenz: 0.76
2026-07-10 11:38:54 [MQTT Call: paho2145044059066] INFO  c.s.Seminar1.services.MqttService - Gespeichert - Temperatur Differenz: 0.75
2026-07-10 11:38:54 [MQTT Call: paho2145044059066] INFO  c.s.Seminar1.services.MqttService - Gespeichert - Temperatur Ist: 28.57
2026-07-10 11:39:03 [MQTT Call: paho2145044059066] INFO  c.s.Seminar1.services.MqttService - Gespeichert - Wago750 Control: 2
2026-07-10 11:39:04 [MQTT Call: paho2145044059066] INFO  c.s.Seminar1.services.MqttService - Gespeichert - Wago750 Status: 4.0
2026-07-10 11:39:04 [MQTT Call: paho2145044059066] INFO  c.s.Seminar1.services.MqttService - Gespeichert - Wago750 Status: 8.0
2026-07-10 11:39:05 [MQTT Call: paho2145044059066] INFO  c.s.Seminar1.services.MqttService - Gespeichert - Wago750 Status: 16.0
2026-07-10 11:39:06 [MQTT Call: paho2145044059066] INFO  c.s.Seminar1.services.MqttService - Gespeichert - Wago750 Status: 32.0
2026-07-10 11:39:07 [MQTT Call: paho2145044059066] INFO  c.s.Seminar1.services.MqttService - Gespeichert - Wago750 Status: 64.0
2026-07-10 11:39:08 [MQTT Call: paho2145044059066] INFO  c.s.Seminar1.services.MqttService - Gespeichert - Wago750 Status: 128.0
2026-07-10 11:39:09 [MQTT Call: paho2145044059066] INFO  c.s.Seminar1.services.MqttService - Gespeichert - Wago750 Status: 32768.0
2026-07-10 11:39:11 [MQTT Call: paho2145044059066] INFO  c.s.Seminar1.services.MqttService - Gespeichert - Wago750 Status: 16384.0
2026-07-10 11:39:11 [MQTT Call: paho2145044059066] INFO  c.s.Seminar1.services.MqttService - Gespeichert - Wago750 Status: 8192.0
2026-07-10 11:39:11 [MQTT Call: paho2145044059066] INFO  c.s.Seminar1.services.MqttService - Gespeichert - Temperatur Differenz: 0.74
2026-07-10 11:39:11 [MQTT Call: paho2145044059066] INFO  c.s.Seminar1.services.MqttService - Gespeichert - Temperatur Ist: 28.56
2026-07-10 11:39:13 [MQTT Call: paho2145044059066] INFO  c.s.Seminar1.services.MqttService - Gespeichert - Wago750 Status: 4096.0
2026-07-10 11:39:13 [MQTT Call: paho2145044059066] INFO  c.s.Seminar1.services.MqttService - Gespeichert - Wago750 Status: 2048.0
2026-07-10 11:39:14 [MQTT Call: paho2145044059066] INFO  c.s.Seminar1.services.MqttService - Gespeichert - Wago750 Status: 1024.0
2026-07-10 11:39:15 [MQTT Call: paho2145044059066] INFO  c.s.Seminar1.services.MqttService - Gespeichert - Wago750 Status: 512.0
2026-07-10 11:39:16 [MQTT Call: paho2145044059066] INFO  c.s.Seminar1.services.MqttService - Gespeichert - Wago750 Status: 256.0
2026-07-10 11:39:18 [MQTT Call: paho2145044059066] INFO  c.s.Seminar1.services.MqttService - Gespeichert - Wago750 Status: 1.0
2026-07-10 11:39:18 [MQTT Call: paho2145044059066] INFO  c.s.Seminar1.services.MqttService - Gespeichert - Wago750 Status: 2.0
2026-07-10 11:39:20 [MQTT Call: paho2145044059066] INFO  c.s.Seminar1.services.MqttService - Gespeichert - Wago750 Status: 4.0
2026-07-10 11:39:20 [MQTT Call: paho2145044059066] INFO  c.s.Seminar1.services.MqttService - Gespeichert - Wago750 Status: 8.0
2026-07-10 11:39:21 [MQTT Call: paho2145044059066] INFO  c.s.Seminar1.services.MqttService - Gespeichert - Wago750 Status: 16.0
2026-07-10 11:39:22 [MQTT Call: paho2145044059066] INFO  c.s.Seminar1.services.MqttService - Gespeichert - Wago750 Status: 32.0
2026-07-10 11:39:24 [MQTT Call: paho2145044059066] INFO  c.s.Seminar1.services.MqttService - Gespeichert - Wago750 Status: 64.0
2026-07-10 11:39:25 [MQTT Call: paho2145044059066] INFO  c.s.Seminar1.services.MqttService - Gespeichert - Wago750 Status: 128.0
2026-07-10 11:39:26 [MQTT Call: paho2145044059066] INFO  c.s.Seminar1.services.MqttService - Gespeichert - Wago750 Status: 32768.0
2026-07-10 11:39:27 [MQTT Call: paho2145044059066] INFO  c.s.Seminar1.services.MqttService - Gespeichert - Wago750 Status: 16384.0
2026-07-10 11:39:27 [MQTT Call: paho2145044059066] INFO  c.s.Seminar1.services.MqttService - Gespeichert - Wago750 Status: 8192.0
2026-07-10 11:39:29 [MQTT Call: paho2145044059066] INFO  c.s.Seminar1.services.MqttService - Gespeichert - Wago750 Status: 4096.0
2026-07-10 11:39:30 [MQTT Call: paho2145044059066] INFO  c.s.Seminar1.services.MqttService - Gespeichert - Wago750 Status: 2048.0
2026-07-10 11:39:30 [MQTT Call: paho2145044059066] INFO  c.s.Seminar1.services.MqttService - Gespeichert - Wago750 Status: 1024.0
2026-07-10 11:39:30 [MQTT Call: paho2145044059066] INFO  c.s.Seminar1.services.MqttService - Gespeichert - Temperatur Differenz: 0.71
2026-07-10 11:39:30 [MQTT Call: paho2145044059066] INFO  c.s.Seminar1.services.MqttService - Gespeichert - Temperatur Ist: 28.53
2026-07-10 11:39:32 [MQTT Call: paho2145044059066] INFO  c.s.Seminar1.services.MqttService - Gespeichert - Wago750 Status: 512.0
2026-07-10 11:39:33 [MQTT Call: paho2145044059066] INFO  c.s.Seminar1.services.MqttService - Gespeichert - Wago750 Status: 256.0
2026-07-10 11:39:34 [MQTT Call: paho2145044059066] INFO  c.s.Seminar1.services.MqttService - Gespeichert - Wago750 Status: 1.0
2026-07-10 11:39:34 [MQTT Call: paho2145044059066] INFO  c.s.Seminar1.services.MqttService - Gespeichert - Wago750 Status: 2.0
2026-07-10 11:39:35 [MQTT Call: paho2145044059066] INFO  c.s.Seminar1.services.MqttService - Gespeichert - Wago750 Status: 4.0
2026-07-10 11:39:36 [MQTT Call: paho2145044059066] INFO  c.s.Seminar1.services.MqttService - Gespeichert - Wago750 Status: 8.0
2026-07-10 11:39:37 [MQTT Call: paho2145044059066] INFO  c.s.Seminar1.services.MqttService - Gespeichert - Wago750 Status: 16.0
2026-07-10 11:39:38 [MQTT Call: paho2145044059066] INFO  c.s.Seminar1.services.MqttService - Gespeichert - Wago750 Status: 32.0
2026-07-10 11:39:39 [MQTT Call: paho2145044059066] INFO  c.s.Seminar1.services.MqttService - Gespeichert - Wago750 Status: 64.0
2026-07-10 11:39:41 [MQTT Call: paho2145044059066] INFO  c.s.Seminar1.services.MqttService - Gespeichert - Wago750 Status: 128.0
2026-07-10 11:39:42 [MQTT Call: paho2145044059066] INFO  c.s.Seminar1.services.MqttService - Gespeichert - Wago750 Status: 32768.0
2026-07-10 11:39:42 [MQTT Call: paho2145044059066] INFO  c.s.Seminar1.services.MqttService - Gespeichert - Wago750 Status: 16384.0
2026-07-10 11:39:44 [MQTT Call: paho2145044059066] INFO  c.s.Seminar1.services.MqttService - Gespeichert - Wago750 Status: 8192.0
2026-07-10 11:39:44 [MQTT Call: paho2145044059066] INFO  c.s.Seminar1.services.MqttService - Gespeichert - Wago750 Status: 4096.0
2026-07-10 11:39:45 [MQTT Call: paho2145044059066] INFO  c.s.Seminar1.services.MqttService - Gespeichert - Wago750 Status: 2048.0
2026-07-10 11:39:46 [MQTT Call: paho2145044059066] INFO  c.s.Seminar1.services.MqttService - Gespeichert - Temperatur Soll: 27.84
2026-07-10 11:39:46 [MQTT Call: paho2145044059066] INFO  c.s.Seminar1.services.MqttService - Gespeichert - Wago750 Status: 1024.0
2026-07-10 11:39:46 [MQTT Call: paho2145044059066] INFO  c.s.Seminar1.services.MqttService - Gespeichert - Temperatur Differenz: 0.69
2026-07-10 11:39:47 [MQTT Call: paho2145044059066] INFO  c.s.Seminar1.services.MqttService - Gespeichert - Temperatur Soll: 27.82
2026-07-10 11:39:48 [MQTT Call: paho2145044059066] INFO  c.s.Seminar1.services.MqttService - Gespeichert - Wago750 Status: 512.0
2026-07-10 11:39:48 [MQTT Call: paho2145044059066] INFO  c.s.Seminar1.services.MqttService - Gespeichert - Temperatur Differenz: 0.71
2026-07-10 11:39:48 [MQTT Call: paho2145044059066] INFO  c.s.Seminar1.services.MqttService - Gespeichert - Temperatur Soll: 27.84
2026-07-10 11:39:48 [MQTT Call: paho2145044059066] INFO  c.s.Seminar1.services.MqttService - Gespeichert - Wago750 Status: 256.0
2026-07-10 11:39:49 [MQTT Call: paho2145044059066] INFO  c.s.Seminar1.services.MqttService - Gespeichert - Temperatur Differenz: 0.69
2026-07-10 11:39:49 [MQTT Call: paho2145044059066] INFO  c.s.Seminar1.services.MqttService - Gespeichert - Temperatur Soll: 27.82
2026-07-10 11:39:50 [MQTT Call: paho2145044059066] INFO  c.s.Seminar1.services.MqttService - Gespeichert - Wago750 Status: 1.0
2026-07-10 11:39:50 [MQTT Call: paho2145044059066] INFO  c.s.Seminar1.services.MqttService - Gespeichert - Temperatur Soll: 27.84
2026-07-10 11:39:50 [MQTT Call: paho2145044059066] INFO  c.s.Seminar1.services.MqttService - Gespeichert - Wago750 Status: 2.0
2026-07-10 11:39:50 [MQTT Call: paho2145044059066] INFO  c.s.Seminar1.services.MqttService - Gespeichert - Temperatur Differenz: 0.67
2026-07-10 11:39:50 [MQTT Call: paho2145044059066] INFO  c.s.Seminar1.services.MqttService - Gespeichert - Temperatur Ist: 28.51
2026-07-10 11:39:51 [MQTT Call: paho2145044059066] INFO  c.s.Seminar1.services.MqttService - Gespeichert - Wago750 Status: 4.0
2026-07-10 11:39:52 [MQTT Call: paho2145044059066] INFO  c.s.Seminar1.services.MqttService - Gespeichert - Wago750 Status: 8.0
2026-07-10 11:39:53 [MQTT Call: paho2145044059066] INFO  c.s.Seminar1.services.MqttService - Gespeichert - Wago750 Status: 16.0
2026-07-10 11:39:54 [MQTT Call: paho2145044059066] INFO  c.s.Seminar1.services.MqttService - Gespeichert - Wago750 Status: 32.0
2026-07-10 11:39:55 [MQTT Call: paho2145044059066] INFO  c.s.Seminar1.services.MqttService - Gespeichert - Wago750 Status: 64.0
2026-07-10 11:39:56 [MQTT Call: paho2145044059066] INFO  c.s.Seminar1.services.MqttService - Gespeichert - Wago750 Status: 128.0
2026-07-10 11:39:58 [MQTT Call: paho2145044059066] INFO  c.s.Seminar1.services.MqttService - Gespeichert - Wago750 Status: 32768.0
2026-07-10 11:39:58 [MQTT Call: paho2145044059066] INFO  c.s.Seminar1.services.MqttService - Gespeichert - Wago750 Status: 16384.0
2026-07-10 11:40:00 [MQTT Call: paho2145044059066] INFO  c.s.Seminar1.services.MqttService - Gespeichert - Temperatur Soll: 27.82
2026-07-10 11:40:00 [MQTT Call: paho2145044059066] INFO  c.s.Seminar1.services.MqttService - Gespeichert - Wago750 Status: 8192.0
2026-07-10 11:40:00 [MQTT Call: paho2145044059066] INFO  c.s.Seminar1.services.MqttService - Gespeichert - Temperatur Differenz: 0.69
2026-07-10 11:40:00 [MQTT Call: paho2145044059066] INFO  c.s.Seminar1.services.MqttService - Gespeichert - Wago750 Status: 4096.0
2026-07-10 11:40:01 [MQTT Call: paho2145044059066] INFO  c.s.Seminar1.services.MqttService - Gespeichert - Temperatur Soll: 27.84
2026-07-10 11:40:01 [MQTT Call: paho2145044059066] INFO  c.s.Seminar1.services.MqttService - Gespeichert - Wago750 Status: 2048.0
2026-07-10 11:40:01 [MQTT Call: paho2145044059066] INFO  c.s.Seminar1.services.MqttService - Gespeichert - Temperatur Differenz: 0.67
2026-07-10 11:40:02 [MQTT Call: paho2145044059066] INFO  c.s.Seminar1.services.MqttService - Gespeichert - Wago750 Status: 1024.0
2026-07-10 11:40:04 [MQTT Call: paho2145044059066] INFO  c.s.Seminar1.services.MqttService - Gespeichert - Temperatur Soll: 27.82
2026-07-10 11:40:05 [MQTT Call: paho2145044059066] INFO  c.s.Seminar1.services.MqttService - Gespeichert - Wago750 Status: 256.0
2026-07-10 11:40:05 [MQTT Call: paho2145044059066] INFO  c.s.Seminar1.services.MqttService - Gespeichert - Temperatur Differenz: 0.69
2026-07-10 11:40:05 [MQTT Call: paho2145044059066] INFO  c.s.Seminar1.services.MqttService - Gespeichert - Temperatur Soll: 27.84
2026-07-10 11:40:06 [MQTT Call: paho2145044059066] INFO  c.s.Seminar1.services.MqttService - Gespeichert - Wago750 Status: 1.0
2026-07-10 11:40:06 [MQTT Call: paho2145044059066] INFO  c.s.Seminar1.services.MqttService - Gespeichert - Temperatur Differenz: 0.67
2026-07-10 11:40:07 [MQTT Call: paho2145044059066] INFO  c.s.Seminar1.services.MqttService - Gespeichert - Wago750 Status: 2.0
2026-07-10 11:40:07 [MQTT Call: paho2145044059066] INFO  c.s.Seminar1.services.MqttService - Gespeichert - Temperatur Soll: 27.82
2026-07-10 11:40:07 [MQTT Call: paho2145044059066] INFO  c.s.Seminar1.services.MqttService - Gespeichert - Wago750 Status: 4.0
2026-07-10 11:40:07 [MQTT Call: paho2145044059066] INFO  c.s.Seminar1.services.MqttService - Gespeichert - Temperatur Differenz: 0.64
2026-07-10 11:40:07 [MQTT Call: paho2145044059066] INFO  c.s.Seminar1.services.MqttService - Gespeichert - Temperatur Ist: 28.48
2026-07-10 11:40:08 [MQTT Call: paho2145044059066] INFO  c.s.Seminar1.services.MqttService - Gespeichert - Wago750 Status: 8.0
2026-07-10 11:40:08 [MQTT Call: paho2145044059066] INFO  c.s.Seminar1.services.MqttService - Gespeichert - Temperatur Differenz: 0.66
2026-07-10 11:40:09 [MQTT Call: paho2145044059066] INFO  c.s.Seminar1.services.MqttService - Gespeichert - Temperatur Soll: 27.84
2026-07-10 11:40:10 [MQTT Call: paho2145044059066] INFO  c.s.Seminar1.services.MqttService - Gespeichert - Wago750 Status: 16.0
2026-07-10 11:40:10 [MQTT Call: paho2145044059066] INFO  c.s.Seminar1.services.MqttService - Gespeichert - Temperatur Differenz: 0.64
2026-07-10 11:40:11 [MQTT Call: paho2145044059066] INFO  c.s.Seminar1.services.MqttService - Gespeichert - Wago750 Status: 32.0
2026-07-10 11:40:12 [MQTT Call: paho2145044059066] INFO  c.s.Seminar1.services.MqttService - Gespeichert - Temperatur Soll: 27.82
2026-07-10 11:40:12 [MQTT Call: paho2145044059066] INFO  c.s.Seminar1.services.MqttService - Gespeichert - Wago750 Status: 64.0
2026-07-10 11:40:12 [MQTT Call: paho2145044059066] INFO  c.s.Seminar1.services.MqttService - Gespeichert - Temperatur Differenz: 0.66
2026-07-10 11:40:12 [MQTT Call: paho2145044059066] INFO  c.s.Seminar1.services.MqttService - Gespeichert - Temperatur Soll: 27.84
2026-07-10 11:40:13 [MQTT Call: paho2145044059066] INFO  c.s.Seminar1.services.MqttService - Gespeichert - Wago750 Status: 128.0
2026-07-10 11:40:13 [MQTT Call: paho2145044059066] INFO  c.s.Seminar1.services.MqttService - Gespeichert - Temperatur Differenz: 0.64
2026-07-10 11:40:13 [MQTT Call: paho2145044059066] INFO  c.s.Seminar1.services.MqttService - Gespeichert - Temperatur Soll: 27.82
2026-07-10 11:40:14 [MQTT Call: paho2145044059066] INFO  c.s.Seminar1.services.MqttService - Gespeichert - Wago750 Status: 32768.0
2026-07-10 11:40:14 [MQTT Call: paho2145044059066] INFO  c.s.Seminar1.services.MqttService - Gespeichert - Temperatur Differenz: 0.66
2026-07-10 11:40:14 [MQTT Call: paho2145044059066] INFO  c.s.Seminar1.services.MqttService - Gespeichert - Temperatur Soll: 27.84
2026-07-10 11:40:15 [MQTT Call: paho2145044059066] INFO  c.s.Seminar1.services.MqttService - Gespeichert - Wago750 Status: 16384.0
2026-07-10 11:40:15 [MQTT Call: paho2145044059066] INFO  c.s.Seminar1.services.MqttService - Gespeichert - Temperatur Differenz: 0.64
2026-07-10 11:40:16 [MQTT Call: paho2145044059066] INFO  c.s.Seminar1.services.MqttService - Gespeichert - Wago750 Status: 8192.0
2026-07-10 11:40:16 [MQTT Call: paho2145044059066] INFO  c.s.Seminar1.services.MqttService - Gespeichert - Wago750 Status: 4096.0
2026-07-10 11:40:17 [MQTT Call: paho2145044059066] INFO  c.s.Seminar1.services.MqttService - Gespeichert - Wago750 Status: 2048.0
2026-07-10 11:40:18 [MQTT Call: paho2145044059066] INFO  c.s.Seminar1.services.MqttService - Gespeichert - Wago750 Status: 1024.0
2026-07-10 11:40:19 [MQTT Call: paho2145044059066] INFO  c.s.Seminar1.services.MqttService - Gespeichert - Wago750 Status: 512.0
2026-07-10 11:40:20 [MQTT Call: paho2145044059066] INFO  c.s.Seminar1.services.MqttService - Gespeichert - Wago750 Status: 256.0
2026-07-10 11:40:21 [MQTT Call: paho2145044059066] INFO  c.s.Seminar1.services.MqttService - Gespeichert - Temperatur Soll: 27.82
2026-07-10 11:40:22 [MQTT Call: paho2145044059066] INFO  c.s.Seminar1.services.MqttService - Gespeichert - Wago750 Status: 1.0
2026-07-10 11:40:22 [MQTT Call: paho2145044059066] INFO  c.s.Seminar1.services.MqttService - Gespeichert - Temperatur Differenz: 0.66
2026-07-10 11:40:23 [MQTT Call: paho2145044059066] INFO  c.s.Seminar1.services.MqttService - Gespeichert - Wago750 Status: 2.0
2026-07-10 11:40:23 [MQTT Call: paho2145044059066] INFO  c.s.Seminar1.services.MqttService - Gespeichert - Temperatur Soll: 27.84
2026-07-10 11:40:24 [MQTT Call: paho2145044059066] INFO  c.s.Seminar1.services.MqttService - Gespeichert - Wago750 Status: 4.0
2026-07-10 11:40:24 [MQTT Call: paho2145044059066] INFO  c.s.Seminar1.services.MqttService - Gespeichert - Temperatur Differenz: 0.64
2026-07-10 11:40:24 [MQTT Call: paho2145044059066] INFO  c.s.Seminar1.services.MqttService - Gespeichert - Wago750 Status: 8.0
2026-07-10 11:40:25 [MQTT Call: paho2145044059066] INFO  c.s.Seminar1.services.MqttService - Gespeichert - Wago750 Status: 16.0
2026-07-10 11:40:25 [MQTT Call: paho2145044059066] INFO  c.s.Seminar1.services.MqttService - Gespeichert - Temperatur Differenz: 0.63
2026-07-10 11:40:25 [MQTT Call: paho2145044059066] INFO  c.s.Seminar1.services.MqttService - Gespeichert - Temperatur Ist: 28.47
2026-07-10 11:40:26 [MQTT Call: paho2145044059066] INFO  c.s.Seminar1.services.MqttService - Gespeichert - Wago750 Status: 32.0
2026-07-10 11:40:28 [MQTT Call: paho2145044059066] INFO  c.s.Seminar1.services.MqttService - Gespeichert - Wago750 Status: 64.0
2026-07-10 11:40:28 [MQTT Call: paho2145044059066] INFO  c.s.Seminar1.services.MqttService - Gespeichert - Wago750 Status: 128.0
2026-07-10 11:40:30 [MQTT Call: paho2145044059066] INFO  c.s.Seminar1.services.MqttService - Gespeichert - Wago750 Status: 32768.0
2026-07-10 11:40:31 [MQTT Call: paho2145044059066] INFO  c.s.Seminar1.services.MqttService - Gespeichert - Wago750 Status: 16384.0
2026-07-10 11:40:32 [MQTT Call: paho2145044059066] INFO  c.s.Seminar1.services.MqttService - Gespeichert - Wago750 Status: 8192.0
2026-07-10 11:40:32 [MQTT Call: paho2145044059066] INFO  c.s.Seminar1.services.MqttService - Gespeichert - Wago750 Status: 4096.0
2026-07-10 11:40:33 [MQTT Call: paho2145044059066] INFO  c.s.Seminar1.services.MqttService - Gespeichert - Wago750 Status: 2048.0
2026-07-10 11:40:34 [MQTT Call: paho2145044059066] INFO  c.s.Seminar1.services.MqttService - Gespeichert - Wago750 Status: 1024.0
2026-07-10 11:40:36 [MQTT Call: paho2145044059066] INFO  c.s.Seminar1.services.MqttService - Gespeichert - Wago750 Status: 512.0
2026-07-10 11:40:37 [MQTT Call: paho2145044059066] INFO  c.s.Seminar1.services.MqttService - Gespeichert - Wago750 Status: 256.0
2026-07-10 11:40:38 [MQTT Call: paho2145044059066] INFO  c.s.Seminar1.services.MqttService - Gespeichert - Wago750 Status: 1.0
2026-07-10 11:40:39 [MQTT Call: paho2145044059066] INFO  c.s.Seminar1.services.MqttService - Gespeichert - Wago750 Status: 2.0
2026-07-10 11:40:40 [MQTT Call: paho2145044059066] INFO  c.s.Seminar1.services.MqttService - Gespeichert - Wago750 Status: 4.0
2026-07-10 11:40:40 [MQTT Call: paho2145044059066] INFO  c.s.Seminar1.services.MqttService - Gespeichert - Wago750 Status: 8.0
2026-07-10 11:40:41 [MQTT Call: paho2145044059066] INFO  c.s.Seminar1.services.MqttService - Gespeichert - Wago750 Status: 16.0
2026-07-10 11:40:43 [MQTT Call: paho2145044059066] INFO  c.s.Seminar1.services.MqttService - Gespeichert - Wago750 Status: 32.0
2026-07-10 11:40:44 [MQTT Call: paho2145044059066] INFO  c.s.Seminar1.services.MqttService - Gespeichert - Wago750 Status: 64.0
2026-07-10 11:40:44 [MQTT Call: paho2145044059066] INFO  c.s.Seminar1.services.MqttService - Gespeichert - Wago750 Status: 128.0
2026-07-10 11:40:46 [MQTT Call: paho2145044059066] INFO  c.s.Seminar1.services.MqttService - Gespeichert - Wago750 Status: 32768.0
2026-07-10 11:40:46 [MQTT Call: paho2145044059066] INFO  c.s.Seminar1.services.MqttService - Gespeichert - Wago750 Status: 16384.0
2026-07-10 11:40:48 [MQTT Call: paho2145044059066] INFO  c.s.Seminar1.services.MqttService - Gespeichert - Wago750 Status: 8192.0
2026-07-10 11:40:48 [MQTT Call: paho2145044059066] INFO  c.s.Seminar1.services.MqttService - Gespeichert - Temperatur Differenz: 0.62
2026-07-10 11:40:48 [MQTT Call: paho2145044059066] INFO  c.s.Seminar1.services.MqttService - Gespeichert - Temperatur Ist: 28.46
2026-07-10 11:40:49 [MQTT Call: paho2145044059066] INFO  c.s.Seminar1.services.MqttService - Gespeichert - Wago750 Status: 4096.0
2026-07-10 11:40:49 [MQTT Call: paho2145044059066] INFO  c.s.Seminar1.services.MqttService - Gespeichert - Wago750 Status: 2048.0
2026-07-10 11:40:50 [MQTT Call: paho2145044059066] INFO  c.s.Seminar1.services.MqttService - Gespeichert - Wago750 Status: 1024.0
2026-07-10 11:40:52 [MQTT Call: paho2145044059066] INFO  c.s.Seminar1.services.MqttService - Gespeichert - Wago750 Status: 512.0
2026-07-10 11:40:53 [MQTT Call: paho2145044059066] INFO  c.s.Seminar1.services.MqttService - Gespeichert - Wago750 Status: 256.0
2026-07-10 11:40:53 [MQTT Call: paho2145044059066] INFO  c.s.Seminar1.services.MqttService - Gespeichert - Wago750 Status: 1.0
2026-07-10 11:40:55 [MQTT Call: paho2145044059066] INFO  c.s.Seminar1.services.MqttService - Gespeichert - Wago750 Status: 2.0
2026-07-10 11:40:56 [MQTT Call: paho2145044059066] INFO  c.s.Seminar1.services.MqttService - Gespeichert - Wago750 Status: 4.0
2026-07-10 11:40:57 [MQTT Call: paho2145044059066] INFO  c.s.Seminar1.services.MqttService - Gespeichert - Wago750 Status: 8.0
2026-07-10 11:40:57 [MQTT Call: paho2145044059066] INFO  c.s.Seminar1.services.MqttService - Gespeichert - Wago750 Status: 16.0
2026-07-10 11:40:59 [MQTT Call: paho2145044059066] INFO  c.s.Seminar1.services.MqttService - Gespeichert - Wago750 Status: 32.0
2026-07-10 11:41:00 [MQTT Call: paho2145044059066] INFO  c.s.Seminar1.services.MqttService - Gespeichert - Wago750 Status: 64.0
2026-07-10 11:41:01 [MQTT Call: paho2145044059066] INFO  c.s.Seminar1.services.MqttService - Gespeichert - Wago750 Status: 128.0
2026-07-10 11:41:01 [MQTT Call: paho2145044059066] INFO  c.s.Seminar1.services.MqttService - Gespeichert - Wago750 Status: 32768.0
2026-07-10 11:41:03 [MQTT Call: paho2145044059066] INFO  c.s.Seminar1.services.MqttService - Gespeichert - Wago750 Status: 16384.0
2026-07-10 11:41:04 [MQTT Call: paho2145044059066] INFO  c.s.Seminar1.services.MqttService - Gespeichert - Wago750 Status: 8192.0
2026-07-10 11:41:05 [MQTT Call: paho2145044059066] INFO  c.s.Seminar1.services.MqttService - Gespeichert - Wago750 Status: 2048.0
2026-07-10 11:41:07 [MQTT Call: paho2145044059066] INFO  c.s.Seminar1.services.MqttService - Gespeichert - Wago750 Status: 1024.0
2026-07-10 11:41:07 [MQTT Call: paho2145044059066] INFO  c.s.Seminar1.services.MqttService - Gespeichert - Wago750 Status: 512.0
2026-07-10 11:41:09 [MQTT Call: paho2145044059066] INFO  c.s.Seminar1.services.MqttService - Gespeichert - Wago750 Status: 256.0
2026-07-10 11:41:09 [MQTT Call: paho2145044059066] INFO  c.s.Seminar1.services.MqttService - Gespeichert - Wago750 Status: 1.0
2026-07-10 11:41:10 [MQTT Call: paho2145044059066] INFO  c.s.Seminar1.services.MqttService - Gespeichert - Wago750 Status: 2.0
2026-07-10 11:41:12 [MQTT Call: paho2145044059066] INFO  c.s.Seminar1.services.MqttService - Gespeichert - Wago750 Status: 4.0
2026-07-10 11:41:13 [MQTT Call: paho2145044059066] INFO  c.s.Seminar1.services.MqttService - Gespeichert - Wago750 Status: 8.0
2026-07-10 11:41:13 [MQTT Call: paho2145044059066] INFO  c.s.Seminar1.services.MqttService - Gespeichert - Wago750 Status: 16.0
2026-07-10 11:41:13 [MQTT Call: paho2145044059066] INFO  c.s.Seminar1.services.MqttService - Gespeichert - Temperatur Differenz: 0.59
2026-07-10 11:41:13 [MQTT Call: paho2145044059066] INFO  c.s.Seminar1.services.MqttService - Gespeichert - Temperatur Ist: 28.43
2026-07-10 11:41:15 [MQTT Call: paho2145044059066] INFO  c.s.Seminar1.services.MqttService - Gespeichert - Wago750 Status: 32.0
2026-07-10 11:41:16 [MQTT Call: paho2145044059066] INFO  c.s.Seminar1.services.MqttService - Gespeichert - Wago750 Status: 64.0
2026-07-10 11:41:16 [MQTT Call: paho2145044059066] INFO  c.s.Seminar1.services.MqttService - Gespeichert - Wago750 Status: 128.0
2026-07-10 11:41:17 [MQTT Call: paho2145044059066] INFO  c.s.Seminar1.services.MqttService - Gespeichert - Temperatur Soll: 27.85
2026-07-10 11:41:17 [MQTT Call: paho2145044059066] INFO  c.s.Seminar1.services.MqttService - Gespeichert - Wago750 Status: 32768.0
2026-07-10 11:41:17 [MQTT Call: paho2145044059066] INFO  c.s.Seminar1.services.MqttService - Gespeichert - Temperatur Differenz: 0.58
2026-07-10 11:41:18 [MQTT Call: paho2145044059066] INFO  c.s.Seminar1.services.MqttService - Gespeichert - Wago750 Status: 16384.0
2026-07-10 11:41:19 [MQTT Call: paho2145044059066] INFO  c.s.Seminar1.services.MqttService - Gespeichert - Wago750 Status: 8192.0
2026-07-10 11:41:20 [MQTT Call: paho2145044059066] INFO  c.s.Seminar1.services.MqttService - Gespeichert - Wago750 Status: 4096.0
2026-07-10 11:41:21 [MQTT Call: paho2145044059066] INFO  c.s.Seminar1.services.MqttService - Gespeichert - Wago750 Status: 2048.0
2026-07-10 11:41:22 [MQTT Call: paho2145044059066] INFO  c.s.Seminar1.services.MqttService - Gespeichert - Wago750 Status: 1024.0
2026-07-10 11:41:23 [MQTT Call: paho2145044059066] INFO  c.s.Seminar1.services.MqttService - Gespeichert - Wago750 Status: 512.0
2026-07-10 11:41:25 [MQTT Call: paho2145044059066] INFO  c.s.Seminar1.services.MqttService - Gespeichert - Wago750 Status: 256.0
2026-07-10 11:41:25 [MQTT Call: paho2145044059066] INFO  c.s.Seminar1.services.MqttService - Gespeichert - Wago750 Status: 1.0
2026-07-10 11:41:26 [MQTT Call: paho2145044059066] INFO  c.s.Seminar1.services.MqttService - Gespeichert - Wago750 Status: 2.0
2026-07-10 11:41:27 [MQTT Call: paho2145044059066] INFO  c.s.Seminar1.services.MqttService - Gespeichert - Wago750 Status: 4.0
2026-07-10 11:41:28 [MQTT Call: paho2145044059066] INFO  c.s.Seminar1.services.MqttService - Gespeichert - Wago750 Status: 8.0
2026-07-10 11:41:30 [MQTT Call: paho2145044059066] INFO  c.s.Seminar1.services.MqttService - Gespeichert - Wago750 Status: 16.0
2026-07-10 11:41:31 [MQTT Call: paho2145044059066] INFO  c.s.Seminar1.services.MqttService - Gespeichert - Wago750 Status: 32.0
2026-07-10 11:41:31 [MQTT Call: paho2145044059066] INFO  c.s.Seminar1.services.MqttService - Gespeichert - Wago750 Status: 64.0
2026-07-10 11:41:33 [MQTT Call: paho2145044059066] INFO  c.s.Seminar1.services.MqttService - Gespeichert - Wago750 Status: 128.0
2026-07-10 11:41:34 [MQTT Call: paho2145044059066] INFO  c.s.Seminar1.services.MqttService - Gespeichert - Wago750 Status: 32768.0
2026-07-10 11:41:35 [MQTT Call: paho2145044059066] INFO  c.s.Seminar1.services.MqttService - Gespeichert - Wago750 Status: 16384.0
2026-07-10 11:41:35 [MQTT Call: paho2145044059066] INFO  c.s.Seminar1.services.MqttService - Gespeichert - Wago750 Status: 8192.0
2026-07-10 11:41:36 [MQTT Call: paho2145044059066] INFO  c.s.Seminar1.services.MqttService - Gespeichert - Wago750 Status: 4096.0
2026-07-10 11:41:37 [MQTT Call: paho2145044059066] INFO  c.s.Seminar1.services.MqttService - Gespeichert - Wago750 Status: 2048.0
2026-07-10 11:41:39 [MQTT Call: paho2145044059066] INFO  c.s.Seminar1.services.MqttService - Gespeichert - Wago750 Status: 1024.0
2026-07-10 11:41:40 [MQTT Call: paho2145044059066] INFO  c.s.Seminar1.services.MqttService - Gespeichert - Wago750 Status: 512.0
2026-07-10 11:41:40 [MQTT Call: paho2145044059066] INFO  c.s.Seminar1.services.MqttService - Gespeichert - Wago750 Status: 256.0
2026-07-10 11:41:41 [MQTT Call: paho2145044059066] INFO  c.s.Seminar1.services.MqttService - Gespeichert - Wago750 Status: 1.0
2026-07-10 11:41:43 [MQTT Call: paho2145044059066] INFO  c.s.Seminar1.services.MqttService - Gespeichert - Wago750 Status: 2.0
2026-07-10 11:41:43 [MQTT Call: paho2145044059066] INFO  c.s.Seminar1.services.MqttService - Gespeichert - Temperatur Differenz: 0.56
2026-07-10 11:41:43 [MQTT Call: paho2145044059066] INFO  c.s.Seminar1.services.MqttService - Gespeichert - Temperatur Ist: 28.41
2026-07-10 11:41:43 [MQTT Call: paho2145044059066] INFO  c.s.Seminar1.services.MqttService - Gespeichert - Wago750 Status: 4.0
2026-07-10 11:41:44 [MQTT Call: paho2145044059066] INFO  c.s.Seminar1.services.MqttService - Gespeichert - Wago750 Status: 8.0
2026-07-10 11:41:45 [MQTT Call: paho2145044059066] INFO  c.s.Seminar1.services.MqttService - Gespeichert - Wago750 Status: 16.0
2026-07-10 11:41:46 [MQTT Call: paho2145044059066] INFO  c.s.Seminar1.services.MqttService - Gespeichert - Temperatur Soll: 27.88
2026-07-10 11:41:47 [MQTT Call: paho2145044059066] INFO  c.s.Seminar1.services.MqttService - Gespeichert - Wago750 Status: 32.0
2026-07-10 11:41:47 [MQTT Call: paho2145044059066] INFO  c.s.Seminar1.services.MqttService - Gespeichert - Temperatur Differenz: 0.53
2026-07-10 11:41:48 [MQTT Call: paho2145044059066] INFO  c.s.Seminar1.services.MqttService - Gespeichert - Wago750 Status: 64.0
2026-07-10 11:41:50 [MQTT Call: paho2145044059066] INFO  c.s.Seminar1.services.MqttService - Gespeichert - Wago750 Status: 128.0
2026-07-10 11:41:51 [MQTT Call: paho2145044059066] INFO  c.s.Seminar1.services.MqttService - Gespeichert - Wago750 Status: 32768.0
2026-07-10 11:41:52 [MQTT Call: paho2145044059066] INFO  c.s.Seminar1.services.MqttService - Gespeichert - Wago750 Status: 16384.0
2026-07-10 11:41:52 [MQTT Call: paho2145044059066] INFO  c.s.Seminar1.services.MqttService - Gespeichert - Wago750 Status: 8192.0
2026-07-10 11:41:53 [MQTT Call: paho2145044059066] INFO  c.s.Seminar1.services.MqttService - Gespeichert - Wago750 Status: 4096.0
2026-07-10 11:41:54 [MQTT Call: paho2145044059066] INFO  c.s.Seminar1.services.MqttService - Gespeichert - Wago750 Status: 2048.0
2026-07-10 11:41:55 [MQTT Call: paho2145044059066] INFO  c.s.Seminar1.services.MqttService - Gespeichert - Wago750 Status: 1024.0
2026-07-10 11:41:56 [MQTT Call: paho2145044059066] INFO  c.s.Seminar1.services.MqttService - Gespeichert - Wago750 Status: 512.0
2026-07-10 11:41:58 [MQTT Call: paho2145044059066] INFO  c.s.Seminar1.services.MqttService - Gespeichert - Wago750 Status: 256.0
2026-07-10 11:41:59 [MQTT Call: paho2145044059066] INFO  c.s.Seminar1.services.MqttService - Gespeichert - Wago750 Status: 1.0
2026-07-10 11:42:00 [MQTT Call: paho2145044059066] INFO  c.s.Seminar1.services.MqttService - Gespeichert - Wago750 Status: 2.0
2026-07-10 11:42:00 [MQTT Call: paho2145044059066] INFO  c.s.Seminar1.services.MqttService - Gespeichert - Wago750 Status: 4.0
2026-07-10 11:42:02 [MQTT Call: paho2145044059066] INFO  c.s.Seminar1.services.MqttService - Gespeichert - Wago750 Status: 8.0
2026-07-10 11:42:03 [MQTT Call: paho2145044059066] INFO  c.s.Seminar1.services.MqttService - Gespeichert - Wago750 Status: 16.0
2026-07-10 11:42:04 [MQTT Call: paho2145044059066] INFO  c.s.Seminar1.services.MqttService - Gespeichert - Wago750 Status: 32.0
2026-07-10 11:42:04 [MQTT Call: paho2145044059066] INFO  c.s.Seminar1.services.MqttService - Gespeichert - Wago750 Status: 64.0
2026-07-10 11:42:04 [MQTT Call: paho2145044059066] INFO  c.s.Seminar1.services.MqttService - Gespeichert - Temperatur Differenz: 0.52
2026-07-10 11:42:04 [MQTT Call: paho2145044059066] INFO  c.s.Seminar1.services.MqttService - Gespeichert - Temperatur Ist: 28.4
2026-07-10 11:42:05 [MQTT Call: paho2145044059066] INFO  c.s.Seminar1.services.MqttService - Gespeichert - Temperatur Differenz: 0.53
2026-07-10 11:42:05 [MQTT Call: paho2145044059066] INFO  c.s.Seminar1.services.MqttService - Gespeichert - Temperatur Ist: 28.41
2026-07-10 11:42:07 [MQTT Call: paho2145044059066] INFO  c.s.Seminar1.services.MqttService - Gespeichert - Wago750 Status: 32768.0
2026-07-10 11:42:07 [MQTT Call: paho2145044059066] INFO  c.s.Seminar1.services.MqttService - Gespeichert - Temperatur Differenz: 0.52
2026-07-10 11:42:07 [MQTT Call: paho2145044059066] INFO  c.s.Seminar1.services.MqttService - Gespeichert - Temperatur Ist: 28.4
2026-07-10 11:42:07 [MQTT Call: paho2145044059066] INFO  c.s.Seminar1.services.MqttService - Gespeichert - Wago750 Status: 16384.0
2026-07-10 11:42:08 [MQTT Call: paho2145044059066] INFO  c.s.Seminar1.services.MqttService - Gespeichert - Wago750 Status: 8192.0
2026-07-10 11:42:10 [MQTT Call: paho2145044059066] INFO  c.s.Seminar1.services.MqttService - Gespeichert - Wago750 Status: 4096.0
2026-07-10 11:42:11 [MQTT Call: paho2145044059066] INFO  c.s.Seminar1.services.MqttService - Gespeichert - Wago750 Status: 2048.0
2026-07-10 11:42:12 [MQTT Call: paho2145044059066] INFO  c.s.Seminar1.services.MqttService - Gespeichert - Wago750 Status: 1024.0
2026-07-10 11:42:13 [MQTT Call: paho2145044059066] INFO  c.s.Seminar1.services.MqttService - Gespeichert - Wago750 Status: 512.0
2026-07-10 11:42:14 [MQTT Call: paho2145044059066] INFO  c.s.Seminar1.services.MqttService - Gespeichert - Wago750 Status: 256.0
2026-07-10 11:42:15 [MQTT Call: paho2145044059066] INFO  c.s.Seminar1.services.MqttService - Gespeichert - Wago750 Status: 1.0
2026-07-10 11:42:16 [MQTT Call: paho2145044059066] INFO  c.s.Seminar1.services.MqttService - Gespeichert - Wago750 Status: 2.0
2026-07-10 11:42:16 [MQTT Call: paho2145044059066] INFO  c.s.Seminar1.services.MqttService - Gespeichert - Wago750 Status: 4.0
2026-07-10 11:42:17 [MQTT Call: paho2145044059066] INFO  c.s.Seminar1.services.MqttService - Gespeichert - Wago750 Status: 8.0
2026-07-10 11:42:18 [MQTT Call: paho2145044059066] INFO  c.s.Seminar1.services.MqttService - Gespeichert - Wago750 Status: 16.0
2026-07-10 11:42:20 [MQTT Call: paho2145044059066] INFO  c.s.Seminar1.services.MqttService - Gespeichert - Wago750 Status: 32.0
2026-07-10 11:42:21 [MQTT Call: paho2145044059066] INFO  c.s.Seminar1.services.MqttService - Gespeichert - Wago750 Status: 64.0
2026-07-10 11:42:22 [MQTT Call: paho2145044059066] INFO  c.s.Seminar1.services.MqttService - Gespeichert - Wago750 Status: 128.0
2026-07-10 11:42:23 [MQTT Call: paho2145044059066] INFO  c.s.Seminar1.services.MqttService - Gespeichert - Wago750 Status: 32768.0
2026-07-10 11:42:24 [MQTT Call: paho2145044059066] INFO  c.s.Seminar1.services.MqttService - Gespeichert - Wago750 Status: 16384.0
2026-07-10 11:42:24 [MQTT Call: paho2145044059066] INFO  c.s.Seminar1.services.MqttService - Gespeichert - Temperatur Soll: 27.9
2026-07-10 11:42:24 [MQTT Call: paho2145044059066] INFO  c.s.Seminar1.services.MqttService - Gespeichert - Wago750 Status: 8192.0
2026-07-10 11:42:24 [MQTT Call: paho2145044059066] INFO  c.s.Seminar1.services.MqttService - Gespeichert - Temperatur Differenz: 0.5
2026-07-10 11:42:25 [MQTT Call: paho2145044059066] INFO  c.s.Seminar1.services.MqttService - Gespeichert - Temperatur Soll: 27.88
2026-07-10 11:42:25 [MQTT Call: paho2145044059066] INFO  c.s.Seminar1.services.MqttService - Gespeichert - Wago750 Status: 4096.0
2026-07-10 11:42:25 [MQTT Call: paho2145044059066] INFO  c.s.Seminar1.services.MqttService - Gespeichert - Temperatur Differenz: 0.52
2026-07-10 11:42:26 [MQTT Call: paho2145044059066] INFO  c.s.Seminar1.services.MqttService - Gespeichert - Temperatur Soll: 27.9
2026-07-10 11:42:26 [MQTT Call: paho2145044059066] INFO  c.s.Seminar1.services.MqttService - Gespeichert - Wago750 Status: 2048.0
2026-07-10 11:42:26 [MQTT Call: paho2145044059066] INFO  c.s.Seminar1.services.MqttService - Gespeichert - Temperatur Differenz: 0.5
2026-07-10 11:42:27 [MQTT Call: paho2145044059066] INFO  c.s.Seminar1.services.MqttService - Gespeichert - Wago750 Status: 1024.0
2026-07-10 11:42:28 [MQTT Call: paho2145044059066] INFO  c.s.Seminar1.services.MqttService - Gespeichert - Wago750 Status: 512.0
2026-07-10 11:42:29 [MQTT Call: paho2145044059066] INFO  c.s.Seminar1.services.MqttService - Gespeichert - Wago750 Status: 256.0
2026-07-10 11:42:30 [MQTT Call: paho2145044059066] INFO  c.s.Seminar1.services.MqttService - Gespeichert - Wago750 Status: 1.0
2026-07-10 11:42:31 [MQTT Call: paho2145044059066] INFO  c.s.Seminar1.services.MqttService - Gespeichert - Wago750 Status: 2.0
2026-07-10 11:42:32 [MQTT Call: paho2145044059066] INFO  c.s.Seminar1.services.MqttService - Gespeichert - Wago750 Status: 4.0
2026-07-10 11:42:34 [MQTT Call: paho2145044059066] INFO  c.s.Seminar1.services.MqttService - Gespeichert - Wago750 Status: 8.0
2026-07-10 11:42:34 [MQTT Call: paho2145044059066] INFO  c.s.Seminar1.services.MqttService - Gespeichert - Wago750 Status: 16.0
2026-07-10 11:42:36 [MQTT Call: paho2145044059066] INFO  c.s.Seminar1.services.MqttService - Gespeichert - Wago750 Status: 32.0
2026-07-10 11:42:36 [MQTT Call: paho2145044059066] INFO  c.s.Seminar1.services.MqttService - Gespeichert - Wago750 Status: 64.0
2026-07-10 11:42:36 [MQTT Call: paho2145044059066] INFO  c.s.Seminar1.services.MqttService - Gespeichert - Temperatur Differenz: 0.47
2026-07-10 11:42:36 [MQTT Call: paho2145044059066] INFO  c.s.Seminar1.services.MqttService - Gespeichert - Temperatur Ist: 28.37
2026-07-10 11:42:38 [MQTT Call: paho2145044059066] INFO  c.s.Seminar1.services.MqttService - Gespeichert - Wago750 Status: 128.0
2026-07-10 11:42:38 [MQTT Call: paho2145044059066] INFO  c.s.Seminar1.services.MqttService - Gespeichert - Temperatur Differenz: 0.5
2026-07-10 11:42:38 [MQTT Call: paho2145044059066] INFO  c.s.Seminar1.services.MqttService - Gespeichert - Temperatur Ist: 28.4
2026-07-10 11:42:39 [MQTT Call: paho2145044059066] INFO  c.s.Seminar1.services.MqttService - Gespeichert - Wago750 Status: 32768.0
2026-07-10 11:42:39 [MQTT Call: paho2145044059066] INFO  c.s.Seminar1.services.MqttService - Gespeichert - Temperatur Differenz: 0.47
2026-07-10 11:42:39 [MQTT Call: paho2145044059066] INFO  c.s.Seminar1.services.MqttService - Gespeichert - Temperatur Ist: 28.37
2026-07-10 11:42:40 [MQTT Call: paho2145044059066] INFO  c.s.Seminar1.services.MqttService - Gespeichert - Wago750 Status: 16384.0
2026-07-10 11:42:40 [MQTT Call: paho2145044059066] INFO  c.s.Seminar1.services.MqttService - Gespeichert - Wago750 Status: 8192.0
2026-07-10 11:42:40 [MQTT Call: paho2145044059066] INFO  c.s.Seminar1.services.MqttService - Gespeichert - Temperatur Differenz: 0.5
2026-07-10 11:42:40 [MQTT Call: paho2145044059066] INFO  c.s.Seminar1.services.MqttService - Gespeichert - Temperatur Ist: 28.4
2026-07-10 11:42:41 [MQTT Call: paho2145044059066] INFO  c.s.Seminar1.services.MqttService - Gespeichert - Wago750 Status: 4096.0
2026-07-10 11:42:41 [MQTT Call: paho2145044059066] INFO  c.s.Seminar1.services.MqttService - Gespeichert - Temperatur Differenz: 0.47
2026-07-10 11:42:41 [MQTT Call: paho2145044059066] INFO  c.s.Seminar1.services.MqttService - Gespeichert - Temperatur Ist: 28.37
2026-07-10 11:42:43 [MQTT Call: paho2145044059066] INFO  c.s.Seminar1.services.MqttService - Gespeichert - Wago750 Status: 2048.0
2026-07-10 11:42:44 [MQTT Call: paho2145044059066] INFO  c.s.Seminar1.services.MqttService - Gespeichert - Wago750 Status: 1024.0
2026-07-10 11:42:44 [MQTT Call: paho2145044059066] INFO  c.s.Seminar1.services.MqttService - Gespeichert - Wago750 Status: 512.0
2026-07-10 11:42:46 [MQTT Call: paho2145044059066] INFO  c.s.Seminar1.services.MqttService - Gespeichert - Wago750 Status: 256.0
2026-07-10 11:42:47 [MQTT Call: paho2145044059066] INFO  c.s.Seminar1.services.MqttService - Gespeichert - Wago750 Status: 1.0
2026-07-10 11:42:48 [MQTT Call: paho2145044059066] INFO  c.s.Seminar1.services.MqttService - Gespeichert - Wago750 Status: 2.0
2026-07-10 11:42:48 [MQTT Call: paho2145044059066] INFO  c.s.Seminar1.services.MqttService - Gespeichert - Wago750 Status: 4.0
2026-07-10 11:42:49 [MQTT Call: paho2145044059066] INFO  c.s.Seminar1.services.MqttService - Gespeichert - Wago750 Status: 8.0
2026-07-10 11:42:49 [MQTT Call: paho2145044059066] INFO  c.s.Seminar1.services.MqttService - Gespeichert - Temperatur Differenz: 0.45
2026-07-10 11:42:50 [MQTT Call: paho2145044059066] INFO  c.s.Seminar1.services.MqttService - Gespeichert - Temperatur Soll: 27.92
2026-07-10 11:42:50 [MQTT Call: paho2145044059066] INFO  c.s.Seminar1.services.MqttService - Gespeichert - Wago750 Status: 16.0
2026-07-10 11:42:52 [MQTT Call: paho2145044059066] INFO  c.s.Seminar1.services.MqttService - Gespeichert - Wago750 Status: 32.0
2026-07-10 11:42:52 [MQTT Call: paho2145044059066] INFO  c.s.Seminar1.services.MqttService - Gespeichert - Wago750 Status: 64.0
2026-07-10 11:42:53 [MQTT Call: paho2145044059066] INFO  c.s.Seminar1.services.MqttService - Gespeichert - Wago750 Status: 128.0
2026-07-10 11:42:55 [MQTT Call: paho2145044059066] INFO  c.s.Seminar1.services.MqttService - Gespeichert - Wago750 Status: 32768.0
2026-07-10 11:42:56 [MQTT Call: paho2145044059066] INFO  c.s.Seminar1.services.MqttService - Gespeichert - Wago750 Status: 16384.0
2026-07-10 11:42:56 [MQTT Call: paho2145044059066] INFO  c.s.Seminar1.services.MqttService - Gespeichert - Wago750 Status: 8192.0
2026-07-10 11:42:57 [MQTT Call: paho2145044059066] INFO  c.s.Seminar1.services.MqttService - Gespeichert - Wago750 Status: 4096.0
2026-07-10 11:42:58 [MQTT Call: paho2145044059066] INFO  c.s.Seminar1.services.MqttService - Gespeichert - Wago750 Status: 2048.0
2026-07-10 11:43:00 [MQTT Call: paho2145044059066] INFO  c.s.Seminar1.services.MqttService - Gespeichert - Wago750 Status: 1024.0
2026-07-10 11:43:01 [MQTT Call: paho2145044059066] INFO  c.s.Seminar1.services.MqttService - Gespeichert - Wago750 Status: 512.0
2026-07-10 11:43:02 [MQTT Call: paho2145044059066] INFO  c.s.Seminar1.services.MqttService - Gespeichert - Wago750 Status: 256.0
2026-07-10 11:43:03 [MQTT Call: paho2145044059066] INFO  c.s.Seminar1.services.MqttService - Gespeichert - Wago750 Status: 1.0
2026-07-10 11:43:04 [MQTT Call: paho2145044059066] INFO  c.s.Seminar1.services.MqttService - Gespeichert - Wago750 Status: 2.0
2026-07-10 11:43:05 [MQTT Call: paho2145044059066] INFO  c.s.Seminar1.services.MqttService - Gespeichert - Wago750 Status: 4.0
2026-07-10 11:43:05 [MQTT Call: paho2145044059066] INFO  c.s.Seminar1.services.MqttService - Gespeichert - Wago750 Status: 8.0
2026-07-10 11:43:08 [MQTT Call: paho2145044059066] INFO  c.s.Seminar1.services.MqttService - Gespeichert - Wago750 Status: 32.0
2026-07-10 11:43:09 [MQTT Call: paho2145044059066] INFO  c.s.Seminar1.services.MqttService - Gespeichert - Wago750 Status: 64.0
2026-07-10 11:43:10 [MQTT Call: paho2145044059066] INFO  c.s.Seminar1.services.MqttService - Gespeichert - Wago750 Status: 128.0
2026-07-10 11:43:11 [MQTT Call: paho2145044059066] INFO  c.s.Seminar1.services.MqttService - Gespeichert - Wago750 Status: 32768.0
2026-07-10 11:43:12 [MQTT Call: paho2145044059066] INFO  c.s.Seminar1.services.MqttService - Gespeichert - Wago750 Status: 16384.0
2026-07-10 11:43:13 [MQTT Call: paho2145044059066] INFO  c.s.Seminar1.services.MqttService - Gespeichert - Wago750 Status: 8192.0
2026-07-10 11:43:13 [MQTT Call: paho2145044059066] INFO  c.s.Seminar1.services.MqttService - Gespeichert - Wago750 Status: 4096.0
2026-07-10 11:43:14 [MQTT Call: paho2145044059066] INFO  c.s.Seminar1.services.MqttService - Gespeichert - Wago750 Status: 2048.0
2026-07-10 11:43:16 [MQTT Call: paho2145044059066] INFO  c.s.Seminar1.services.MqttService - Gespeichert - Wago750 Status: 1024.0
2026-07-10 11:43:17 [MQTT Call: paho2145044059066] INFO  c.s.Seminar1.services.MqttService - Gespeichert - Wago750 Status: 512.0
2026-07-10 11:43:18 [MQTT Call: paho2145044059066] INFO  c.s.Seminar1.services.MqttService - Gespeichert - Wago750 Status: 256.0
2026-07-10 11:43:18 [MQTT Call: paho2145044059066] INFO  c.s.Seminar1.services.MqttService - Gespeichert - Wago750 Status: 1.0
2026-07-10 11:43:20 [MQTT Call: paho2145044059066] INFO  c.s.Seminar1.services.MqttService - Gespeichert - Wago750 Status: 2.0
2026-07-10 11:43:20 [MQTT Call: paho2145044059066] INFO  c.s.Seminar1.services.MqttService - Gespeichert - Temperatur Differenz: 0.44
2026-07-10 11:43:20 [MQTT Call: paho2145044059066] INFO  c.s.Seminar1.services.MqttService - Gespeichert - Temperatur Ist: 28.36
2026-07-10 11:43:21 [MQTT Call: paho2145044059066] INFO  c.s.Seminar1.services.MqttService - Gespeichert - Wago750 Status: 4.0
2026-07-10 11:43:21 [MQTT Call: paho2145044059066] INFO  c.s.Seminar1.services.MqttService - Gespeichert - Wago750 Status: 8.0
2026-07-10 11:43:23 [MQTT Call: paho2145044059066] INFO  c.s.Seminar1.services.MqttService - Gespeichert - Wago750 Status: 16.0
2026-07-10 11:43:24 [MQTT Call: paho2145044059066] INFO  c.s.Seminar1.services.MqttService - Gespeichert - Wago750 Status: 32.0
2026-07-10 11:43:25 [MQTT Call: paho2145044059066] INFO  c.s.Seminar1.services.MqttService - Gespeichert - Wago750 Status: 64.0
2026-07-10 11:43:26 [MQTT Call: paho2145044059066] INFO  c.s.Seminar1.services.MqttService - Gespeichert - Wago750 Status: 128.0
2026-07-10 11:43:26 [MQTT Call: paho2145044059066] INFO  c.s.Seminar1.services.MqttService - Gespeichert - Wago750 Status: 32768.0
2026-07-10 11:43:27 [MQTT Call: paho2145044059066] INFO  c.s.Seminar1.services.MqttService - Gespeichert - Wago750 Status: 16384.0
2026-07-10 11:43:28 [MQTT Call: paho2145044059066] INFO  c.s.Seminar1.services.MqttService - Gespeichert - Wago750 Status: 8192.0
2026-07-10 11:43:29 [MQTT Call: paho2145044059066] INFO  c.s.Seminar1.services.MqttService - Gespeichert - Wago750 Status: 4096.0
2026-07-10 11:43:31 [MQTT Call: paho2145044059066] INFO  c.s.Seminar1.services.MqttService - Gespeichert - Wago750 Status: 2048.0
2026-07-10 11:43:31 [MQTT Call: paho2145044059066] INFO  c.s.Seminar1.services.MqttService - Gespeichert - Wago750 Status: 1024.0
2026-07-10 11:43:33 [MQTT Call: paho2145044059066] INFO  c.s.Seminar1.services.MqttService - Gespeichert - Wago750 Status: 512.0
2026-07-10 11:43:34 [MQTT Call: paho2145044059066] INFO  c.s.Seminar1.services.MqttService - Gespeichert - Wago750 Status: 256.0
2026-07-10 11:43:34 [MQTT Call: paho2145044059066] INFO  c.s.Seminar1.services.MqttService - Gespeichert - Wago750 Status: 1.0
2026-07-10 11:43:36 [MQTT Call: paho2145044059066] INFO  c.s.Seminar1.services.MqttService - Gespeichert - Wago750 Status: 2.0
2026-07-10 11:43:37 [MQTT Call: paho2145044059066] INFO  c.s.Seminar1.services.MqttService - Gespeichert - Wago750 Status: 4.0
2026-07-10 11:43:37 [MQTT Call: paho2145044059066] INFO  c.s.Seminar1.services.MqttService - Gespeichert - Wago750 Status: 8.0
2026-07-10 11:43:39 [MQTT Call: paho2145044059066] INFO  c.s.Seminar1.services.MqttService - Gespeichert - Wago750 Status: 16.0
2026-07-10 11:43:40 [MQTT Call: paho2145044059066] INFO  c.s.Seminar1.services.MqttService - Gespeichert - Wago750 Status: 32.0
2026-07-10 11:43:41 [MQTT Call: paho2145044059066] INFO  c.s.Seminar1.services.MqttService - Gespeichert - Wago750 Status: 64.0
2026-07-10 11:43:42 [MQTT Call: paho2145044059066] INFO  c.s.Seminar1.services.MqttService - Gespeichert - Wago750 Status: 128.0
2026-07-10 11:43:43 [MQTT Call: paho2145044059066] INFO  c.s.Seminar1.services.MqttService - Gespeichert - Wago750 Status: 32768.0
2026-07-10 11:43:43 [MQTT Call: paho2145044059066] INFO  c.s.Seminar1.services.MqttService - Gespeichert - Wago750 Status: 16384.0
2026-07-10 11:43:45 [MQTT Call: paho2145044059066] INFO  c.s.Seminar1.services.MqttService - Gespeichert - Wago750 Status: 8192.0
2026-07-10 11:43:45 [MQTT Call: paho2145044059066] INFO  c.s.Seminar1.services.MqttService - Gespeichert - Temperatur Soll: 27.94
2026-07-10 11:43:46 [MQTT Call: paho2145044059066] INFO  c.s.Seminar1.services.MqttService - Gespeichert - Wago750 Status: 4096.0
2026-07-10 11:43:46 [MQTT Call: paho2145044059066] INFO  c.s.Seminar1.services.MqttService - Gespeichert - Temperatur Differenz: 0.42
2026-07-10 11:43:46 [MQTT Call: paho2145044059066] INFO  c.s.Seminar1.services.MqttService - Gespeichert - Wago750 Status: 2048.0
2026-07-10 11:43:48 [MQTT Call: paho2145044059066] INFO  c.s.Seminar1.services.MqttService - Gespeichert - Wago750 Status: 1024.0
2026-07-10 11:43:49 [MQTT Call: paho2145044059066] INFO  c.s.Seminar1.services.MqttService - Gespeichert - Wago750 Status: 512.0
2026-07-10 11:43:49 [MQTT Call: paho2145044059066] INFO  c.s.Seminar1.services.MqttService - Gespeichert - Wago750 Status: 256.0
2026-07-10 11:43:50 [MQTT Call: paho2145044059066] INFO  c.s.Seminar1.services.MqttService - Gespeichert - Wago750 Status: 1.0
2026-07-10 11:43:52 [MQTT Call: paho2145044059066] INFO  c.s.Seminar1.services.MqttService - Gespeichert - Wago750 Status: 2.0
2026-07-10 11:43:53 [MQTT Call: paho2145044059066] INFO  c.s.Seminar1.services.MqttService - Gespeichert - Wago750 Status: 4.0
2026-07-10 11:43:53 [MQTT Call: paho2145044059066] INFO  c.s.Seminar1.services.MqttService - Gespeichert - Temperatur Differenz: 0.39
2026-07-10 11:43:53 [MQTT Call: paho2145044059066] INFO  c.s.Seminar1.services.MqttService - Gespeichert - Temperatur Ist: 28.33
2026-07-10 11:43:53 [MQTT Call: paho2145044059066] INFO  c.s.Seminar1.services.MqttService - Gespeichert - Wago750 Status: 8.0
2026-07-10 11:43:53 [MQTT Call: paho2145044059066] INFO  c.s.Seminar1.services.MqttService - Gespeichert - Temperatur Differenz: 0.42
2026-07-10 11:43:53 [MQTT Call: paho2145044059066] INFO  c.s.Seminar1.services.MqttService - Gespeichert - Temperatur Ist: 28.36
2026-07-10 11:43:54 [MQTT Call: paho2145044059066] INFO  c.s.Seminar1.services.MqttService - Gespeichert - Wago750 Status: 16.0
2026-07-10 11:43:55 [MQTT Call: paho2145044059066] INFO  c.s.Seminar1.services.MqttService - Gespeichert - Wago750 Status: 32.0
2026-07-10 11:43:56 [MQTT Call: paho2145044059066] INFO  c.s.Seminar1.services.MqttService - Gespeichert - Wago750 Status: 64.0
2026-07-10 11:43:57 [MQTT Call: paho2145044059066] INFO  c.s.Seminar1.services.MqttService - Gespeichert - Wago750 Status: 128.0
2026-07-10 11:43:57 [MQTT Call: paho2145044059066] INFO  c.s.Seminar1.services.MqttService - Gespeichert - Temperatur Differenz: 0.39
2026-07-10 11:43:57 [MQTT Call: paho2145044059066] INFO  c.s.Seminar1.services.MqttService - Gespeichert - Temperatur Ist: 28.33
2026-07-10 11:43:58 [MQTT Call: paho2145044059066] INFO  c.s.Seminar1.services.MqttService - Gespeichert - Wago750 Status: 32768.0
2026-07-10 11:43:58 [MQTT Call: paho2145044059066] INFO  c.s.Seminar1.services.MqttService - Gespeichert - Temperatur Differenz: 0.42
2026-07-10 11:43:58 [MQTT Call: paho2145044059066] INFO  c.s.Seminar1.services.MqttService - Gespeichert - Temperatur Ist: 28.36
2026-07-10 11:43:59 [MQTT Call: paho2145044059066] INFO  c.s.Seminar1.services.MqttService - Gespeichert - Wago750 Status: 16384.0
2026-07-10 11:43:59 [MQTT Call: paho2145044059066] INFO  c.s.Seminar1.services.MqttService - Gespeichert - Temperatur Differenz: 0.39
2026-07-10 11:43:59 [MQTT Call: paho2145044059066] INFO  c.s.Seminar1.services.MqttService - Gespeichert - Temperatur Ist: 28.33
2026-07-10 11:44:00 [MQTT Call: paho2145044059066] INFO  c.s.Seminar1.services.MqttService - Gespeichert - Wago750 Status: 8192.0
2026-07-10 11:44:02 [MQTT Call: paho2145044059066] INFO  c.s.Seminar1.services.MqttService - Gespeichert - Wago750 Status: 4096.0
2026-07-10 11:44:03 [MQTT Call: paho2145044059066] INFO  c.s.Seminar1.services.MqttService - Gespeichert - Wago750 Status: 2048.0
2026-07-10 11:44:04 [MQTT Call: paho2145044059066] INFO  c.s.Seminar1.services.MqttService - Gespeichert - Wago750 Status: 1024.0
2026-07-10 11:44:05 [MQTT Call: paho2145044059066] INFO  c.s.Seminar1.services.MqttService - Gespeichert - Wago750 Status: 512.0
2026-07-10 11:44:06 [MQTT Call: paho2145044059066] INFO  c.s.Seminar1.services.MqttService - Gespeichert - Wago750 Status: 256.0
2026-07-10 11:44:07 [MQTT Call: paho2145044059066] INFO  c.s.Seminar1.services.MqttService - Gespeichert - Wago750 Status: 1.0
2026-07-10 11:44:08 [MQTT Call: paho2145044059066] INFO  c.s.Seminar1.services.MqttService - Gespeichert - Wago750 Status: 4.0
2026-07-10 11:44:10 [MQTT Call: paho2145044059066] INFO  c.s.Seminar1.services.MqttService - Gespeichert - Wago750 Status: 8.0
2026-07-10 11:44:11 [MQTT Call: paho2145044059066] INFO  c.s.Seminar1.services.MqttService - Gespeichert - Wago750 Status: 16.0
2026-07-10 11:44:12 [MQTT Call: paho2145044059066] INFO  c.s.Seminar1.services.MqttService - Gespeichert - Wago750 Status: 32.0
2026-07-10 11:44:12 [SpringApplicationShutdownHook] INFO  o.s.boot.tomcat.GracefulShutdown - Commencing graceful shutdown. Waiting for active requests to complete
2026-07-10 11:44:12 [tomcat-shutdown] INFO  o.s.boot.tomcat.GracefulShutdown - Graceful shutdown complete
