2026-07-09 14:49:45 [main] INFO  c.R.R.RestfulWebAppApplication - Starting RestfulWebAppApplication v0.0.1-SNAPSHOT using Java 17.0.19 with PID 1 (/app.jar started by root in /)
2026-07-09 14:49:45 [main] INFO  c.R.R.RestfulWebAppApplication - No active profile set, falling back to 1 default profile: "default"
2026-07-09 14:49:47 [main] INFO  o.s.d.r.c.RepositoryConfigurationDelegate - Bootstrapping Spring Data Reactive MongoDB repositories in DEFAULT mode.
2026-07-09 14:49:47 [main] INFO  o.s.d.r.c.RepositoryConfigurationDelegate - Finished Spring Data repository scanning in 154 ms. Found 0 Reactive MongoDB repository interfaces.
2026-07-09 14:49:47 [main] INFO  o.s.d.r.c.RepositoryConfigurationDelegate - Bootstrapping Spring Data MongoDB repositories in DEFAULT mode.
2026-07-09 14:49:47 [main] INFO  o.s.d.r.c.RepositoryConfigurationDelegate - Finished Spring Data repository scanning in 17 ms. Found 1 MongoDB repository interface.
2026-07-09 14:49:48 [main] INFO  o.s.boot.tomcat.TomcatWebServer - Tomcat initialized with port 80 (http)
2026-07-09 14:49:48 [main] INFO  o.a.coyote.http11.Http11NioProtocol - Initializing ProtocolHandler ["http-nio-80"]
2026-07-09 14:49:48 [main] INFO  o.a.catalina.core.StandardService - Starting service [Tomcat]
2026-07-09 14:49:48 [main] INFO  o.a.catalina.core.StandardEngine - Starting Servlet engine: [Apache Tomcat/11.0.21]
2026-07-09 14:49:48 [main] INFO  o.s.b.w.c.s.WebApplicationContextInitializer - Root WebApplicationContext: initialization completed in 2215 ms
2026-07-09 14:49:48 [main] INFO  org.mongodb.driver.client - MongoClient with metadata {"driver": {"name": "mongo-java-driver|spring-boot|reactive-streams", "version": "5.6.5"}, "os": {"type": "Linux", "name": "Linux", "architecture": "amd64", "version": "5.15.153.1-microsoft-standard-WSL2"}, "platform": "Java/Eclipse Adoptium/17.0.19+10", "env": {"container": {"runtime": "docker"}}} created with settings MongoClientSettings{readPreference=primary, writeConcern=WriteConcern{w=null, wTimeout=null ms, journal=null}, retryWrites=true, retryReads=true, readConcern=ReadConcern{level=null}, credential=null, transportSettings=NettyTransportSettings{eventLoopGroup=io.netty.channel.MultiThreadIoEventLoopGroup@7f8a9454, socketChannelClass=null, allocator=null, sslContext=null}, commandListeners=[], codecRegistry=ProvidersCodecRegistry{codecProviders=[ValueCodecProvider{}, BsonValueCodecProvider{}, DBRefCodecProvider{}, DBObjectCodecProvider{}, DocumentCodecProvider{}, CollectionCodecProvider{}, IterableCodecProvider{}, MapCodecProvider{}, GeoJsonCodecProvider{}, GridFSFileCodecProvider{}, Jsr310CodecProvider{}, JsonObjectCodecProvider{}, BsonCodecProvider{}, com.mongodb.client.model.mql.ExpressionCodecProvider@6f85ee02, com.mongodb.Jep395RecordCodecProvider@679d0be8, com.mongodb.KotlinCodecProvider@6c075e9d, EnumCodecProvider{}]}, loggerSettings=LoggerSettings{maxDocumentLength=1000}, clusterSettings={hosts=[mongodb:27017], srvServiceName=mongodb, mode=SINGLE, requiredClusterType=UNKNOWN, requiredReplicaSetName='null', serverSelector='null', clusterListeners='[]', serverSelectionTimeout='30000 ms', localThreshold='15 ms'}, socketSettings=SocketSettings{connectTimeoutMS=10000, readTimeoutMS=0, receiveBufferSize=0, proxySettings=ProxySettings{host=null, port=null, username=null, password=null}}, heartbeatSocketSettings=SocketSettings{connectTimeoutMS=10000, readTimeoutMS=10000, receiveBufferSize=0, proxySettings=ProxySettings{host=null, port=null, username=null, password=null}}, connectionPoolSettings=ConnectionPoolSettings{maxSize=100, minSize=0, maxWaitTimeMS=120000, maxConnectionLifeTimeMS=0, maxConnectionIdleTimeMS=0, maintenanceInitialDelayMS=0, maintenanceFrequencyMS=60000, connectionPoolListeners=[], maxConnecting=2}, serverSettings=ServerSettings{heartbeatFrequencyMS=10000, minHeartbeatFrequencyMS=500, serverMonitoringMode=AUTO, serverListeners='[]', serverMonitorListeners='[]'}, sslSettings=SslSettings{enabled=false, invalidHostNameAllowed=false, context=null}, applicationName='null', compressorList=[], uuidRepresentation=UNSPECIFIED, serverApi=null, autoEncryptionSettings=null, dnsClient=null, inetAddressResolver=null, contextProvider=null, timeoutMS=null}
2026-07-09 14:49:49 [main] INFO  org.mongodb.driver.client - MongoClient with metadata {"driver": {"name": "mongo-java-driver|spring-boot|sync", "version": "5.6.5"}, "os": {"type": "Linux", "name": "Linux", "architecture": "amd64", "version": "5.15.153.1-microsoft-standard-WSL2"}, "platform": "Java/Eclipse Adoptium/17.0.19+10", "env": {"container": {"runtime": "docker"}}} created with settings MongoClientSettings{readPreference=primary, writeConcern=WriteConcern{w=null, wTimeout=null ms, journal=null}, retryWrites=true, retryReads=true, readConcern=ReadConcern{level=null}, credential=null, transportSettings=NettyTransportSettings{eventLoopGroup=io.netty.channel.MultiThreadIoEventLoopGroup@36d582cb, socketChannelClass=null, allocator=null, sslContext=null}, commandListeners=[], codecRegistry=ProvidersCodecRegistry{codecProviders=[ValueCodecProvider{}, BsonValueCodecProvider{}, DBRefCodecProvider{}, DBObjectCodecProvider{}, DocumentCodecProvider{}, CollectionCodecProvider{}, IterableCodecProvider{}, MapCodecProvider{}, GeoJsonCodecProvider{}, GridFSFileCodecProvider{}, Jsr310CodecProvider{}, JsonObjectCodecProvider{}, BsonCodecProvider{}, com.mongodb.client.model.mql.ExpressionCodecProvider@6f85ee02, com.mongodb.Jep395RecordCodecProvider@679d0be8, com.mongodb.KotlinCodecProvider@6c075e9d, EnumCodecProvider{}]}, loggerSettings=LoggerSettings{maxDocumentLength=1000}, clusterSettings={hosts=[mongodb:27017], srvServiceName=mongodb, mode=SINGLE, requiredClusterType=UNKNOWN, requiredReplicaSetName='null', serverSelector='null', clusterListeners='[]', serverSelectionTimeout='30000 ms', localThreshold='15 ms'}, socketSettings=SocketSettings{connectTimeoutMS=10000, readTimeoutMS=0, receiveBufferSize=0, proxySettings=ProxySettings{host=null, port=null, username=null, password=null}}, heartbeatSocketSettings=SocketSettings{connectTimeoutMS=10000, readTimeoutMS=10000, receiveBufferSize=0, proxySettings=ProxySettings{host=null, port=null, username=null, password=null}}, connectionPoolSettings=ConnectionPoolSettings{maxSize=100, minSize=0, maxWaitTimeMS=120000, maxConnectionLifeTimeMS=0, maxConnectionIdleTimeMS=0, maintenanceInitialDelayMS=0, maintenanceFrequencyMS=60000, connectionPoolListeners=[], maxConnecting=2}, serverSettings=ServerSettings{heartbeatFrequencyMS=10000, minHeartbeatFrequencyMS=500, serverMonitoringMode=AUTO, serverListeners='[]', serverMonitorListeners='[]'}, sslSettings=SslSettings{enabled=false, invalidHostNameAllowed=false, context=null}, applicationName='null', compressorList=[], uuidRepresentation=UNSPECIFIED, serverApi=null, autoEncryptionSettings=null, dnsClient=null, inetAddressResolver=null, contextProvider=null, timeoutMS=null}
2026-07-09 14:49:49 [cluster-ClusterId{value='6a4fb50c6a4e189072008451', description='null'}-mongodb:27017] INFO  org.mongodb.driver.cluster - Monitor thread successfully connected to server with description ServerDescription{address=mongodb:27017, type=REPLICA_SET_PRIMARY, cryptd=false, state=CONNECTED, ok=true, minWireVersion=0, maxWireVersion=21, maxDocumentSize=16777216, logicalSessionTimeoutMinutes=30, roundTripTimeNanos=174368369, minRoundTripTimeNanos=0, setName='rs0', canonicalAddress=mongodb:27017, hosts=[mongodb:27017], passives=[], arbiters=[], primary='mongodb:27017', tagSet=TagSet{[]}, electionId=7fffffff0000000000000041, setVersion=1, topologyVersion=TopologyVersion{processId=6a4fb5075a092dc68c16ca09, counter=6}, lastWriteDate=Thu Jul 09 14:49:45 UTC 2026, lastUpdateTimeNanos=20235067091}
2026-07-09 14:49:49 [cluster-ClusterId{value='6a4fb50d6a4e189072008452', description='null'}-mongodb:27017] INFO  org.mongodb.driver.cluster - Monitor thread successfully connected to server with description ServerDescription{address=mongodb:27017, type=REPLICA_SET_PRIMARY, cryptd=false, state=CONNECTED, ok=true, minWireVersion=0, maxWireVersion=21, maxDocumentSize=16777216, logicalSessionTimeoutMinutes=30, roundTripTimeNanos=62043874, minRoundTripTimeNanos=0, setName='rs0', canonicalAddress=mongodb:27017, hosts=[mongodb:27017], passives=[], arbiters=[], primary='mongodb:27017', tagSet=TagSet{[]}, electionId=7fffffff0000000000000041, setVersion=1, topologyVersion=TopologyVersion{processId=6a4fb5075a092dc68c16ca09, counter=6}, lastWriteDate=Thu Jul 09 14:49:45 UTC 2026, lastUpdateTimeNanos=20236216686}
2026-07-09 14:49:50 [main] INFO  o.a.coyote.http11.Http11NioProtocol - Starting ProtocolHandler ["http-nio-80"]
2026-07-09 14:49:50 [main] INFO  o.s.boot.tomcat.TomcatWebServer - Tomcat started on port 80 (http) with context path '/'
2026-07-09 14:49:50 [main] INFO  c.R.R.RestfulWebAppApplication - Started RestfulWebAppApplication in 5.571 seconds (process running for 6.763)
2026-07-09 14:49:50 [main] INFO  c.R.R.RestfulWebAppApplication - REST-Microservice gestartet.
2026-07-09 14:51:02 [http-nio-80-exec-2] INFO  o.a.c.c.C.[Tomcat].[localhost].[/] - Initializing Spring DispatcherServlet 'dispatcherServlet'
2026-07-09 14:51:02 [http-nio-80-exec-2] INFO  o.s.web.servlet.DispatcherServlet - Initializing Servlet 'dispatcherServlet'
2026-07-09 14:51:02 [http-nio-80-exec-2] INFO  o.s.web.servlet.DispatcherServlet - Completed initialization in 2 ms
2026-07-09 14:51:02 [http-nio-80-exec-1] INFO  c.R.R.controller.ControllerRest - GET /api/temperature/differenz/all - Abruf aller Differenz-Temperaturen
2026-07-09 14:51:02 [http-nio-80-exec-2] INFO  c.R.R.controller.ControllerRest - GET /api/temperature/Soll/all - Abruf aller Soll-Temperaturen
2026-07-09 14:51:02 [http-nio-80-exec-3] INFO  c.R.R.controller.ControllerRest - GET /api/temperature/lst/all - Abruf aller Ist-Temperaturen
2026-07-09 14:51:03 [http-nio-80-exec-4] INFO  c.R.R.controller.ControllerRest - GET /api/livestatus - Live-Stream Wago750 Status angefordert
2026-07-09 14:51:03 [http-nio-80-exec-5] INFO  c.R.R.controller.ControllerRest - GET /api/livecontrol - Live-Stream Wago750 Control angefordert
2026-07-09 14:51:03 [http-nio-80-exec-4] INFO  c.R.R.services.MqttService - Change Stream gestartet: Wago750 Status
2026-07-09 14:51:03 [http-nio-80-exec-5] INFO  c.R.R.services.MqttService - Change Stream gestartet: Wago750 Control
2026-07-09 14:51:03 [http-nio-80-exec-6] INFO  c.R.R.services.MqttService - Change Stream gestartet: Temperatur Soll
2026-07-09 14:51:03 [http-nio-80-exec-7] INFO  c.R.R.controller.ControllerRest - GET /api/liveist - Live-Stream Temperatur Ist angefordert
2026-07-09 14:51:03 [http-nio-80-exec-8] INFO  c.R.R.controller.ControllerRest - GET /api/livediff - Live-Stream Temperatur Differenz angefordert
2026-07-09 14:51:03 [http-nio-80-exec-9] INFO  c.R.R.controller.ControllerRest - GET /api/liveposition - Live-Stream GPS Position angefordert
2026-07-09 14:51:03 [http-nio-80-exec-7] INFO  c.R.R.services.MqttService - Change Stream gestartet: Temperatur Ist
2026-07-09 14:51:03 [http-nio-80-exec-8] INFO  c.R.R.services.MqttService - Change Stream gestartet: Temperatur Differenz
2026-07-09 14:51:03 [http-nio-80-exec-9] INFO  c.R.R.services.MqttService - Change Stream gestartet: GPS Position
2026-07-09 16:46:57 [http-nio-80-exec-9] INFO  c.R.R.controller.ControllerRest - GET /api/temperature/Soll/all - Abruf aller Soll-Temperaturen
2026-07-09 16:46:57 [http-nio-80-exec-2] INFO  c.R.R.controller.ControllerRest - GET /api/temperature/differenz/all - Abruf aller Differenz-Temperaturen
2026-07-09 16:46:57 [http-nio-80-exec-8] INFO  c.R.R.controller.ControllerRest - GET /api/temperature/lst/all - Abruf aller Ist-Temperaturen
2026-07-09 16:46:58 [http-nio-80-exec-3] INFO  c.R.R.controller.ControllerRest - GET /api/livecontrol - Live-Stream Wago750 Control angefordert
2026-07-09 16:46:58 [http-nio-80-exec-10] INFO  c.R.R.controller.ControllerRest - GET /api/livestatus - Live-Stream Wago750 Status angefordert
2026-07-09 16:46:58 [http-nio-80-exec-6] INFO  c.R.R.controller.ControllerRest - GET /api/liveist - Live-Stream Temperatur Ist angefordert
2026-07-09 16:46:58 [http-nio-80-exec-7] INFO  c.R.R.controller.ControllerRest - GET /api/livediff - Live-Stream Temperatur Differenz angefordert
2026-07-09 16:46:58 [http-nio-80-exec-6] INFO  c.R.R.services.MqttService - Change Stream gestartet: Temperatur Ist
2026-07-09 16:46:58 [http-nio-80-exec-7] INFO  c.R.R.services.MqttService - Change Stream gestartet: Temperatur Differenz
2026-07-09 16:46:58 [http-nio-80-exec-3] INFO  c.R.R.services.MqttService - Change Stream gestartet: Wago750 Control
2026-07-09 16:46:58 [http-nio-80-exec-10] INFO  c.R.R.services.MqttService - Change Stream gestartet: Wago750 Status
2026-07-09 16:46:58 [http-nio-80-exec-1] INFO  c.R.R.services.MqttService - Change Stream gestartet: Temperatur Soll
2026-07-09 16:46:58 [http-nio-80-exec-5] INFO  c.R.R.controller.ControllerRest - GET /api/liveposition - Live-Stream GPS Position angefordert
2026-07-09 16:46:58 [http-nio-80-exec-5] INFO  c.R.R.services.MqttService - Change Stream gestartet: GPS Position
2026-07-09 16:50:02 [SpringApplicationShutdownHook] INFO  o.s.boot.tomcat.GracefulShutdown - Commencing graceful shutdown. Waiting for active requests to complete
2026-07-09 16:50:36 [main] INFO  c.R.R.RestfulWebAppApplication - Starting RestfulWebAppApplication v0.0.1-SNAPSHOT using Java 17.0.19 with PID 1 (/app.jar started by root in /)
2026-07-09 16:50:36 [main] INFO  c.R.R.RestfulWebAppApplication - No active profile set, falling back to 1 default profile: "default"
2026-07-09 16:50:37 [main] INFO  o.s.d.r.c.RepositoryConfigurationDelegate - Bootstrapping Spring Data Reactive MongoDB repositories in DEFAULT mode.
2026-07-09 16:50:37 [main] INFO  o.s.d.r.c.RepositoryConfigurationDelegate - Finished Spring Data repository scanning in 125 ms. Found 0 Reactive MongoDB repository interfaces.
2026-07-09 16:50:37 [main] INFO  o.s.d.r.c.RepositoryConfigurationDelegate - Bootstrapping Spring Data MongoDB repositories in DEFAULT mode.
2026-07-09 16:50:37 [main] INFO  o.s.d.r.c.RepositoryConfigurationDelegate - Finished Spring Data repository scanning in 11 ms. Found 1 MongoDB repository interface.
2026-07-09 16:50:37 [main] INFO  o.s.boot.tomcat.TomcatWebServer - Tomcat initialized with port 80 (http)
2026-07-09 16:50:37 [main] INFO  o.a.coyote.http11.Http11NioProtocol - Initializing ProtocolHandler ["http-nio-80"]
2026-07-09 16:50:37 [main] INFO  o.a.catalina.core.StandardService - Starting service [Tomcat]
2026-07-09 16:50:37 [main] INFO  o.a.catalina.core.StandardEngine - Starting Servlet engine: [Apache Tomcat/11.0.21]
2026-07-09 16:50:37 [main] INFO  o.s.b.w.c.s.WebApplicationContextInitializer - Root WebApplicationContext: initialization completed in 1437 ms
2026-07-09 16:50:38 [main] INFO  org.mongodb.driver.client - MongoClient with metadata {"driver": {"name": "mongo-java-driver|spring-boot|reactive-streams", "version": "5.6.5"}, "os": {"type": "Linux", "name": "Linux", "architecture": "amd64", "version": "5.15.153.1-microsoft-standard-WSL2"}, "platform": "Java/Eclipse Adoptium/17.0.19+10", "env": {"container": {"runtime": "docker"}}} created with settings MongoClientSettings{readPreference=primary, writeConcern=WriteConcern{w=null, wTimeout=null ms, journal=null}, retryWrites=true, retryReads=true, readConcern=ReadConcern{level=null}, credential=null, transportSettings=NettyTransportSettings{eventLoopGroup=io.netty.channel.MultiThreadIoEventLoopGroup@580902cd, socketChannelClass=null, allocator=null, sslContext=null}, commandListeners=[], codecRegistry=ProvidersCodecRegistry{codecProviders=[ValueCodecProvider{}, BsonValueCodecProvider{}, DBRefCodecProvider{}, DBObjectCodecProvider{}, DocumentCodecProvider{}, CollectionCodecProvider{}, IterableCodecProvider{}, MapCodecProvider{}, GeoJsonCodecProvider{}, GridFSFileCodecProvider{}, Jsr310CodecProvider{}, JsonObjectCodecProvider{}, BsonCodecProvider{}, com.mongodb.client.model.mql.ExpressionCodecProvider@3757e8e2, com.mongodb.Jep395RecordCodecProvider@1653b84e, com.mongodb.KotlinCodecProvider@7f8a9454, EnumCodecProvider{}]}, loggerSettings=LoggerSettings{maxDocumentLength=1000}, clusterSettings={hosts=[mongodb:27017], srvServiceName=mongodb, mode=SINGLE, requiredClusterType=UNKNOWN, requiredReplicaSetName='null', serverSelector='null', clusterListeners='[]', serverSelectionTimeout='30000 ms', localThreshold='15 ms'}, socketSettings=SocketSettings{connectTimeoutMS=10000, readTimeoutMS=0, receiveBufferSize=0, proxySettings=ProxySettings{host=null, port=null, username=null, password=null}}, heartbeatSocketSettings=SocketSettings{connectTimeoutMS=10000, readTimeoutMS=10000, receiveBufferSize=0, proxySettings=ProxySettings{host=null, port=null, username=null, password=null}}, connectionPoolSettings=ConnectionPoolSettings{maxSize=100, minSize=0, maxWaitTimeMS=120000, maxConnectionLifeTimeMS=0, maxConnectionIdleTimeMS=0, maintenanceInitialDelayMS=0, maintenanceFrequencyMS=60000, connectionPoolListeners=[], maxConnecting=2}, serverSettings=ServerSettings{heartbeatFrequencyMS=10000, minHeartbeatFrequencyMS=500, serverMonitoringMode=AUTO, serverListeners='[]', serverMonitorListeners='[]'}, sslSettings=SslSettings{enabled=false, invalidHostNameAllowed=false, context=null}, applicationName='null', compressorList=[], uuidRepresentation=UNSPECIFIED, serverApi=null, autoEncryptionSettings=null, dnsClient=null, inetAddressResolver=null, contextProvider=null, timeoutMS=null}
2026-07-09 16:50:38 [main] INFO  org.mongodb.driver.client - MongoClient with metadata {"driver": {"name": "mongo-java-driver|spring-boot|sync", "version": "5.6.5"}, "os": {"type": "Linux", "name": "Linux", "architecture": "amd64", "version": "5.15.153.1-microsoft-standard-WSL2"}, "platform": "Java/Eclipse Adoptium/17.0.19+10", "env": {"container": {"runtime": "docker"}}} created with settings MongoClientSettings{readPreference=primary, writeConcern=WriteConcern{w=null, wTimeout=null ms, journal=null}, retryWrites=true, retryReads=true, readConcern=ReadConcern{level=null}, credential=null, transportSettings=NettyTransportSettings{eventLoopGroup=io.netty.channel.MultiThreadIoEventLoopGroup@6b063470, socketChannelClass=null, allocator=null, sslContext=null}, commandListeners=[], codecRegistry=ProvidersCodecRegistry{codecProviders=[ValueCodecProvider{}, BsonValueCodecProvider{}, DBRefCodecProvider{}, DBObjectCodecProvider{}, DocumentCodecProvider{}, CollectionCodecProvider{}, IterableCodecProvider{}, MapCodecProvider{}, GeoJsonCodecProvider{}, GridFSFileCodecProvider{}, Jsr310CodecProvider{}, JsonObjectCodecProvider{}, BsonCodecProvider{}, com.mongodb.client.model.mql.ExpressionCodecProvider@3757e8e2, com.mongodb.Jep395RecordCodecProvider@1653b84e, com.mongodb.KotlinCodecProvider@7f8a9454, EnumCodecProvider{}]}, loggerSettings=LoggerSettings{maxDocumentLength=1000}, clusterSettings={hosts=[mongodb:27017], srvServiceName=mongodb, mode=SINGLE, requiredClusterType=UNKNOWN, requiredReplicaSetName='null', serverSelector='null', clusterListeners='[]', serverSelectionTimeout='30000 ms', localThreshold='15 ms'}, socketSettings=SocketSettings{connectTimeoutMS=10000, readTimeoutMS=0, receiveBufferSize=0, proxySettings=ProxySettings{host=null, port=null, username=null, password=null}}, heartbeatSocketSettings=SocketSettings{connectTimeoutMS=10000, readTimeoutMS=10000, receiveBufferSize=0, proxySettings=ProxySettings{host=null, port=null, username=null, password=null}}, connectionPoolSettings=ConnectionPoolSettings{maxSize=100, minSize=0, maxWaitTimeMS=120000, maxConnectionLifeTimeMS=0, maxConnectionIdleTimeMS=0, maintenanceInitialDelayMS=0, maintenanceFrequencyMS=60000, connectionPoolListeners=[], maxConnecting=2}, serverSettings=ServerSettings{heartbeatFrequencyMS=10000, minHeartbeatFrequencyMS=500, serverMonitoringMode=AUTO, serverListeners='[]', serverMonitorListeners='[]'}, sslSettings=SslSettings{enabled=false, invalidHostNameAllowed=false, context=null}, applicationName='null', compressorList=[], uuidRepresentation=UNSPECIFIED, serverApi=null, autoEncryptionSettings=null, dnsClient=null, inetAddressResolver=null, contextProvider=null, timeoutMS=null}
2026-07-09 16:50:38 [cluster-ClusterId{value='6a4fd15e393ec95f57f5506e', description='null'}-mongodb:27017] INFO  org.mongodb.driver.cluster - Monitor thread successfully connected to server with description ServerDescription{address=mongodb:27017, type=REPLICA_SET_PRIMARY, cryptd=false, state=CONNECTED, ok=true, minWireVersion=0, maxWireVersion=21, maxDocumentSize=16777216, logicalSessionTimeoutMinutes=30, roundTripTimeNanos=153693201, minRoundTripTimeNanos=0, setName='rs0', canonicalAddress=mongodb:27017, hosts=[mongodb:27017], passives=[], arbiters=[], primary='mongodb:27017', tagSet=TagSet{[]}, electionId=7fffffff0000000000000041, setVersion=1, topologyVersion=TopologyVersion{processId=6a4fb5075a092dc68c16ca09, counter=6}, lastWriteDate=Thu Jul 09 16:50:35 UTC 2026, lastUpdateTimeNanos=7633411650579}
2026-07-09 16:50:38 [cluster-ClusterId{value='6a4fd15e393ec95f57f5506f', description='null'}-mongodb:27017] INFO  org.mongodb.driver.cluster - Monitor thread successfully connected to server with description ServerDescription{address=mongodb:27017, type=REPLICA_SET_PRIMARY, cryptd=false, state=CONNECTED, ok=true, minWireVersion=0, maxWireVersion=21, maxDocumentSize=16777216, logicalSessionTimeoutMinutes=30, roundTripTimeNanos=67526197, minRoundTripTimeNanos=0, setName='rs0', canonicalAddress=mongodb:27017, hosts=[mongodb:27017], passives=[], arbiters=[], primary='mongodb:27017', tagSet=TagSet{[]}, electionId=7fffffff0000000000000041, setVersion=1, topologyVersion=TopologyVersion{processId=6a4fb5075a092dc68c16ca09, counter=6}, lastWriteDate=Thu Jul 09 16:50:35 UTC 2026, lastUpdateTimeNanos=7633411650583}
2026-07-09 16:50:39 [main] INFO  o.a.coyote.http11.Http11NioProtocol - Starting ProtocolHandler ["http-nio-80"]
2026-07-09 16:50:39 [main] INFO  o.s.boot.tomcat.TomcatWebServer - Tomcat started on port 80 (http) with context path '/'
2026-07-09 16:50:39 [main] INFO  c.R.R.RestfulWebAppApplication - Started RestfulWebAppApplication in 3.546 seconds (process running for 4.242)
2026-07-09 16:50:39 [main] INFO  c.R.R.RestfulWebAppApplication - REST-Microservice gestartet.
2026-07-09 16:50:40 [http-nio-80-exec-3] INFO  o.a.c.c.C.[Tomcat].[localhost].[/] - Initializing Spring DispatcherServlet 'dispatcherServlet'
2026-07-09 16:50:40 [http-nio-80-exec-3] INFO  o.s.web.servlet.DispatcherServlet - Initializing Servlet 'dispatcherServlet'
2026-07-09 16:50:40 [http-nio-80-exec-3] INFO  o.s.web.servlet.DispatcherServlet - Completed initialization in 1 ms
2026-07-09 16:50:40 [http-nio-80-exec-6] INFO  c.R.R.controller.ControllerRest - GET /api/liveist - Live-Stream Temperatur Ist angefordert
2026-07-09 16:50:40 [http-nio-80-exec-4] INFO  c.R.R.controller.ControllerRest - GET /api/livestatus - Live-Stream Wago750 Status angefordert
2026-07-09 16:50:40 [http-nio-80-exec-2] INFO  c.R.R.controller.ControllerRest - GET /api/liveposition - Live-Stream GPS Position angefordert
2026-07-09 16:50:40 [http-nio-80-exec-5] INFO  c.R.R.controller.ControllerRest - GET /api/livediff - Live-Stream Temperatur Differenz angefordert
2026-07-09 16:50:40 [http-nio-80-exec-3] INFO  c.R.R.controller.ControllerRest - GET /api/livecontrol - Live-Stream Wago750 Control angefordert
2026-07-09 16:50:40 [http-nio-80-exec-1] INFO  c.R.R.services.MqttService - Change Stream gestartet: Temperatur Soll
2026-07-09 16:50:40 [http-nio-80-exec-5] INFO  c.R.R.services.MqttService - Change Stream gestartet: Temperatur Differenz
2026-07-09 16:50:40 [http-nio-80-exec-4] INFO  c.R.R.services.MqttService - Change Stream gestartet: Wago750 Status
2026-07-09 16:50:40 [http-nio-80-exec-6] INFO  c.R.R.services.MqttService - Change Stream gestartet: Temperatur Ist
2026-07-09 16:50:40 [http-nio-80-exec-2] INFO  c.R.R.services.MqttService - Change Stream gestartet: GPS Position
2026-07-09 16:50:40 [http-nio-80-exec-3] INFO  c.R.R.services.MqttService - Change Stream gestartet: Wago750 Control
2026-07-09 16:51:06 [cluster-ClusterId{value='6a4fd15e393ec95f57f5506e', description='null'}-mongodb:27017] INFO  org.mongodb.driver.cluster - Exception in monitor thread while connecting to server mongodb:27017
com.mongodb.MongoNodeIsRecoveringException: Command execution failed on MongoDB server with error 11600 (InterruptedAtShutdown): 'interrupted at shutdown' on server mongodb:27017. The full response is {"ok": 0.0, "errmsg": "interrupted at shutdown", "code": 11600, "codeName": "InterruptedAtShutdown", "$clusterTime": {"clusterTime": {"$timestamp": {"t": 1783615861, "i": 1}}, "signature": {"hash": {"$binary": {"base64": "AAAAAAAAAAAAAAAAAAAAAAAAAAA=", "subType": "00"}}, "keyId": 0}}, "operationTime": {"$timestamp": {"t": 1783615861, "i": 1}}}
	at com.mongodb.internal.connection.ProtocolHelper.createSpecialException(ProtocolHelper.java:264)
	at com.mongodb.internal.connection.ProtocolHelper.getCommandFailureException(ProtocolHelper.java:206)
	at com.mongodb.internal.connection.InternalStreamConnection.receiveCommandMessageResponse(InternalStreamConnection.java:520)
	at com.mongodb.internal.connection.InternalStreamConnection.receive(InternalStreamConnection.java:469)
	at com.mongodb.internal.connection.DefaultServerMonitor$ServerMonitor.doHeartbeat(DefaultServerMonitor.java:311)
	at com.mongodb.internal.connection.DefaultServerMonitor$ServerMonitor.lookupServerDescription(DefaultServerMonitor.java:262)
	at com.mongodb.internal.connection.DefaultServerMonitor$ServerMonitor.run(DefaultServerMonitor.java:203)
2026-07-09 16:51:06 [cluster-ClusterId{value='6a4fd15e393ec95f57f5506f', description='null'}-mongodb:27017] INFO  org.mongodb.driver.cluster - Exception in monitor thread while connecting to server mongodb:27017
com.mongodb.MongoNodeIsRecoveringException: Command execution failed on MongoDB server with error 11600 (InterruptedAtShutdown): 'interrupted at shutdown' on server mongodb:27017. The full response is {"ok": 0.0, "errmsg": "interrupted at shutdown", "code": 11600, "codeName": "InterruptedAtShutdown", "$clusterTime": {"clusterTime": {"$timestamp": {"t": 1783615861, "i": 1}}, "signature": {"hash": {"$binary": {"base64": "AAAAAAAAAAAAAAAAAAAAAAAAAAA=", "subType": "00"}}, "keyId": 0}}, "operationTime": {"$timestamp": {"t": 1783615861, "i": 1}}}
	at com.mongodb.internal.connection.ProtocolHelper.createSpecialException(ProtocolHelper.java:264)
	at com.mongodb.internal.connection.ProtocolHelper.getCommandFailureException(ProtocolHelper.java:206)
	at com.mongodb.internal.connection.InternalStreamConnection.receiveCommandMessageResponse(InternalStreamConnection.java:520)
	at com.mongodb.internal.connection.InternalStreamConnection.receive(InternalStreamConnection.java:469)
	at com.mongodb.internal.connection.DefaultServerMonitor$ServerMonitor.doHeartbeat(DefaultServerMonitor.java:311)
	at com.mongodb.internal.connection.DefaultServerMonitor$ServerMonitor.lookupServerDescription(DefaultServerMonitor.java:262)
	at com.mongodb.internal.connection.DefaultServerMonitor$ServerMonitor.run(DefaultServerMonitor.java:203)
2026-07-09 16:51:06 [http-nio-80-exec-10] ERROR o.a.c.c.C.[.[.[.[dispatcherServlet] - Servlet.service() for servlet [dispatcherServlet] threw exception
com.mongodb.MongoQueryException: Command execution failed on MongoDB server with error 11600 (InterruptedAtShutdown): 'interrupted at shutdown' on server mongodb:27017. The full response is {"ok": 0.0, "errmsg": "interrupted at shutdown", "code": 11600, "codeName": "InterruptedAtShutdown", "$clusterTime": {"clusterTime": {"$timestamp": {"t": 1783615861, "i": 1}}, "signature": {"hash": {"$binary": {"base64": "AAAAAAAAAAAAAAAAAAAAAAAAAAA=", "subType": "00"}}, "keyId": 0}}, "operationTime": {"$timestamp": {"t": 1783615861, "i": 1}}}
	at com.mongodb.internal.operation.CommandBatchCursorHelper.translateCommandException(CommandBatchCursorHelper.java:82)
	at com.mongodb.internal.operation.AsyncCommandBatchCursor.lambda$executeGetMoreCommand$2(AsyncCommandBatchCursor.java:200)
	at com.mongodb.internal.async.ErrorHandlingResultCallback.onResult(ErrorHandlingResultCallback.java:47)
	at com.mongodb.internal.connection.DefaultServer$DefaultServerProtocolExecutor.lambda$executeAsync$0(DefaultServer.java:243)
	at com.mongodb.internal.async.ErrorHandlingResultCallback.onResult(ErrorHandlingResultCallback.java:47)
	at com.mongodb.internal.connection.CommandProtocolImpl.lambda$executeAsync$0(CommandProtocolImpl.java:69)
	at com.mongodb.internal.connection.UsageTrackingInternalConnection.lambda$sendAndReceiveAsync$1(UsageTrackingInternalConnection.java:139)
	at com.mongodb.internal.async.ErrorHandlingResultCallback.onResult(ErrorHandlingResultCallback.java:47)
	at com.mongodb.internal.async.AsyncSupplier.lambda$finish$0(AsyncSupplier.java:73)
	at com.mongodb.internal.async.SingleResultCallback.completeExceptionally(SingleResultCallback.java:71)
	at com.mongodb.internal.async.AsyncSupplier.lambda$onErrorIf$7(AsyncSupplier.java:187)
	at com.mongodb.internal.async.AsyncSupplier.lambda$finish$0(AsyncSupplier.java:73)
	at com.mongodb.internal.async.AsyncSupplier.lambda$finish$0(AsyncSupplier.java:73)
	at com.mongodb.internal.async.AsyncSupplier.lambda$finish$0(AsyncSupplier.java:73)
	at com.mongodb.internal.connection.InternalStreamConnection.lambda$sendCommandMessageAsync$9(InternalStreamConnection.java:632)
	at com.mongodb.internal.connection.InternalStreamConnection$MessageHeaderCallback$MessageCallback.onResult(InternalStreamConnection.java:941)
	at com.mongodb.internal.connection.InternalStreamConnection$MessageHeaderCallback$MessageCallback.onResult(InternalStreamConnection.java:904)
	at com.mongodb.internal.connection.InternalStreamConnection$2.completed(InternalStreamConnection.java:738)
	at com.mongodb.internal.connection.InternalStreamConnection$2.completed(InternalStreamConnection.java:735)
	at com.mongodb.internal.connection.netty.NettyStream.readAsync(NettyStream.java:334)
	at com.mongodb.internal.connection.netty.NettyStream.readAsync(NettyStream.java:278)
	at com.mongodb.internal.connection.InternalStreamConnection.readAsync(InternalStreamConnection.java:735)
	at com.mongodb.internal.connection.InternalStreamConnection.access$500(InternalStreamConnection.java:103)
	at com.mongodb.internal.connection.InternalStreamConnection$MessageHeaderCallback.onResult(InternalStreamConnection.java:893)
	at com.mongodb.internal.connection.InternalStreamConnection$MessageHeaderCallback.onResult(InternalStreamConnection.java:875)
	at com.mongodb.internal.connection.InternalStreamConnection$2.completed(InternalStreamConnection.java:738)
	at com.mongodb.internal.connection.InternalStreamConnection$2.completed(InternalStreamConnection.java:735)
	at com.mongodb.internal.connection.netty.NettyStream.readAsync(NettyStream.java:334)
	at com.mongodb.internal.connection.netty.NettyStream.handleReadResponse(NettyStream.java:365)
	at com.mongodb.internal.connection.netty.NettyStream.access$900(NettyStream.java:115)
	at com.mongodb.internal.connection.netty.NettyStream$InboundBufferHandler.channelRead0(NettyStream.java:443)
	at com.mongodb.internal.connection.netty.NettyStream$InboundBufferHandler.channelRead0(NettyStream.java:440)
	at io.netty.channel.SimpleChannelInboundHandler.channelRead(SimpleChannelInboundHandler.java:99)
	at io.netty.channel.AbstractChannelHandlerContext.fireChannelRead(AbstractChannelHandlerContext.java:357)
	at io.netty.channel.DefaultChannelPipeline$HeadContext.channelRead(DefaultChannelPipeline.java:1429)
	at io.netty.channel.DefaultChannelPipeline.fireChannelRead(DefaultChannelPipeline.java:918)
	at io.netty.channel.nio.AbstractNioByteChannel$NioByteUnsafe.read(AbstractNioByteChannel.java:176)
	at io.netty.channel.nio.AbstractNioChannel$AbstractNioUnsafe.handle(AbstractNioChannel.java:445)
	at io.netty.channel.nio.NioIoHandler$DefaultNioRegistration.handle(NioIoHandler.java:388)
	at io.netty.channel.nio.NioIoHandler.processSelectedKey(NioIoHandler.java:596)
	at io.netty.channel.nio.NioIoHandler.processSelectedKeysOptimized(NioIoHandler.java:571)
	at io.netty.channel.nio.NioIoHandler.processSelectedKeys(NioIoHandler.java:512)
	at io.netty.channel.nio.NioIoHandler.run(NioIoHandler.java:484)
	at io.netty.channel.SingleThreadIoEventLoop.runIo(SingleThreadIoEventLoop.java:225)
	at io.netty.channel.SingleThreadIoEventLoop.run(SingleThreadIoEventLoop.java:196)
	at io.netty.util.concurrent.SingleThreadEventExecutor$5.run(SingleThreadEventExecutor.java:1195)
	at io.netty.util.internal.ThreadExecutorMap$2.run(ThreadExecutorMap.java:74)
	at io.netty.util.concurrent.FastThreadLocalRunnable.run(FastThreadLocalRunnable.java:30)
	at java.base/java.lang.Thread.run(Unknown Source)
2026-07-09 16:51:06 [http-nio-80-exec-2] ERROR o.a.c.c.C.[.[.[.[dispatcherServlet] - Servlet.service() for servlet [dispatcherServlet] threw exception
com.mongodb.MongoQueryException: Command execution failed on MongoDB server with error 11600 (InterruptedAtShutdown): 'interrupted at shutdown' on server mongodb:27017. The full response is {"ok": 0.0, "errmsg": "interrupted at shutdown", "code": 11600, "codeName": "InterruptedAtShutdown", "$clusterTime": {"clusterTime": {"$timestamp": {"t": 1783615861, "i": 1}}, "signature": {"hash": {"$binary": {"base64": "AAAAAAAAAAAAAAAAAAAAAAAAAAA=", "subType": "00"}}, "keyId": 0}}, "operationTime": {"$timestamp": {"t": 1783615861, "i": 1}}}
	at com.mongodb.internal.operation.CommandBatchCursorHelper.translateCommandException(CommandBatchCursorHelper.java:82)
	at com.mongodb.internal.operation.AsyncCommandBatchCursor.lambda$executeGetMoreCommand$2(AsyncCommandBatchCursor.java:200)
	at com.mongodb.internal.async.ErrorHandlingResultCallback.onResult(ErrorHandlingResultCallback.java:47)
	at com.mongodb.internal.connection.DefaultServer$DefaultServerProtocolExecutor.lambda$executeAsync$0(DefaultServer.java:243)
	at com.mongodb.internal.async.ErrorHandlingResultCallback.onResult(ErrorHandlingResultCallback.java:47)
	at com.mongodb.internal.connection.CommandProtocolImpl.lambda$executeAsync$0(CommandProtocolImpl.java:69)
	at com.mongodb.internal.connection.UsageTrackingInternalConnection.lambda$sendAndReceiveAsync$1(UsageTrackingInternalConnection.java:139)
	at com.mongodb.internal.async.ErrorHandlingResultCallback.onResult(ErrorHandlingResultCallback.java:47)
	at com.mongodb.internal.async.AsyncSupplier.lambda$finish$0(AsyncSupplier.java:73)
	at com.mongodb.internal.async.SingleResultCallback.completeExceptionally(SingleResultCallback.java:71)
	at com.mongodb.internal.async.AsyncSupplier.lambda$onErrorIf$7(AsyncSupplier.java:187)
	at com.mongodb.internal.async.AsyncSupplier.lambda$finish$0(AsyncSupplier.java:73)
	at com.mongodb.internal.async.AsyncSupplier.lambda$finish$0(AsyncSupplier.java:73)
	at com.mongodb.internal.async.AsyncSupplier.lambda$finish$0(AsyncSupplier.java:73)
	at com.mongodb.internal.connection.InternalStreamConnection.lambda$sendCommandMessageAsync$9(InternalStreamConnection.java:632)
	at com.mongodb.internal.connection.InternalStreamConnection$MessageHeaderCallback$MessageCallback.onResult(InternalStreamConnection.java:941)
	at com.mongodb.internal.connection.InternalStreamConnection$MessageHeaderCallback$MessageCallback.onResult(InternalStreamConnection.java:904)
	at com.mongodb.internal.connection.InternalStreamConnection$2.completed(InternalStreamConnection.java:738)
	at com.mongodb.internal.connection.InternalStreamConnection$2.completed(InternalStreamConnection.java:735)
	at com.mongodb.internal.connection.netty.NettyStream.readAsync(NettyStream.java:334)
	at com.mongodb.internal.connection.netty.NettyStream.readAsync(NettyStream.java:278)
	at com.mongodb.internal.connection.InternalStreamConnection.readAsync(InternalStreamConnection.java:735)
	at com.mongodb.internal.connection.InternalStreamConnection.access$500(InternalStreamConnection.java:103)
	at com.mongodb.internal.connection.InternalStreamConnection$MessageHeaderCallback.onResult(InternalStreamConnection.java:893)
	at com.mongodb.internal.connection.InternalStreamConnection$MessageHeaderCallback.onResult(InternalStreamConnection.java:875)
	at com.mongodb.internal.connection.InternalStreamConnection$2.completed(InternalStreamConnection.java:738)
	at com.mongodb.internal.connection.InternalStreamConnection$2.completed(InternalStreamConnection.java:735)
	at com.mongodb.internal.connection.netty.NettyStream.readAsync(NettyStream.java:334)
	at com.mongodb.internal.connection.netty.NettyStream.handleReadResponse(NettyStream.java:365)
	at com.mongodb.internal.connection.netty.NettyStream.access$900(NettyStream.java:115)
	at com.mongodb.internal.connection.netty.NettyStream$InboundBufferHandler.channelRead0(NettyStream.java:443)
	at com.mongodb.internal.connection.netty.NettyStream$InboundBufferHandler.channelRead0(NettyStream.java:440)
	at io.netty.channel.SimpleChannelInboundHandler.channelRead(SimpleChannelInboundHandler.java:99)
	at io.netty.channel.AbstractChannelHandlerContext.fireChannelRead(AbstractChannelHandlerContext.java:357)
	at io.netty.channel.DefaultChannelPipeline$HeadContext.channelRead(DefaultChannelPipeline.java:1429)
	at io.netty.channel.DefaultChannelPipeline.fireChannelRead(DefaultChannelPipeline.java:918)
	at io.netty.channel.nio.AbstractNioByteChannel$NioByteUnsafe.read(AbstractNioByteChannel.java:176)
	at io.netty.channel.nio.AbstractNioChannel$AbstractNioUnsafe.handle(AbstractNioChannel.java:445)
	at io.netty.channel.nio.NioIoHandler$DefaultNioRegistration.handle(NioIoHandler.java:388)
	at io.netty.channel.nio.NioIoHandler.processSelectedKey(NioIoHandler.java:596)
	at io.netty.channel.nio.NioIoHandler.processSelectedKeysOptimized(NioIoHandler.java:571)
	at io.netty.channel.nio.NioIoHandler.processSelectedKeys(NioIoHandler.java:512)
	at io.netty.channel.nio.NioIoHandler.run(NioIoHandler.java:484)
	at io.netty.channel.SingleThreadIoEventLoop.runIo(SingleThreadIoEventLoop.java:225)
	at io.netty.channel.SingleThreadIoEventLoop.run(SingleThreadIoEventLoop.java:196)
	at io.netty.util.concurrent.SingleThreadEventExecutor$5.run(SingleThreadEventExecutor.java:1195)
	at io.netty.util.internal.ThreadExecutorMap$2.run(ThreadExecutorMap.java:74)
	at io.netty.util.concurrent.FastThreadLocalRunnable.run(FastThreadLocalRunnable.java:30)
	at java.base/java.lang.Thread.run(Unknown Source)
2026-07-09 16:51:06 [http-nio-80-exec-7] ERROR o.a.c.c.C.[.[.[.[dispatcherServlet] - Servlet.service() for servlet [dispatcherServlet] threw exception
com.mongodb.MongoQueryException: Command execution failed on MongoDB server with error 11600 (InterruptedAtShutdown): 'interrupted at shutdown' on server mongodb:27017. The full response is {"ok": 0.0, "errmsg": "interrupted at shutdown", "code": 11600, "codeName": "InterruptedAtShutdown", "$clusterTime": {"clusterTime": {"$timestamp": {"t": 1783615861, "i": 1}}, "signature": {"hash": {"$binary": {"base64": "AAAAAAAAAAAAAAAAAAAAAAAAAAA=", "subType": "00"}}, "keyId": 0}}, "operationTime": {"$timestamp": {"t": 1783615861, "i": 1}}}
	at com.mongodb.internal.operation.CommandBatchCursorHelper.translateCommandException(CommandBatchCursorHelper.java:82)
	at com.mongodb.internal.operation.AsyncCommandBatchCursor.lambda$executeGetMoreCommand$2(AsyncCommandBatchCursor.java:200)
	at com.mongodb.internal.async.ErrorHandlingResultCallback.onResult(ErrorHandlingResultCallback.java:47)
	at com.mongodb.internal.connection.DefaultServer$DefaultServerProtocolExecutor.lambda$executeAsync$0(DefaultServer.java:243)
	at com.mongodb.internal.async.ErrorHandlingResultCallback.onResult(ErrorHandlingResultCallback.java:47)
	at com.mongodb.internal.connection.CommandProtocolImpl.lambda$executeAsync$0(CommandProtocolImpl.java:69)
	at com.mongodb.internal.connection.UsageTrackingInternalConnection.lambda$sendAndReceiveAsync$1(UsageTrackingInternalConnection.java:139)
	at com.mongodb.internal.async.ErrorHandlingResultCallback.onResult(ErrorHandlingResultCallback.java:47)
	at com.mongodb.internal.async.AsyncSupplier.lambda$finish$0(AsyncSupplier.java:73)
	at com.mongodb.internal.async.SingleResultCallback.completeExceptionally(SingleResultCallback.java:71)
	at com.mongodb.internal.async.AsyncSupplier.lambda$onErrorIf$7(AsyncSupplier.java:187)
	at com.mongodb.internal.async.AsyncSupplier.lambda$finish$0(AsyncSupplier.java:73)
	at com.mongodb.internal.async.AsyncSupplier.lambda$finish$0(AsyncSupplier.java:73)
	at com.mongodb.internal.async.AsyncSupplier.lambda$finish$0(AsyncSupplier.java:73)
	at com.mongodb.internal.connection.InternalStreamConnection.lambda$sendCommandMessageAsync$9(InternalStreamConnection.java:632)
	at com.mongodb.internal.connection.InternalStreamConnection$MessageHeaderCallback$MessageCallback.onResult(InternalStreamConnection.java:941)
	at com.mongodb.internal.connection.InternalStreamConnection$MessageHeaderCallback$MessageCallback.onResult(InternalStreamConnection.java:904)
	at com.mongodb.internal.connection.InternalStreamConnection$2.completed(InternalStreamConnection.java:738)
	at com.mongodb.internal.connection.InternalStreamConnection$2.completed(InternalStreamConnection.java:735)
	at com.mongodb.internal.connection.netty.NettyStream.readAsync(NettyStream.java:334)
	at com.mongodb.internal.connection.netty.NettyStream.readAsync(NettyStream.java:278)
	at com.mongodb.internal.connection.InternalStreamConnection.readAsync(InternalStreamConnection.java:735)
	at com.mongodb.internal.connection.InternalStreamConnection.access$500(InternalStreamConnection.java:103)
	at com.mongodb.internal.connection.InternalStreamConnection$MessageHeaderCallback.onResult(InternalStreamConnection.java:893)
	at com.mongodb.internal.connection.InternalStreamConnection$MessageHeaderCallback.onResult(InternalStreamConnection.java:875)
	at com.mongodb.internal.connection.InternalStreamConnection$2.completed(InternalStreamConnection.java:738)
	at com.mongodb.internal.connection.InternalStreamConnection$2.completed(InternalStreamConnection.java:735)
	at com.mongodb.internal.connection.netty.NettyStream.readAsync(NettyStream.java:334)
	at com.mongodb.internal.connection.netty.NettyStream.handleReadResponse(NettyStream.java:365)
	at com.mongodb.internal.connection.netty.NettyStream.access$900(NettyStream.java:115)
	at com.mongodb.internal.connection.netty.NettyStream$InboundBufferHandler.channelRead0(NettyStream.java:443)
	at com.mongodb.internal.connection.netty.NettyStream$InboundBufferHandler.channelRead0(NettyStream.java:440)
	at io.netty.channel.SimpleChannelInboundHandler.channelRead(SimpleChannelInboundHandler.java:99)
	at io.netty.channel.AbstractChannelHandlerContext.fireChannelRead(AbstractChannelHandlerContext.java:357)
	at io.netty.channel.DefaultChannelPipeline$HeadContext.channelRead(DefaultChannelPipeline.java:1429)
	at io.netty.channel.DefaultChannelPipeline.fireChannelRead(DefaultChannelPipeline.java:918)
	at io.netty.channel.nio.AbstractNioByteChannel$NioByteUnsafe.read(AbstractNioByteChannel.java:176)
	at io.netty.channel.nio.AbstractNioChannel$AbstractNioUnsafe.handle(AbstractNioChannel.java:445)
	at io.netty.channel.nio.NioIoHandler$DefaultNioRegistration.handle(NioIoHandler.java:388)
	at io.netty.channel.nio.NioIoHandler.processSelectedKey(NioIoHandler.java:596)
	at io.netty.channel.nio.NioIoHandler.processSelectedKeysOptimized(NioIoHandler.java:571)
	at io.netty.channel.nio.NioIoHandler.processSelectedKeys(NioIoHandler.java:512)
	at io.netty.channel.nio.NioIoHandler.run(NioIoHandler.java:484)
	at io.netty.channel.SingleThreadIoEventLoop.runIo(SingleThreadIoEventLoop.java:225)
	at io.netty.channel.SingleThreadIoEventLoop.run(SingleThreadIoEventLoop.java:196)
	at io.netty.util.concurrent.SingleThreadEventExecutor$5.run(SingleThreadEventExecutor.java:1195)
	at io.netty.util.internal.ThreadExecutorMap$2.run(ThreadExecutorMap.java:74)
	at io.netty.util.concurrent.FastThreadLocalRunnable.run(FastThreadLocalRunnable.java:30)
	at java.base/java.lang.Thread.run(Unknown Source)
2026-07-09 16:51:06 [http-nio-80-exec-5] ERROR o.a.c.c.C.[.[.[.[dispatcherServlet] - Servlet.service() for servlet [dispatcherServlet] threw exception
com.mongodb.MongoQueryException: Command execution failed on MongoDB server with error 11600 (InterruptedAtShutdown): 'interrupted at shutdown' on server mongodb:27017. The full response is {"ok": 0.0, "errmsg": "interrupted at shutdown", "code": 11600, "codeName": "InterruptedAtShutdown", "$clusterTime": {"clusterTime": {"$timestamp": {"t": 1783615861, "i": 1}}, "signature": {"hash": {"$binary": {"base64": "AAAAAAAAAAAAAAAAAAAAAAAAAAA=", "subType": "00"}}, "keyId": 0}}, "operationTime": {"$timestamp": {"t": 1783615861, "i": 1}}}
	at com.mongodb.internal.operation.CommandBatchCursorHelper.translateCommandException(CommandBatchCursorHelper.java:82)
	at com.mongodb.internal.operation.AsyncCommandBatchCursor.lambda$executeGetMoreCommand$2(AsyncCommandBatchCursor.java:200)
	at com.mongodb.internal.async.ErrorHandlingResultCallback.onResult(ErrorHandlingResultCallback.java:47)
	at com.mongodb.internal.connection.DefaultServer$DefaultServerProtocolExecutor.lambda$executeAsync$0(DefaultServer.java:243)
	at com.mongodb.internal.async.ErrorHandlingResultCallback.onResult(ErrorHandlingResultCallback.java:47)
	at com.mongodb.internal.connection.CommandProtocolImpl.lambda$executeAsync$0(CommandProtocolImpl.java:69)
	at com.mongodb.internal.connection.UsageTrackingInternalConnection.lambda$sendAndReceiveAsync$1(UsageTrackingInternalConnection.java:139)
	at com.mongodb.internal.async.ErrorHandlingResultCallback.onResult(ErrorHandlingResultCallback.java:47)
	at com.mongodb.internal.async.AsyncSupplier.lambda$finish$0(AsyncSupplier.java:73)
	at com.mongodb.internal.async.SingleResultCallback.completeExceptionally(SingleResultCallback.java:71)
	at com.mongodb.internal.async.AsyncSupplier.lambda$onErrorIf$7(AsyncSupplier.java:187)
	at com.mongodb.internal.async.AsyncSupplier.lambda$finish$0(AsyncSupplier.java:73)
	at com.mongodb.internal.async.AsyncSupplier.lambda$finish$0(AsyncSupplier.java:73)
	at com.mongodb.internal.async.AsyncSupplier.lambda$finish$0(AsyncSupplier.java:73)
	at com.mongodb.internal.connection.InternalStreamConnection.lambda$sendCommandMessageAsync$9(InternalStreamConnection.java:632)
	at com.mongodb.internal.connection.InternalStreamConnection$MessageHeaderCallback$MessageCallback.onResult(InternalStreamConnection.java:941)
	at com.mongodb.internal.connection.InternalStreamConnection$MessageHeaderCallback$MessageCallback.onResult(InternalStreamConnection.java:904)
	at com.mongodb.internal.connection.InternalStreamConnection$2.completed(InternalStreamConnection.java:738)
	at com.mongodb.internal.connection.InternalStreamConnection$2.completed(InternalStreamConnection.java:735)
	at com.mongodb.internal.connection.netty.NettyStream.readAsync(NettyStream.java:334)
	at com.mongodb.internal.connection.netty.NettyStream.readAsync(NettyStream.java:278)
	at com.mongodb.internal.connection.InternalStreamConnection.readAsync(InternalStreamConnection.java:735)
	at com.mongodb.internal.connection.InternalStreamConnection.access$500(InternalStreamConnection.java:103)
	at com.mongodb.internal.connection.InternalStreamConnection$MessageHeaderCallback.onResult(InternalStreamConnection.java:893)
	at com.mongodb.internal.connection.InternalStreamConnection$MessageHeaderCallback.onResult(InternalStreamConnection.java:875)
	at com.mongodb.internal.connection.InternalStreamConnection$2.completed(InternalStreamConnection.java:738)
	at com.mongodb.internal.connection.InternalStreamConnection$2.completed(InternalStreamConnection.java:735)
	at com.mongodb.internal.connection.netty.NettyStream.readAsync(NettyStream.java:334)
	at com.mongodb.internal.connection.netty.NettyStream.handleReadResponse(NettyStream.java:365)
	at com.mongodb.internal.connection.netty.NettyStream.access$900(NettyStream.java:115)
	at com.mongodb.internal.connection.netty.NettyStream$InboundBufferHandler.channelRead0(NettyStream.java:443)
	at com.mongodb.internal.connection.netty.NettyStream$InboundBufferHandler.channelRead0(NettyStream.java:440)
	at io.netty.channel.SimpleChannelInboundHandler.channelRead(SimpleChannelInboundHandler.java:99)
	at io.netty.channel.AbstractChannelHandlerContext.fireChannelRead(AbstractChannelHandlerContext.java:357)
	at io.netty.channel.DefaultChannelPipeline$HeadContext.channelRead(DefaultChannelPipeline.java:1429)
	at io.netty.channel.DefaultChannelPipeline.fireChannelRead(DefaultChannelPipeline.java:918)
	at io.netty.channel.nio.AbstractNioByteChannel$NioByteUnsafe.read(AbstractNioByteChannel.java:176)
	at io.netty.channel.nio.AbstractNioChannel$AbstractNioUnsafe.handle(AbstractNioChannel.java:445)
	at io.netty.channel.nio.NioIoHandler$DefaultNioRegistration.handle(NioIoHandler.java:388)
	at io.netty.channel.nio.NioIoHandler.processSelectedKey(NioIoHandler.java:596)
	at io.netty.channel.nio.NioIoHandler.processSelectedKeysOptimized(NioIoHandler.java:571)
	at io.netty.channel.nio.NioIoHandler.processSelectedKeys(NioIoHandler.java:512)
	at io.netty.channel.nio.NioIoHandler.run(NioIoHandler.java:484)
	at io.netty.channel.SingleThreadIoEventLoop.runIo(SingleThreadIoEventLoop.java:225)
	at io.netty.channel.SingleThreadIoEventLoop.run(SingleThreadIoEventLoop.java:196)
	at io.netty.util.concurrent.SingleThreadEventExecutor$5.run(SingleThreadEventExecutor.java:1195)
	at io.netty.util.internal.ThreadExecutorMap$2.run(ThreadExecutorMap.java:74)
	at io.netty.util.concurrent.FastThreadLocalRunnable.run(FastThreadLocalRunnable.java:30)
	at java.base/java.lang.Thread.run(Unknown Source)
2026-07-09 16:51:06 [http-nio-80-exec-8] ERROR o.a.c.c.C.[.[.[.[dispatcherServlet] - Servlet.service() for servlet [dispatcherServlet] threw exception
com.mongodb.MongoQueryException: Command execution failed on MongoDB server with error 11600 (InterruptedAtShutdown): 'interrupted at shutdown' on server mongodb:27017. The full response is {"ok": 0.0, "errmsg": "interrupted at shutdown", "code": 11600, "codeName": "InterruptedAtShutdown", "$clusterTime": {"clusterTime": {"$timestamp": {"t": 1783615861, "i": 1}}, "signature": {"hash": {"$binary": {"base64": "AAAAAAAAAAAAAAAAAAAAAAAAAAA=", "subType": "00"}}, "keyId": 0}}, "operationTime": {"$timestamp": {"t": 1783615861, "i": 1}}}
	at com.mongodb.internal.operation.CommandBatchCursorHelper.translateCommandException(CommandBatchCursorHelper.java:82)
	at com.mongodb.internal.operation.AsyncCommandBatchCursor.lambda$executeGetMoreCommand$2(AsyncCommandBatchCursor.java:200)
	at com.mongodb.internal.async.ErrorHandlingResultCallback.onResult(ErrorHandlingResultCallback.java:47)
	at com.mongodb.internal.connection.DefaultServer$DefaultServerProtocolExecutor.lambda$executeAsync$0(DefaultServer.java:243)
	at com.mongodb.internal.async.ErrorHandlingResultCallback.onResult(ErrorHandlingResultCallback.java:47)
	at com.mongodb.internal.connection.CommandProtocolImpl.lambda$executeAsync$0(CommandProtocolImpl.java:69)
	at com.mongodb.internal.connection.UsageTrackingInternalConnection.lambda$sendAndReceiveAsync$1(UsageTrackingInternalConnection.java:139)
	at com.mongodb.internal.async.ErrorHandlingResultCallback.onResult(ErrorHandlingResultCallback.java:47)
	at com.mongodb.internal.async.AsyncSupplier.lambda$finish$0(AsyncSupplier.java:73)
	at com.mongodb.internal.async.SingleResultCallback.completeExceptionally(SingleResultCallback.java:71)
	at com.mongodb.internal.async.AsyncSupplier.lambda$onErrorIf$7(AsyncSupplier.java:187)
	at com.mongodb.internal.async.AsyncSupplier.lambda$finish$0(AsyncSupplier.java:73)
	at com.mongodb.internal.async.AsyncSupplier.lambda$finish$0(AsyncSupplier.java:73)
	at com.mongodb.internal.async.AsyncSupplier.lambda$finish$0(AsyncSupplier.java:73)
	at com.mongodb.internal.connection.InternalStreamConnection.lambda$sendCommandMessageAsync$9(InternalStreamConnection.java:632)
	at com.mongodb.internal.connection.InternalStreamConnection$MessageHeaderCallback$MessageCallback.onResult(InternalStreamConnection.java:941)
	at com.mongodb.internal.connection.InternalStreamConnection$MessageHeaderCallback$MessageCallback.onResult(InternalStreamConnection.java:904)
	at com.mongodb.internal.connection.InternalStreamConnection$2.completed(InternalStreamConnection.java:738)
	at com.mongodb.internal.connection.InternalStreamConnection$2.completed(InternalStreamConnection.java:735)
	at com.mongodb.internal.connection.netty.NettyStream.readAsync(NettyStream.java:334)
	at com.mongodb.internal.connection.netty.NettyStream.readAsync(NettyStream.java:278)
	at com.mongodb.internal.connection.InternalStreamConnection.readAsync(InternalStreamConnection.java:735)
	at com.mongodb.internal.connection.InternalStreamConnection.access$500(InternalStreamConnection.java:103)
	at com.mongodb.internal.connection.InternalStreamConnection$MessageHeaderCallback.onResult(InternalStreamConnection.java:893)
	at com.mongodb.internal.connection.InternalStreamConnection$MessageHeaderCallback.onResult(InternalStreamConnection.java:875)
	at com.mongodb.internal.connection.InternalStreamConnection$2.completed(InternalStreamConnection.java:738)
	at com.mongodb.internal.connection.InternalStreamConnection$2.completed(InternalStreamConnection.java:735)
	at com.mongodb.internal.connection.netty.NettyStream.readAsync(NettyStream.java:334)
	at com.mongodb.internal.connection.netty.NettyStream.handleReadResponse(NettyStream.java:365)
	at com.mongodb.internal.connection.netty.NettyStream.access$900(NettyStream.java:115)
	at com.mongodb.internal.connection.netty.NettyStream$InboundBufferHandler.channelRead0(NettyStream.java:443)
	at com.mongodb.internal.connection.netty.NettyStream$InboundBufferHandler.channelRead0(NettyStream.java:440)
	at io.netty.channel.SimpleChannelInboundHandler.channelRead(SimpleChannelInboundHandler.java:99)
	at io.netty.channel.AbstractChannelHandlerContext.fireChannelRead(AbstractChannelHandlerContext.java:357)
	at io.netty.channel.DefaultChannelPipeline$HeadContext.channelRead(DefaultChannelPipeline.java:1429)
	at io.netty.channel.DefaultChannelPipeline.fireChannelRead(DefaultChannelPipeline.java:918)
	at io.netty.channel.nio.AbstractNioByteChannel$NioByteUnsafe.read(AbstractNioByteChannel.java:176)
	at io.netty.channel.nio.AbstractNioChannel$AbstractNioUnsafe.handle(AbstractNioChannel.java:445)
	at io.netty.channel.nio.NioIoHandler$DefaultNioRegistration.handle(NioIoHandler.java:388)
	at io.netty.channel.nio.NioIoHandler.processSelectedKey(NioIoHandler.java:596)
	at io.netty.channel.nio.NioIoHandler.processSelectedKeysOptimized(NioIoHandler.java:571)
	at io.netty.channel.nio.NioIoHandler.processSelectedKeys(NioIoHandler.java:512)
	at io.netty.channel.nio.NioIoHandler.run(NioIoHandler.java:484)
	at io.netty.channel.SingleThreadIoEventLoop.runIo(SingleThreadIoEventLoop.java:225)
	at io.netty.channel.SingleThreadIoEventLoop.run(SingleThreadIoEventLoop.java:196)
	at io.netty.util.concurrent.SingleThreadEventExecutor$5.run(SingleThreadEventExecutor.java:1195)
	at io.netty.util.internal.ThreadExecutorMap$2.run(ThreadExecutorMap.java:74)
	at io.netty.util.concurrent.FastThreadLocalRunnable.run(FastThreadLocalRunnable.java:30)
	at java.base/java.lang.Thread.run(Unknown Source)
2026-07-09 16:51:06 [http-nio-80-exec-9] ERROR o.a.c.c.C.[.[.[.[dispatcherServlet] - Servlet.service() for servlet [dispatcherServlet] threw exception
com.mongodb.MongoQueryException: Command execution failed on MongoDB server with error 11600 (InterruptedAtShutdown): 'interrupted at shutdown' on server mongodb:27017. The full response is {"ok": 0.0, "errmsg": "interrupted at shutdown", "code": 11600, "codeName": "InterruptedAtShutdown", "$clusterTime": {"clusterTime": {"$timestamp": {"t": 1783615861, "i": 1}}, "signature": {"hash": {"$binary": {"base64": "AAAAAAAAAAAAAAAAAAAAAAAAAAA=", "subType": "00"}}, "keyId": 0}}, "operationTime": {"$timestamp": {"t": 1783615861, "i": 1}}}
	at com.mongodb.internal.operation.CommandBatchCursorHelper.translateCommandException(CommandBatchCursorHelper.java:82)
	at com.mongodb.internal.operation.AsyncCommandBatchCursor.lambda$executeGetMoreCommand$2(AsyncCommandBatchCursor.java:200)
	at com.mongodb.internal.async.ErrorHandlingResultCallback.onResult(ErrorHandlingResultCallback.java:47)
	at com.mongodb.internal.connection.DefaultServer$DefaultServerProtocolExecutor.lambda$executeAsync$0(DefaultServer.java:243)
	at com.mongodb.internal.async.ErrorHandlingResultCallback.onResult(ErrorHandlingResultCallback.java:47)
	at com.mongodb.internal.connection.CommandProtocolImpl.lambda$executeAsync$0(CommandProtocolImpl.java:69)
	at com.mongodb.internal.connection.UsageTrackingInternalConnection.lambda$sendAndReceiveAsync$1(UsageTrackingInternalConnection.java:139)
	at com.mongodb.internal.async.ErrorHandlingResultCallback.onResult(ErrorHandlingResultCallback.java:47)
	at com.mongodb.internal.async.AsyncSupplier.lambda$finish$0(AsyncSupplier.java:73)
	at com.mongodb.internal.async.SingleResultCallback.completeExceptionally(SingleResultCallback.java:71)
	at com.mongodb.internal.async.AsyncSupplier.lambda$onErrorIf$7(AsyncSupplier.java:187)
	at com.mongodb.internal.async.AsyncSupplier.lambda$finish$0(AsyncSupplier.java:73)
	at com.mongodb.internal.async.AsyncSupplier.lambda$finish$0(AsyncSupplier.java:73)
	at com.mongodb.internal.async.AsyncSupplier.lambda$finish$0(AsyncSupplier.java:73)
	at com.mongodb.internal.connection.InternalStreamConnection.lambda$sendCommandMessageAsync$9(InternalStreamConnection.java:632)
	at com.mongodb.internal.connection.InternalStreamConnection$MessageHeaderCallback$MessageCallback.onResult(InternalStreamConnection.java:941)
	at com.mongodb.internal.connection.InternalStreamConnection$MessageHeaderCallback$MessageCallback.onResult(InternalStreamConnection.java:904)
	at com.mongodb.internal.connection.InternalStreamConnection$2.completed(InternalStreamConnection.java:738)
	at com.mongodb.internal.connection.InternalStreamConnection$2.completed(InternalStreamConnection.java:735)
	at com.mongodb.internal.connection.netty.NettyStream.readAsync(NettyStream.java:334)
	at com.mongodb.internal.connection.netty.NettyStream.readAsync(NettyStream.java:278)
	at com.mongodb.internal.connection.InternalStreamConnection.readAsync(InternalStreamConnection.java:735)
	at com.mongodb.internal.connection.InternalStreamConnection.access$500(InternalStreamConnection.java:103)
	at com.mongodb.internal.connection.InternalStreamConnection$MessageHeaderCallback.onResult(InternalStreamConnection.java:893)
	at com.mongodb.internal.connection.InternalStreamConnection$MessageHeaderCallback.onResult(InternalStreamConnection.java:875)
	at com.mongodb.internal.connection.InternalStreamConnection$2.completed(InternalStreamConnection.java:738)
	at com.mongodb.internal.connection.InternalStreamConnection$2.completed(InternalStreamConnection.java:735)
	at com.mongodb.internal.connection.netty.NettyStream.readAsync(NettyStream.java:334)
	at com.mongodb.internal.connection.netty.NettyStream.handleReadResponse(NettyStream.java:365)
	at com.mongodb.internal.connection.netty.NettyStream.access$900(NettyStream.java:115)
	at com.mongodb.internal.connection.netty.NettyStream$InboundBufferHandler.channelRead0(NettyStream.java:443)
	at com.mongodb.internal.connection.netty.NettyStream$InboundBufferHandler.channelRead0(NettyStream.java:440)
	at io.netty.channel.SimpleChannelInboundHandler.channelRead(SimpleChannelInboundHandler.java:99)
	at io.netty.channel.AbstractChannelHandlerContext.fireChannelRead(AbstractChannelHandlerContext.java:357)
	at io.netty.channel.DefaultChannelPipeline$HeadContext.channelRead(DefaultChannelPipeline.java:1429)
	at io.netty.channel.DefaultChannelPipeline.fireChannelRead(DefaultChannelPipeline.java:918)
	at io.netty.channel.nio.AbstractNioByteChannel$NioByteUnsafe.read(AbstractNioByteChannel.java:176)
	at io.netty.channel.nio.AbstractNioChannel$AbstractNioUnsafe.handle(AbstractNioChannel.java:445)
	at io.netty.channel.nio.NioIoHandler$DefaultNioRegistration.handle(NioIoHandler.java:388)
	at io.netty.channel.nio.NioIoHandler.processSelectedKey(NioIoHandler.java:596)
	at io.netty.channel.nio.NioIoHandler.processSelectedKeysOptimized(NioIoHandler.java:571)
	at io.netty.channel.nio.NioIoHandler.processSelectedKeys(NioIoHandler.java:512)
	at io.netty.channel.nio.NioIoHandler.run(NioIoHandler.java:484)
	at io.netty.channel.SingleThreadIoEventLoop.runIo(SingleThreadIoEventLoop.java:225)
	at io.netty.channel.SingleThreadIoEventLoop.run(SingleThreadIoEventLoop.java:196)
	at io.netty.util.concurrent.SingleThreadEventExecutor$5.run(SingleThreadEventExecutor.java:1195)
	at io.netty.util.internal.ThreadExecutorMap$2.run(ThreadExecutorMap.java:74)
	at io.netty.util.concurrent.FastThreadLocalRunnable.run(FastThreadLocalRunnable.java:30)
	at java.base/java.lang.Thread.run(Unknown Source)
2026-07-09 16:51:06 [http-nio-80-exec-10] ERROR o.a.c.c.C.[.[.[.[dispatcherServlet] - Servlet.service() for servlet [dispatcherServlet] in context with path [] threw exception [Request processing failed: com.mongodb.MongoQueryException: Command execution failed on MongoDB server with error 11600 (InterruptedAtShutdown): 'interrupted at shutdown' on server mongodb:27017. The full response is {"ok": 0.0, "errmsg": "interrupted at shutdown", "code": 11600, "codeName": "InterruptedAtShutdown", "$clusterTime": {"clusterTime": {"$timestamp": {"t": 1783615861, "i": 1}}, "signature": {"hash": {"$binary": {"base64": "AAAAAAAAAAAAAAAAAAAAAAAAAAA=", "subType": "00"}}, "keyId": 0}}, "operationTime": {"$timestamp": {"t": 1783615861, "i": 1}}}] with root cause
com.mongodb.MongoQueryException: Command execution failed on MongoDB server with error 11600 (InterruptedAtShutdown): 'interrupted at shutdown' on server mongodb:27017. The full response is {"ok": 0.0, "errmsg": "interrupted at shutdown", "code": 11600, "codeName": "InterruptedAtShutdown", "$clusterTime": {"clusterTime": {"$timestamp": {"t": 1783615861, "i": 1}}, "signature": {"hash": {"$binary": {"base64": "AAAAAAAAAAAAAAAAAAAAAAAAAAA=", "subType": "00"}}, "keyId": 0}}, "operationTime": {"$timestamp": {"t": 1783615861, "i": 1}}}
	at com.mongodb.internal.operation.CommandBatchCursorHelper.translateCommandException(CommandBatchCursorHelper.java:82)
	at com.mongodb.internal.operation.AsyncCommandBatchCursor.lambda$executeGetMoreCommand$2(AsyncCommandBatchCursor.java:200)
	at com.mongodb.internal.async.ErrorHandlingResultCallback.onResult(ErrorHandlingResultCallback.java:47)
	at com.mongodb.internal.connection.DefaultServer$DefaultServerProtocolExecutor.lambda$executeAsync$0(DefaultServer.java:243)
	at com.mongodb.internal.async.ErrorHandlingResultCallback.onResult(ErrorHandlingResultCallback.java:47)
	at com.mongodb.internal.connection.CommandProtocolImpl.lambda$executeAsync$0(CommandProtocolImpl.java:69)
	at com.mongodb.internal.connection.UsageTrackingInternalConnection.lambda$sendAndReceiveAsync$1(UsageTrackingInternalConnection.java:139)
	at com.mongodb.internal.async.ErrorHandlingResultCallback.onResult(ErrorHandlingResultCallback.java:47)
	at com.mongodb.internal.async.AsyncSupplier.lambda$finish$0(AsyncSupplier.java:73)
	at com.mongodb.internal.async.SingleResultCallback.completeExceptionally(SingleResultCallback.java:71)
	at com.mongodb.internal.async.AsyncSupplier.lambda$onErrorIf$7(AsyncSupplier.java:187)
	at com.mongodb.internal.async.AsyncSupplier.lambda$finish$0(AsyncSupplier.java:73)
	at com.mongodb.internal.async.AsyncSupplier.lambda$finish$0(AsyncSupplier.java:73)
	at com.mongodb.internal.async.AsyncSupplier.lambda$finish$0(AsyncSupplier.java:73)
	at com.mongodb.internal.connection.InternalStreamConnection.lambda$sendCommandMessageAsync$9(InternalStreamConnection.java:632)
	at com.mongodb.internal.connection.InternalStreamConnection$MessageHeaderCallback$MessageCallback.onResult(InternalStreamConnection.java:941)
	at com.mongodb.internal.connection.InternalStreamConnection$MessageHeaderCallback$MessageCallback.onResult(InternalStreamConnection.java:904)
	at com.mongodb.internal.connection.InternalStreamConnection$2.completed(InternalStreamConnection.java:738)
	at com.mongodb.internal.connection.InternalStreamConnection$2.completed(InternalStreamConnection.java:735)
	at com.mongodb.internal.connection.netty.NettyStream.readAsync(NettyStream.java:334)
	at com.mongodb.internal.connection.netty.NettyStream.readAsync(NettyStream.java:278)
	at com.mongodb.internal.connection.InternalStreamConnection.readAsync(InternalStreamConnection.java:735)
	at com.mongodb.internal.connection.InternalStreamConnection.access$500(InternalStreamConnection.java:103)
	at com.mongodb.internal.connection.InternalStreamConnection$MessageHeaderCallback.onResult(InternalStreamConnection.java:893)
	at com.mongodb.internal.connection.InternalStreamConnection$MessageHeaderCallback.onResult(InternalStreamConnection.java:875)
	at com.mongodb.internal.connection.InternalStreamConnection$2.completed(InternalStreamConnection.java:738)
	at com.mongodb.internal.connection.InternalStreamConnection$2.completed(InternalStreamConnection.java:735)
	at com.mongodb.internal.connection.netty.NettyStream.readAsync(NettyStream.java:334)
	at com.mongodb.internal.connection.netty.NettyStream.handleReadResponse(NettyStream.java:365)
	at com.mongodb.internal.connection.netty.NettyStream.access$900(NettyStream.java:115)
	at com.mongodb.internal.connection.netty.NettyStream$InboundBufferHandler.channelRead0(NettyStream.java:443)
	at com.mongodb.internal.connection.netty.NettyStream$InboundBufferHandler.channelRead0(NettyStream.java:440)
	at io.netty.channel.SimpleChannelInboundHandler.channelRead(SimpleChannelInboundHandler.java:99)
	at io.netty.channel.AbstractChannelHandlerContext.fireChannelRead(AbstractChannelHandlerContext.java:357)
	at io.netty.channel.DefaultChannelPipeline$HeadContext.channelRead(DefaultChannelPipeline.java:1429)
	at io.netty.channel.DefaultChannelPipeline.fireChannelRead(DefaultChannelPipeline.java:918)
	at io.netty.channel.nio.AbstractNioByteChannel$NioByteUnsafe.read(AbstractNioByteChannel.java:176)
	at io.netty.channel.nio.AbstractNioChannel$AbstractNioUnsafe.handle(AbstractNioChannel.java:445)
	at io.netty.channel.nio.NioIoHandler$DefaultNioRegistration.handle(NioIoHandler.java:388)
	at io.netty.channel.nio.NioIoHandler.processSelectedKey(NioIoHandler.java:596)
	at io.netty.channel.nio.NioIoHandler.processSelectedKeysOptimized(NioIoHandler.java:571)
	at io.netty.channel.nio.NioIoHandler.processSelectedKeys(NioIoHandler.java:512)
	at io.netty.channel.nio.NioIoHandler.run(NioIoHandler.java:484)
	at io.netty.channel.SingleThreadIoEventLoop.runIo(SingleThreadIoEventLoop.java:225)
	at io.netty.channel.SingleThreadIoEventLoop.run(SingleThreadIoEventLoop.java:196)
	at io.netty.util.concurrent.SingleThreadEventExecutor$5.run(SingleThreadEventExecutor.java:1195)
	at io.netty.util.internal.ThreadExecutorMap$2.run(ThreadExecutorMap.java:74)
	at io.netty.util.concurrent.FastThreadLocalRunnable.run(FastThreadLocalRunnable.java:30)
	at java.base/java.lang.Thread.run(Unknown Source)
2026-07-09 16:51:06 [http-nio-80-exec-2] ERROR o.a.c.c.C.[.[.[.[dispatcherServlet] - Servlet.service() for servlet [dispatcherServlet] in context with path [] threw exception [Request processing failed: com.mongodb.MongoQueryException: Command execution failed on MongoDB server with error 11600 (InterruptedAtShutdown): 'interrupted at shutdown' on server mongodb:27017. The full response is {"ok": 0.0, "errmsg": "interrupted at shutdown", "code": 11600, "codeName": "InterruptedAtShutdown", "$clusterTime": {"clusterTime": {"$timestamp": {"t": 1783615861, "i": 1}}, "signature": {"hash": {"$binary": {"base64": "AAAAAAAAAAAAAAAAAAAAAAAAAAA=", "subType": "00"}}, "keyId": 0}}, "operationTime": {"$timestamp": {"t": 1783615861, "i": 1}}}] with root cause
com.mongodb.MongoQueryException: Command execution failed on MongoDB server with error 11600 (InterruptedAtShutdown): 'interrupted at shutdown' on server mongodb:27017. The full response is {"ok": 0.0, "errmsg": "interrupted at shutdown", "code": 11600, "codeName": "InterruptedAtShutdown", "$clusterTime": {"clusterTime": {"$timestamp": {"t": 1783615861, "i": 1}}, "signature": {"hash": {"$binary": {"base64": "AAAAAAAAAAAAAAAAAAAAAAAAAAA=", "subType": "00"}}, "keyId": 0}}, "operationTime": {"$timestamp": {"t": 1783615861, "i": 1}}}
	at com.mongodb.internal.operation.CommandBatchCursorHelper.translateCommandException(CommandBatchCursorHelper.java:82)
	at com.mongodb.internal.operation.AsyncCommandBatchCursor.lambda$executeGetMoreCommand$2(AsyncCommandBatchCursor.java:200)
	at com.mongodb.internal.async.ErrorHandlingResultCallback.onResult(ErrorHandlingResultCallback.java:47)
	at com.mongodb.internal.connection.DefaultServer$DefaultServerProtocolExecutor.lambda$executeAsync$0(DefaultServer.java:243)
	at com.mongodb.internal.async.ErrorHandlingResultCallback.onResult(ErrorHandlingResultCallback.java:47)
	at com.mongodb.internal.connection.CommandProtocolImpl.lambda$executeAsync$0(CommandProtocolImpl.java:69)
	at com.mongodb.internal.connection.UsageTrackingInternalConnection.lambda$sendAndReceiveAsync$1(UsageTrackingInternalConnection.java:139)
	at com.mongodb.internal.async.ErrorHandlingResultCallback.onResult(ErrorHandlingResultCallback.java:47)
	at com.mongodb.internal.async.AsyncSupplier.lambda$finish$0(AsyncSupplier.java:73)
	at com.mongodb.internal.async.SingleResultCallback.completeExceptionally(SingleResultCallback.java:71)
	at com.mongodb.internal.async.AsyncSupplier.lambda$onErrorIf$7(AsyncSupplier.java:187)
	at com.mongodb.internal.async.AsyncSupplier.lambda$finish$0(AsyncSupplier.java:73)
	at com.mongodb.internal.async.AsyncSupplier.lambda$finish$0(AsyncSupplier.java:73)
	at com.mongodb.internal.async.AsyncSupplier.lambda$finish$0(AsyncSupplier.java:73)
	at com.mongodb.internal.connection.InternalStreamConnection.lambda$sendCommandMessageAsync$9(InternalStreamConnection.java:632)
	at com.mongodb.internal.connection.InternalStreamConnection$MessageHeaderCallback$MessageCallback.onResult(InternalStreamConnection.java:941)
	at com.mongodb.internal.connection.InternalStreamConnection$MessageHeaderCallback$MessageCallback.onResult(InternalStreamConnection.java:904)
	at com.mongodb.internal.connection.InternalStreamConnection$2.completed(InternalStreamConnection.java:738)
	at com.mongodb.internal.connection.InternalStreamConnection$2.completed(InternalStreamConnection.java:735)
	at com.mongodb.internal.connection.netty.NettyStream.readAsync(NettyStream.java:334)
	at com.mongodb.internal.connection.netty.NettyStream.readAsync(NettyStream.java:278)
	at com.mongodb.internal.connection.InternalStreamConnection.readAsync(InternalStreamConnection.java:735)
	at com.mongodb.internal.connection.InternalStreamConnection.access$500(InternalStreamConnection.java:103)
	at com.mongodb.internal.connection.InternalStreamConnection$MessageHeaderCallback.onResult(InternalStreamConnection.java:893)
	at com.mongodb.internal.connection.InternalStreamConnection$MessageHeaderCallback.onResult(InternalStreamConnection.java:875)
	at com.mongodb.internal.connection.InternalStreamConnection$2.completed(InternalStreamConnection.java:738)
	at com.mongodb.internal.connection.InternalStreamConnection$2.completed(InternalStreamConnection.java:735)
	at com.mongodb.internal.connection.netty.NettyStream.readAsync(NettyStream.java:334)
	at com.mongodb.internal.connection.netty.NettyStream.handleReadResponse(NettyStream.java:365)
	at com.mongodb.internal.connection.netty.NettyStream.access$900(NettyStream.java:115)
	at com.mongodb.internal.connection.netty.NettyStream$InboundBufferHandler.channelRead0(NettyStream.java:443)
	at com.mongodb.internal.connection.netty.NettyStream$InboundBufferHandler.channelRead0(NettyStream.java:440)
	at io.netty.channel.SimpleChannelInboundHandler.channelRead(SimpleChannelInboundHandler.java:99)
	at io.netty.channel.AbstractChannelHandlerContext.fireChannelRead(AbstractChannelHandlerContext.java:357)
	at io.netty.channel.DefaultChannelPipeline$HeadContext.channelRead(DefaultChannelPipeline.java:1429)
	at io.netty.channel.DefaultChannelPipeline.fireChannelRead(DefaultChannelPipeline.java:918)
	at io.netty.channel.nio.AbstractNioByteChannel$NioByteUnsafe.read(AbstractNioByteChannel.java:176)
	at io.netty.channel.nio.AbstractNioChannel$AbstractNioUnsafe.handle(AbstractNioChannel.java:445)
	at io.netty.channel.nio.NioIoHandler$DefaultNioRegistration.handle(NioIoHandler.java:388)
	at io.netty.channel.nio.NioIoHandler.processSelectedKey(NioIoHandler.java:596)
	at io.netty.channel.nio.NioIoHandler.processSelectedKeysOptimized(NioIoHandler.java:571)
	at io.netty.channel.nio.NioIoHandler.processSelectedKeys(NioIoHandler.java:512)
	at io.netty.channel.nio.NioIoHandler.run(NioIoHandler.java:484)
	at io.netty.channel.SingleThreadIoEventLoop.runIo(SingleThreadIoEventLoop.java:225)
	at io.netty.channel.SingleThreadIoEventLoop.run(SingleThreadIoEventLoop.java:196)
	at io.netty.util.concurrent.SingleThreadEventExecutor$5.run(SingleThreadEventExecutor.java:1195)
	at io.netty.util.internal.ThreadExecutorMap$2.run(ThreadExecutorMap.java:74)
	at io.netty.util.concurrent.FastThreadLocalRunnable.run(FastThreadLocalRunnable.java:30)
	at java.base/java.lang.Thread.run(Unknown Source)
2026-07-09 16:51:06 [http-nio-80-exec-7] ERROR o.a.c.c.C.[.[.[.[dispatcherServlet] - Servlet.service() for servlet [dispatcherServlet] in context with path [] threw exception [Request processing failed: com.mongodb.MongoQueryException: Command execution failed on MongoDB server with error 11600 (InterruptedAtShutdown): 'interrupted at shutdown' on server mongodb:27017. The full response is {"ok": 0.0, "errmsg": "interrupted at shutdown", "code": 11600, "codeName": "InterruptedAtShutdown", "$clusterTime": {"clusterTime": {"$timestamp": {"t": 1783615861, "i": 1}}, "signature": {"hash": {"$binary": {"base64": "AAAAAAAAAAAAAAAAAAAAAAAAAAA=", "subType": "00"}}, "keyId": 0}}, "operationTime": {"$timestamp": {"t": 1783615861, "i": 1}}}] with root cause
com.mongodb.MongoQueryException: Command execution failed on MongoDB server with error 11600 (InterruptedAtShutdown): 'interrupted at shutdown' on server mongodb:27017. The full response is {"ok": 0.0, "errmsg": "interrupted at shutdown", "code": 11600, "codeName": "InterruptedAtShutdown", "$clusterTime": {"clusterTime": {"$timestamp": {"t": 1783615861, "i": 1}}, "signature": {"hash": {"$binary": {"base64": "AAAAAAAAAAAAAAAAAAAAAAAAAAA=", "subType": "00"}}, "keyId": 0}}, "operationTime": {"$timestamp": {"t": 1783615861, "i": 1}}}
	at com.mongodb.internal.operation.CommandBatchCursorHelper.translateCommandException(CommandBatchCursorHelper.java:82)
	at com.mongodb.internal.operation.AsyncCommandBatchCursor.lambda$executeGetMoreCommand$2(AsyncCommandBatchCursor.java:200)
	at com.mongodb.internal.async.ErrorHandlingResultCallback.onResult(ErrorHandlingResultCallback.java:47)
	at com.mongodb.internal.connection.DefaultServer$DefaultServerProtocolExecutor.lambda$executeAsync$0(DefaultServer.java:243)
	at com.mongodb.internal.async.ErrorHandlingResultCallback.onResult(ErrorHandlingResultCallback.java:47)
	at com.mongodb.internal.connection.CommandProtocolImpl.lambda$executeAsync$0(CommandProtocolImpl.java:69)
	at com.mongodb.internal.connection.UsageTrackingInternalConnection.lambda$sendAndReceiveAsync$1(UsageTrackingInternalConnection.java:139)
	at com.mongodb.internal.async.ErrorHandlingResultCallback.onResult(ErrorHandlingResultCallback.java:47)
	at com.mongodb.internal.async.AsyncSupplier.lambda$finish$0(AsyncSupplier.java:73)
	at com.mongodb.internal.async.SingleResultCallback.completeExceptionally(SingleResultCallback.java:71)
	at com.mongodb.internal.async.AsyncSupplier.lambda$onErrorIf$7(AsyncSupplier.java:187)
	at com.mongodb.internal.async.AsyncSupplier.lambda$finish$0(AsyncSupplier.java:73)
	at com.mongodb.internal.async.AsyncSupplier.lambda$finish$0(AsyncSupplier.java:73)
	at com.mongodb.internal.async.AsyncSupplier.lambda$finish$0(AsyncSupplier.java:73)
	at com.mongodb.internal.connection.InternalStreamConnection.lambda$sendCommandMessageAsync$9(InternalStreamConnection.java:632)
	at com.mongodb.internal.connection.InternalStreamConnection$MessageHeaderCallback$MessageCallback.onResult(InternalStreamConnection.java:941)
	at com.mongodb.internal.connection.InternalStreamConnection$MessageHeaderCallback$MessageCallback.onResult(InternalStreamConnection.java:904)
	at com.mongodb.internal.connection.InternalStreamConnection$2.completed(InternalStreamConnection.java:738)
	at com.mongodb.internal.connection.InternalStreamConnection$2.completed(InternalStreamConnection.java:735)
	at com.mongodb.internal.connection.netty.NettyStream.readAsync(NettyStream.java:334)
	at com.mongodb.internal.connection.netty.NettyStream.readAsync(NettyStream.java:278)
	at com.mongodb.internal.connection.InternalStreamConnection.readAsync(InternalStreamConnection.java:735)
	at com.mongodb.internal.connection.InternalStreamConnection.access$500(InternalStreamConnection.java:103)
	at com.mongodb.internal.connection.InternalStreamConnection$MessageHeaderCallback.onResult(InternalStreamConnection.java:893)
	at com.mongodb.internal.connection.InternalStreamConnection$MessageHeaderCallback.onResult(InternalStreamConnection.java:875)
	at com.mongodb.internal.connection.InternalStreamConnection$2.completed(InternalStreamConnection.java:738)
	at com.mongodb.internal.connection.InternalStreamConnection$2.completed(InternalStreamConnection.java:735)
	at com.mongodb.internal.connection.netty.NettyStream.readAsync(NettyStream.java:334)
	at com.mongodb.internal.connection.netty.NettyStream.handleReadResponse(NettyStream.java:365)
	at com.mongodb.internal.connection.netty.NettyStream.access$900(NettyStream.java:115)
	at com.mongodb.internal.connection.netty.NettyStream$InboundBufferHandler.channelRead0(NettyStream.java:443)
	at com.mongodb.internal.connection.netty.NettyStream$InboundBufferHandler.channelRead0(NettyStream.java:440)
	at io.netty.channel.SimpleChannelInboundHandler.channelRead(SimpleChannelInboundHandler.java:99)
	at io.netty.channel.AbstractChannelHandlerContext.fireChannelRead(AbstractChannelHandlerContext.java:357)
	at io.netty.channel.DefaultChannelPipeline$HeadContext.channelRead(DefaultChannelPipeline.java:1429)
	at io.netty.channel.DefaultChannelPipeline.fireChannelRead(DefaultChannelPipeline.java:918)
	at io.netty.channel.nio.AbstractNioByteChannel$NioByteUnsafe.read(AbstractNioByteChannel.java:176)
	at io.netty.channel.nio.AbstractNioChannel$AbstractNioUnsafe.handle(AbstractNioChannel.java:445)
	at io.netty.channel.nio.NioIoHandler$DefaultNioRegistration.handle(NioIoHandler.java:388)
	at io.netty.channel.nio.NioIoHandler.processSelectedKey(NioIoHandler.java:596)
	at io.netty.channel.nio.NioIoHandler.processSelectedKeysOptimized(NioIoHandler.java:571)
	at io.netty.channel.nio.NioIoHandler.processSelectedKeys(NioIoHandler.java:512)
	at io.netty.channel.nio.NioIoHandler.run(NioIoHandler.java:484)
	at io.netty.channel.SingleThreadIoEventLoop.runIo(SingleThreadIoEventLoop.java:225)
	at io.netty.channel.SingleThreadIoEventLoop.run(SingleThreadIoEventLoop.java:196)
	at io.netty.util.concurrent.SingleThreadEventExecutor$5.run(SingleThreadEventExecutor.java:1195)
	at io.netty.util.internal.ThreadExecutorMap$2.run(ThreadExecutorMap.java:74)
	at io.netty.util.concurrent.FastThreadLocalRunnable.run(FastThreadLocalRunnable.java:30)
	at java.base/java.lang.Thread.run(Unknown Source)
2026-07-09 16:51:06 [http-nio-80-exec-5] ERROR o.a.c.c.C.[.[.[.[dispatcherServlet] - Servlet.service() for servlet [dispatcherServlet] in context with path [] threw exception [Request processing failed: com.mongodb.MongoQueryException: Command execution failed on MongoDB server with error 11600 (InterruptedAtShutdown): 'interrupted at shutdown' on server mongodb:27017. The full response is {"ok": 0.0, "errmsg": "interrupted at shutdown", "code": 11600, "codeName": "InterruptedAtShutdown", "$clusterTime": {"clusterTime": {"$timestamp": {"t": 1783615861, "i": 1}}, "signature": {"hash": {"$binary": {"base64": "AAAAAAAAAAAAAAAAAAAAAAAAAAA=", "subType": "00"}}, "keyId": 0}}, "operationTime": {"$timestamp": {"t": 1783615861, "i": 1}}}] with root cause
com.mongodb.MongoQueryException: Command execution failed on MongoDB server with error 11600 (InterruptedAtShutdown): 'interrupted at shutdown' on server mongodb:27017. The full response is {"ok": 0.0, "errmsg": "interrupted at shutdown", "code": 11600, "codeName": "InterruptedAtShutdown", "$clusterTime": {"clusterTime": {"$timestamp": {"t": 1783615861, "i": 1}}, "signature": {"hash": {"$binary": {"base64": "AAAAAAAAAAAAAAAAAAAAAAAAAAA=", "subType": "00"}}, "keyId": 0}}, "operationTime": {"$timestamp": {"t": 1783615861, "i": 1}}}
	at com.mongodb.internal.operation.CommandBatchCursorHelper.translateCommandException(CommandBatchCursorHelper.java:82)
	at com.mongodb.internal.operation.AsyncCommandBatchCursor.lambda$executeGetMoreCommand$2(AsyncCommandBatchCursor.java:200)
	at com.mongodb.internal.async.ErrorHandlingResultCallback.onResult(ErrorHandlingResultCallback.java:47)
	at com.mongodb.internal.connection.DefaultServer$DefaultServerProtocolExecutor.lambda$executeAsync$0(DefaultServer.java:243)
	at com.mongodb.internal.async.ErrorHandlingResultCallback.onResult(ErrorHandlingResultCallback.java:47)
	at com.mongodb.internal.connection.CommandProtocolImpl.lambda$executeAsync$0(CommandProtocolImpl.java:69)
	at com.mongodb.internal.connection.UsageTrackingInternalConnection.lambda$sendAndReceiveAsync$1(UsageTrackingInternalConnection.java:139)
	at com.mongodb.internal.async.ErrorHandlingResultCallback.onResult(ErrorHandlingResultCallback.java:47)
	at com.mongodb.internal.async.AsyncSupplier.lambda$finish$0(AsyncSupplier.java:73)
	at com.mongodb.internal.async.SingleResultCallback.completeExceptionally(SingleResultCallback.java:71)
	at com.mongodb.internal.async.AsyncSupplier.lambda$onErrorIf$7(AsyncSupplier.java:187)
	at com.mongodb.internal.async.AsyncSupplier.lambda$finish$0(AsyncSupplier.java:73)
	at com.mongodb.internal.async.AsyncSupplier.lambda$finish$0(AsyncSupplier.java:73)
	at com.mongodb.internal.async.AsyncSupplier.lambda$finish$0(AsyncSupplier.java:73)
	at com.mongodb.internal.connection.InternalStreamConnection.lambda$sendCommandMessageAsync$9(InternalStreamConnection.java:632)
	at com.mongodb.internal.connection.InternalStreamConnection$MessageHeaderCallback$MessageCallback.onResult(InternalStreamConnection.java:941)
	at com.mongodb.internal.connection.InternalStreamConnection$MessageHeaderCallback$MessageCallback.onResult(InternalStreamConnection.java:904)
	at com.mongodb.internal.connection.InternalStreamConnection$2.completed(InternalStreamConnection.java:738)
	at com.mongodb.internal.connection.InternalStreamConnection$2.completed(InternalStreamConnection.java:735)
	at com.mongodb.internal.connection.netty.NettyStream.readAsync(NettyStream.java:334)
	at com.mongodb.internal.connection.netty.NettyStream.readAsync(NettyStream.java:278)
	at com.mongodb.internal.connection.InternalStreamConnection.readAsync(InternalStreamConnection.java:735)
	at com.mongodb.internal.connection.InternalStreamConnection.access$500(InternalStreamConnection.java:103)
	at com.mongodb.internal.connection.InternalStreamConnection$MessageHeaderCallback.onResult(InternalStreamConnection.java:893)
	at com.mongodb.internal.connection.InternalStreamConnection$MessageHeaderCallback.onResult(InternalStreamConnection.java:875)
	at com.mongodb.internal.connection.InternalStreamConnection$2.completed(InternalStreamConnection.java:738)
	at com.mongodb.internal.connection.InternalStreamConnection$2.completed(InternalStreamConnection.java:735)
	at com.mongodb.internal.connection.netty.NettyStream.readAsync(NettyStream.java:334)
	at com.mongodb.internal.connection.netty.NettyStream.handleReadResponse(NettyStream.java:365)
	at com.mongodb.internal.connection.netty.NettyStream.access$900(NettyStream.java:115)
	at com.mongodb.internal.connection.netty.NettyStream$InboundBufferHandler.channelRead0(NettyStream.java:443)
	at com.mongodb.internal.connection.netty.NettyStream$InboundBufferHandler.channelRead0(NettyStream.java:440)
	at io.netty.channel.SimpleChannelInboundHandler.channelRead(SimpleChannelInboundHandler.java:99)
	at io.netty.channel.AbstractChannelHandlerContext.fireChannelRead(AbstractChannelHandlerContext.java:357)
	at io.netty.channel.DefaultChannelPipeline$HeadContext.channelRead(DefaultChannelPipeline.java:1429)
	at io.netty.channel.DefaultChannelPipeline.fireChannelRead(DefaultChannelPipeline.java:918)
	at io.netty.channel.nio.AbstractNioByteChannel$NioByteUnsafe.read(AbstractNioByteChannel.java:176)
	at io.netty.channel.nio.AbstractNioChannel$AbstractNioUnsafe.handle(AbstractNioChannel.java:445)
	at io.netty.channel.nio.NioIoHandler$DefaultNioRegistration.handle(NioIoHandler.java:388)
	at io.netty.channel.nio.NioIoHandler.processSelectedKey(NioIoHandler.java:596)
	at io.netty.channel.nio.NioIoHandler.processSelectedKeysOptimized(NioIoHandler.java:571)
	at io.netty.channel.nio.NioIoHandler.processSelectedKeys(NioIoHandler.java:512)
	at io.netty.channel.nio.NioIoHandler.run(NioIoHandler.java:484)
	at io.netty.channel.SingleThreadIoEventLoop.runIo(SingleThreadIoEventLoop.java:225)
	at io.netty.channel.SingleThreadIoEventLoop.run(SingleThreadIoEventLoop.java:196)
	at io.netty.util.concurrent.SingleThreadEventExecutor$5.run(SingleThreadEventExecutor.java:1195)
	at io.netty.util.internal.ThreadExecutorMap$2.run(ThreadExecutorMap.java:74)
	at io.netty.util.concurrent.FastThreadLocalRunnable.run(FastThreadLocalRunnable.java:30)
	at java.base/java.lang.Thread.run(Unknown Source)
2026-07-09 16:51:06 [http-nio-80-exec-9] ERROR o.a.c.c.C.[.[.[.[dispatcherServlet] - Servlet.service() for servlet [dispatcherServlet] in context with path [] threw exception [Request processing failed: com.mongodb.MongoQueryException: Command execution failed on MongoDB server with error 11600 (InterruptedAtShutdown): 'interrupted at shutdown' on server mongodb:27017. The full response is {"ok": 0.0, "errmsg": "interrupted at shutdown", "code": 11600, "codeName": "InterruptedAtShutdown", "$clusterTime": {"clusterTime": {"$timestamp": {"t": 1783615861, "i": 1}}, "signature": {"hash": {"$binary": {"base64": "AAAAAAAAAAAAAAAAAAAAAAAAAAA=", "subType": "00"}}, "keyId": 0}}, "operationTime": {"$timestamp": {"t": 1783615861, "i": 1}}}] with root cause
com.mongodb.MongoQueryException: Command execution failed on MongoDB server with error 11600 (InterruptedAtShutdown): 'interrupted at shutdown' on server mongodb:27017. The full response is {"ok": 0.0, "errmsg": "interrupted at shutdown", "code": 11600, "codeName": "InterruptedAtShutdown", "$clusterTime": {"clusterTime": {"$timestamp": {"t": 1783615861, "i": 1}}, "signature": {"hash": {"$binary": {"base64": "AAAAAAAAAAAAAAAAAAAAAAAAAAA=", "subType": "00"}}, "keyId": 0}}, "operationTime": {"$timestamp": {"t": 1783615861, "i": 1}}}
	at com.mongodb.internal.operation.CommandBatchCursorHelper.translateCommandException(CommandBatchCursorHelper.java:82)
	at com.mongodb.internal.operation.AsyncCommandBatchCursor.lambda$executeGetMoreCommand$2(AsyncCommandBatchCursor.java:200)
	at com.mongodb.internal.async.ErrorHandlingResultCallback.onResult(ErrorHandlingResultCallback.java:47)
	at com.mongodb.internal.connection.DefaultServer$DefaultServerProtocolExecutor.lambda$executeAsync$0(DefaultServer.java:243)
	at com.mongodb.internal.async.ErrorHandlingResultCallback.onResult(ErrorHandlingResultCallback.java:47)
	at com.mongodb.internal.connection.CommandProtocolImpl.lambda$executeAsync$0(CommandProtocolImpl.java:69)
	at com.mongodb.internal.connection.UsageTrackingInternalConnection.lambda$sendAndReceiveAsync$1(UsageTrackingInternalConnection.java:139)
	at com.mongodb.internal.async.ErrorHandlingResultCallback.onResult(ErrorHandlingResultCallback.java:47)
	at com.mongodb.internal.async.AsyncSupplier.lambda$finish$0(AsyncSupplier.java:73)
	at com.mongodb.internal.async.SingleResultCallback.completeExceptionally(SingleResultCallback.java:71)
	at com.mongodb.internal.async.AsyncSupplier.lambda$onErrorIf$7(AsyncSupplier.java:187)
	at com.mongodb.internal.async.AsyncSupplier.lambda$finish$0(AsyncSupplier.java:73)
	at com.mongodb.internal.async.AsyncSupplier.lambda$finish$0(AsyncSupplier.java:73)
	at com.mongodb.internal.async.AsyncSupplier.lambda$finish$0(AsyncSupplier.java:73)
	at com.mongodb.internal.connection.InternalStreamConnection.lambda$sendCommandMessageAsync$9(InternalStreamConnection.java:632)
	at com.mongodb.internal.connection.InternalStreamConnection$MessageHeaderCallback$MessageCallback.onResult(InternalStreamConnection.java:941)
	at com.mongodb.internal.connection.InternalStreamConnection$MessageHeaderCallback$MessageCallback.onResult(InternalStreamConnection.java:904)
	at com.mongodb.internal.connection.InternalStreamConnection$2.completed(InternalStreamConnection.java:738)
	at com.mongodb.internal.connection.InternalStreamConnection$2.completed(InternalStreamConnection.java:735)
	at com.mongodb.internal.connection.netty.NettyStream.readAsync(NettyStream.java:334)
	at com.mongodb.internal.connection.netty.NettyStream.readAsync(NettyStream.java:278)
	at com.mongodb.internal.connection.InternalStreamConnection.readAsync(InternalStreamConnection.java:735)
	at com.mongodb.internal.connection.InternalStreamConnection.access$500(InternalStreamConnection.java:103)
	at com.mongodb.internal.connection.InternalStreamConnection$MessageHeaderCallback.onResult(InternalStreamConnection.java:893)
	at com.mongodb.internal.connection.InternalStreamConnection$MessageHeaderCallback.onResult(InternalStreamConnection.java:875)
	at com.mongodb.internal.connection.InternalStreamConnection$2.completed(InternalStreamConnection.java:738)
	at com.mongodb.internal.connection.InternalStreamConnection$2.completed(InternalStreamConnection.java:735)
	at com.mongodb.internal.connection.netty.NettyStream.readAsync(NettyStream.java:334)
	at com.mongodb.internal.connection.netty.NettyStream.handleReadResponse(NettyStream.java:365)
	at com.mongodb.internal.connection.netty.NettyStream.access$900(NettyStream.java:115)
	at com.mongodb.internal.connection.netty.NettyStream$InboundBufferHandler.channelRead0(NettyStream.java:443)
	at com.mongodb.internal.connection.netty.NettyStream$InboundBufferHandler.channelRead0(NettyStream.java:440)
	at io.netty.channel.SimpleChannelInboundHandler.channelRead(SimpleChannelInboundHandler.java:99)
	at io.netty.channel.AbstractChannelHandlerContext.fireChannelRead(AbstractChannelHandlerContext.java:357)
	at io.netty.channel.DefaultChannelPipeline$HeadContext.channelRead(DefaultChannelPipeline.java:1429)
	at io.netty.channel.DefaultChannelPipeline.fireChannelRead(DefaultChannelPipeline.java:918)
	at io.netty.channel.nio.AbstractNioByteChannel$NioByteUnsafe.read(AbstractNioByteChannel.java:176)
	at io.netty.channel.nio.AbstractNioChannel$AbstractNioUnsafe.handle(AbstractNioChannel.java:445)
	at io.netty.channel.nio.NioIoHandler$DefaultNioRegistration.handle(NioIoHandler.java:388)
	at io.netty.channel.nio.NioIoHandler.processSelectedKey(NioIoHandler.java:596)
	at io.netty.channel.nio.NioIoHandler.processSelectedKeysOptimized(NioIoHandler.java:571)
	at io.netty.channel.nio.NioIoHandler.processSelectedKeys(NioIoHandler.java:512)
	at io.netty.channel.nio.NioIoHandler.run(NioIoHandler.java:484)
	at io.netty.channel.SingleThreadIoEventLoop.runIo(SingleThreadIoEventLoop.java:225)
	at io.netty.channel.SingleThreadIoEventLoop.run(SingleThreadIoEventLoop.java:196)
	at io.netty.util.concurrent.SingleThreadEventExecutor$5.run(SingleThreadEventExecutor.java:1195)
	at io.netty.util.internal.ThreadExecutorMap$2.run(ThreadExecutorMap.java:74)
	at io.netty.util.concurrent.FastThreadLocalRunnable.run(FastThreadLocalRunnable.java:30)
	at java.base/java.lang.Thread.run(Unknown Source)
2026-07-09 16:51:06 [http-nio-80-exec-8] ERROR o.a.c.c.C.[.[.[.[dispatcherServlet] - Servlet.service() for servlet [dispatcherServlet] in context with path [] threw exception [Request processing failed: com.mongodb.MongoQueryException: Command execution failed on MongoDB server with error 11600 (InterruptedAtShutdown): 'interrupted at shutdown' on server mongodb:27017. The full response is {"ok": 0.0, "errmsg": "interrupted at shutdown", "code": 11600, "codeName": "InterruptedAtShutdown", "$clusterTime": {"clusterTime": {"$timestamp": {"t": 1783615861, "i": 1}}, "signature": {"hash": {"$binary": {"base64": "AAAAAAAAAAAAAAAAAAAAAAAAAAA=", "subType": "00"}}, "keyId": 0}}, "operationTime": {"$timestamp": {"t": 1783615861, "i": 1}}}] with root cause
com.mongodb.MongoQueryException: Command execution failed on MongoDB server with error 11600 (InterruptedAtShutdown): 'interrupted at shutdown' on server mongodb:27017. The full response is {"ok": 0.0, "errmsg": "interrupted at shutdown", "code": 11600, "codeName": "InterruptedAtShutdown", "$clusterTime": {"clusterTime": {"$timestamp": {"t": 1783615861, "i": 1}}, "signature": {"hash": {"$binary": {"base64": "AAAAAAAAAAAAAAAAAAAAAAAAAAA=", "subType": "00"}}, "keyId": 0}}, "operationTime": {"$timestamp": {"t": 1783615861, "i": 1}}}
	at com.mongodb.internal.operation.CommandBatchCursorHelper.translateCommandException(CommandBatchCursorHelper.java:82)
	at com.mongodb.internal.operation.AsyncCommandBatchCursor.lambda$executeGetMoreCommand$2(AsyncCommandBatchCursor.java:200)
	at com.mongodb.internal.async.ErrorHandlingResultCallback.onResult(ErrorHandlingResultCallback.java:47)
	at com.mongodb.internal.connection.DefaultServer$DefaultServerProtocolExecutor.lambda$executeAsync$0(DefaultServer.java:243)
	at com.mongodb.internal.async.ErrorHandlingResultCallback.onResult(ErrorHandlingResultCallback.java:47)
	at com.mongodb.internal.connection.CommandProtocolImpl.lambda$executeAsync$0(CommandProtocolImpl.java:69)
	at com.mongodb.internal.connection.UsageTrackingInternalConnection.lambda$sendAndReceiveAsync$1(UsageTrackingInternalConnection.java:139)
	at com.mongodb.internal.async.ErrorHandlingResultCallback.onResult(ErrorHandlingResultCallback.java:47)
	at com.mongodb.internal.async.AsyncSupplier.lambda$finish$0(AsyncSupplier.java:73)
	at com.mongodb.internal.async.SingleResultCallback.completeExceptionally(SingleResultCallback.java:71)
	at com.mongodb.internal.async.AsyncSupplier.lambda$onErrorIf$7(AsyncSupplier.java:187)
	at com.mongodb.internal.async.AsyncSupplier.lambda$finish$0(AsyncSupplier.java:73)
	at com.mongodb.internal.async.AsyncSupplier.lambda$finish$0(AsyncSupplier.java:73)
	at com.mongodb.internal.async.AsyncSupplier.lambda$finish$0(AsyncSupplier.java:73)
	at com.mongodb.internal.connection.InternalStreamConnection.lambda$sendCommandMessageAsync$9(InternalStreamConnection.java:632)
	at com.mongodb.internal.connection.InternalStreamConnection$MessageHeaderCallback$MessageCallback.onResult(InternalStreamConnection.java:941)
	at com.mongodb.internal.connection.InternalStreamConnection$MessageHeaderCallback$MessageCallback.onResult(InternalStreamConnection.java:904)
	at com.mongodb.internal.connection.InternalStreamConnection$2.completed(InternalStreamConnection.java:738)
	at com.mongodb.internal.connection.InternalStreamConnection$2.completed(InternalStreamConnection.java:735)
	at com.mongodb.internal.connection.netty.NettyStream.readAsync(NettyStream.java:334)
	at com.mongodb.internal.connection.netty.NettyStream.readAsync(NettyStream.java:278)
	at com.mongodb.internal.connection.InternalStreamConnection.readAsync(InternalStreamConnection.java:735)
	at com.mongodb.internal.connection.InternalStreamConnection.access$500(InternalStreamConnection.java:103)
	at com.mongodb.internal.connection.InternalStreamConnection$MessageHeaderCallback.onResult(InternalStreamConnection.java:893)
	at com.mongodb.internal.connection.InternalStreamConnection$MessageHeaderCallback.onResult(InternalStreamConnection.java:875)
	at com.mongodb.internal.connection.InternalStreamConnection$2.completed(InternalStreamConnection.java:738)
	at com.mongodb.internal.connection.InternalStreamConnection$2.completed(InternalStreamConnection.java:735)
	at com.mongodb.internal.connection.netty.NettyStream.readAsync(NettyStream.java:334)
	at com.mongodb.internal.connection.netty.NettyStream.handleReadResponse(NettyStream.java:365)
	at com.mongodb.internal.connection.netty.NettyStream.access$900(NettyStream.java:115)
	at com.mongodb.internal.connection.netty.NettyStream$InboundBufferHandler.channelRead0(NettyStream.java:443)
	at com.mongodb.internal.connection.netty.NettyStream$InboundBufferHandler.channelRead0(NettyStream.java:440)
	at io.netty.channel.SimpleChannelInboundHandler.channelRead(SimpleChannelInboundHandler.java:99)
	at io.netty.channel.AbstractChannelHandlerContext.fireChannelRead(AbstractChannelHandlerContext.java:357)
	at io.netty.channel.DefaultChannelPipeline$HeadContext.channelRead(DefaultChannelPipeline.java:1429)
	at io.netty.channel.DefaultChannelPipeline.fireChannelRead(DefaultChannelPipeline.java:918)
	at io.netty.channel.nio.AbstractNioByteChannel$NioByteUnsafe.read(AbstractNioByteChannel.java:176)
	at io.netty.channel.nio.AbstractNioChannel$AbstractNioUnsafe.handle(AbstractNioChannel.java:445)
	at io.netty.channel.nio.NioIoHandler$DefaultNioRegistration.handle(NioIoHandler.java:388)
	at io.netty.channel.nio.NioIoHandler.processSelectedKey(NioIoHandler.java:596)
	at io.netty.channel.nio.NioIoHandler.processSelectedKeysOptimized(NioIoHandler.java:571)
	at io.netty.channel.nio.NioIoHandler.processSelectedKeys(NioIoHandler.java:512)
	at io.netty.channel.nio.NioIoHandler.run(NioIoHandler.java:484)
	at io.netty.channel.SingleThreadIoEventLoop.runIo(SingleThreadIoEventLoop.java:225)
	at io.netty.channel.SingleThreadIoEventLoop.run(SingleThreadIoEventLoop.java:196)
	at io.netty.util.concurrent.SingleThreadEventExecutor$5.run(SingleThreadEventExecutor.java:1195)
	at io.netty.util.internal.ThreadExecutorMap$2.run(ThreadExecutorMap.java:74)
	at io.netty.util.concurrent.FastThreadLocalRunnable.run(FastThreadLocalRunnable.java:30)
	at java.base/java.lang.Thread.run(Unknown Source)
2026-07-09 16:51:20 [cluster-ClusterId{value='6a4fd15e393ec95f57f5506f', description='null'}-mongodb:27017] INFO  org.mongodb.driver.cluster - Exception in monitor thread while connecting to server mongodb:27017
com.mongodb.MongoSocketException: mongodb: No address associated with hostname
	at com.mongodb.internal.connection.ServerAddressHelper.getSocketAddresses(ServerAddressHelper.java:75)
	at com.mongodb.internal.connection.netty.NettyStream.openAsync(NettyStream.java:175)
	at com.mongodb.internal.connection.netty.NettyStream.open(NettyStream.java:166)
	at com.mongodb.internal.connection.InternalStreamConnection.open(InternalStreamConnection.java:233)
	at com.mongodb.internal.connection.DefaultServerMonitor$ServerMonitor.setupNewConnectionAndGetInitialDescription(DefaultServerMonitor.java:282)
	at com.mongodb.internal.connection.DefaultServerMonitor$ServerMonitor.lookupServerDescription(DefaultServerMonitor.java:253)
	at com.mongodb.internal.connection.DefaultServerMonitor$ServerMonitor.run(DefaultServerMonitor.java:203)
Caused by: java.net.UnknownHostException: mongodb: No address associated with hostname
	at java.base/java.net.Inet6AddressImpl.lookupAllHostAddr(Native Method)
	at java.base/java.net.InetAddress$PlatformNameService.lookupAllHostAddr(Unknown Source)
	at java.base/java.net.InetAddress.getAddressesFromNameService(Unknown Source)
	at java.base/java.net.InetAddress$NameServiceAddresses.get(Unknown Source)
	at java.base/java.net.InetAddress.getAllByName0(Unknown Source)
	at java.base/java.net.InetAddress.getAllByName(Unknown Source)
	at java.base/java.net.InetAddress.getAllByName(Unknown Source)
	at com.mongodb.internal.connection.DefaultInetAddressResolver.lookupByName(DefaultInetAddressResolver.java:34)
	at com.mongodb.internal.connection.ServerAddressHelper.getSocketAddresses(ServerAddressHelper.java:71)
	... 6 common frames omitted
2026-07-09 16:51:20 [cluster-ClusterId{value='6a4fd15e393ec95f57f5506e', description='null'}-mongodb:27017] INFO  org.mongodb.driver.cluster - Exception in monitor thread while connecting to server mongodb:27017
com.mongodb.MongoSocketException: mongodb
	at com.mongodb.internal.connection.ServerAddressHelper.getSocketAddresses(ServerAddressHelper.java:75)
	at com.mongodb.internal.connection.netty.NettyStream.openAsync(NettyStream.java:175)
	at com.mongodb.internal.connection.netty.NettyStream.open(NettyStream.java:166)
	at com.mongodb.internal.connection.InternalStreamConnection.open(InternalStreamConnection.java:233)
	at com.mongodb.internal.connection.DefaultServerMonitor$ServerMonitor.setupNewConnectionAndGetInitialDescription(DefaultServerMonitor.java:282)
	at com.mongodb.internal.connection.DefaultServerMonitor$ServerMonitor.lookupServerDescription(DefaultServerMonitor.java:253)
	at com.mongodb.internal.connection.DefaultServerMonitor$ServerMonitor.run(DefaultServerMonitor.java:203)
Caused by: java.net.UnknownHostException: mongodb
	at java.base/java.net.InetAddress$CachedAddresses.get(Unknown Source)
	at java.base/java.net.InetAddress$NameServiceAddresses.get(Unknown Source)
	at java.base/java.net.InetAddress.getAllByName0(Unknown Source)
	at java.base/java.net.InetAddress.getAllByName(Unknown Source)
	at java.base/java.net.InetAddress.getAllByName(Unknown Source)
	at com.mongodb.internal.connection.DefaultInetAddressResolver.lookupByName(DefaultInetAddressResolver.java:34)
	at com.mongodb.internal.connection.ServerAddressHelper.getSocketAddresses(ServerAddressHelper.java:71)
	... 6 common frames omitted
2026-07-09 16:51:28 [cluster-ClusterId{value='6a4fd15e393ec95f57f5506f', description='null'}-mongodb:27017] INFO  org.mongodb.driver.cluster - Monitor thread successfully connected to server with description ServerDescription{address=mongodb:27017, type=REPLICA_SET_PRIMARY, cryptd=false, state=CONNECTED, ok=true, minWireVersion=0, maxWireVersion=21, maxDocumentSize=16777216, logicalSessionTimeoutMinutes=30, roundTripTimeNanos=21040528, minRoundTripTimeNanos=0, setName='rs0', canonicalAddress=mongodb:27017, hosts=[mongodb:27017], passives=[], arbiters=[], primary='mongodb:27017', tagSet=TagSet{[]}, electionId=7fffffff0000000000000042, setVersion=1, topologyVersion=TopologyVersion{processId=6a4fd18a4c658bfd7f7dc48c, counter=6}, lastWriteDate=Thu Jul 09 16:51:28 UTC 2026, lastUpdateTimeNanos=7686885464466}
2026-07-09 16:51:28 [cluster-ClusterId{value='6a4fd15e393ec95f57f5506e', description='null'}-mongodb:27017] INFO  org.mongodb.driver.cluster - Monitor thread successfully connected to server with description ServerDescription{address=mongodb:27017, type=REPLICA_SET_PRIMARY, cryptd=false, state=CONNECTED, ok=true, minWireVersion=0, maxWireVersion=21, maxDocumentSize=16777216, logicalSessionTimeoutMinutes=30, roundTripTimeNanos=15334867, minRoundTripTimeNanos=0, setName='rs0', canonicalAddress=mongodb:27017, hosts=[mongodb:27017], passives=[], arbiters=[], primary='mongodb:27017', tagSet=TagSet{[]}, electionId=7fffffff0000000000000042, setVersion=1, topologyVersion=TopologyVersion{processId=6a4fd18a4c658bfd7f7dc48c, counter=6}, lastWriteDate=Thu Jul 09 16:51:28 UTC 2026, lastUpdateTimeNanos=7686888442644}
2026-07-09 19:01:44 [SpringApplicationShutdownHook] INFO  o.s.boot.tomcat.GracefulShutdown - Commencing graceful shutdown. Waiting for active requests to complete
2026-07-09 19:01:44 [tomcat-shutdown] INFO  o.s.boot.tomcat.GracefulShutdown - Graceful shutdown complete
